method,image_index,global_mse,global_psnr,global_ssim,global_ms_ssim,global_dists,global_gmsd,full_lpips,patch_ssim_mean,patch_ssim_median,patch_ssim_p10,patch_ssim_bottom10_mean,patch_ssim_min,ssim_tail_gap,patch_lpips_top10_mean,patch_lpips_max,patch_mse_top25,patch_mse_p95,top25_local_psnr,gini,cv,top10_over_mean,top10_energy_share
TrustMark Q,0,3.5926190321333706e-05,44.44588833731721,0.9920916557312012,0.9963371157646179,nan,nan,0.0003303085104562342,0.9913516640663147,0.9930860996246338,0.9835354089736938,0.9827181696891785,0.9825801849365234,0.010367929935455322,7.377355359494686e-05,7.39116730983369e-05,7.098005880834535e-05,7.762689165247139e-05,41.48863645166937,0.3581241673717517,0.656965115697173,2.2233678717401797,0.27792098396752246
TrustMark Q,1,6.696174386888742e-05,41.74173244638854,0.9912828207015991,0.9955190420150757,nan,nan,0.0007404687930829823,0.9905238747596741,0.9932616949081421,0.9790118038654327,0.9729498624801636,0.9706935882568359,0.020311832427978516,0.0004029736155644059,0.0004053259617649019,0.00011023905972251669,0.000112893532786984,39.57664499709526,0.2828481487316213,0.4997133887704336,1.8019129061449337,0.22523911326811671
TrustMark Q,2,7.854050636524335e-05,41.04906303079325,0.9946624636650085,0.9975513219833374,nan,nan,0.001077567576430738,0.9930477142333984,0.9929845333099365,0.9889150857925415,0.9871126413345337,0.9854602217674255,0.005871891975402832,0.00030818721279501915,0.0003290867025498301,0.00014448445290327072,0.00014850434672553092,38.4017888219171,0.33884209759220685,0.6362578187658015,2.1180126969164044,0.26475158711455055
TrustMark Q,3,5.30764227733016e-05,42.750983552531174,0.9896208643913269,0.9946813583374023,nan,nan,0.0009602683130651712,0.9900699853897095,0.9932311773300171,0.981092780828476,0.9750141501426697,0.9698211550712585,0.018217027187347412,0.0004728655912913382,0.0005981465801596642,9.84247017186135e-05,9.948973820428364e-05,40.06895892688675,0.3472983566864938,0.6333092439183933,2.07250719889893,0.25906339986236626
TrustMark Q,4,4.922861626255326e-05,43.077823713770165,0.9916975498199463,0.99535071849823,nan,nan,0.0014445604756474495,0.990821361541748,0.9915345907211304,0.9833589792251587,0.9806470274925232,0.978912353515625,0.010887563228607178,0.00037453541881404817,0.00037861906457692385,9.741221583681181e-05,0.00010151845890504774,40.11386577640322,0.3550781891367483,0.6434582156654031,2.162247481838129,0.27028093522976615
TrustMark Q,5,8.0908699601423e-05,40.920047789345375,0.9882911443710327,0.9946534037590027,nan,nan,0.001203333493322134,0.9862393140792847,0.9908179044723511,0.9742533266544342,0.957075834274292,0.9443298578262329,0.03374207019805908,0.0003983358619734645,0.0004547627177089453,0.00017287897935602814,0.00017564358131494373,37.622578101076556,0.390401838750227,0.8151946748888126,2.6474961453767953,0.3309370181720994
TrustMark Q,6,6.342650158330798e-05,41.977292423305066,0.9857548475265503,0.9935550689697266,nan,nan,0.000731488864403218,0.9835848808288574,0.9825145602226257,0.9761419892311096,0.9709425568580627,0.9666045904159546,0.011572003364562988,0.0002594459801912308,0.00031153365853242576,0.00011438284127507359,0.00011727260061888956,39.41639119760318,0.29919147893949416,0.5338417159299582,1.8704208661515673,0.23380260826894592
TrustMark Q,7,5.197601785766892e-05,42.841969970298635,0.9844228029251099,0.9923412203788757,nan,nan,0.0004387285152915865,0.9838159084320068,0.9854899644851685,0.9733719229698181,0.9595815539360046,0.9484930038452148,0.02590841054916382,0.0002119964628946036,0.0002876301296055317,9.722822869662195e-05,0.0001092991642508423,40.1220762615073,0.3142833299007397,0.5828918126632637,2.21472295688572,0.276840369610715
TrustMark Q,8,3.968607779825106e-05,44.013618205876035,0.9955761432647705,0.9975275993347168,nan,nan,0.000678779324516654,0.9948322772979736,0.994958221912384,0.9919307827949524,0.987566351890564,0.9838161468505859,0.007391870021820068,0.00035512715112417936,0.00040050415555015206,7.275096868397668e-05,7.453564649040345e-05,41.381612196437054,0.32546208342563365,0.5791776207731805,1.9665564194454606,0.24581955243068257
TrustMark Q,9,0.00010061611101264134,39.97332472921525,0.9892751574516296,0.9935492277145386,nan,nan,0.0014609175268560648,0.9895333051681519,0.9926235675811768,0.9813379645347595,0.9802500009536743,0.9796375632286072,0.012373566627502441,0.0004509005229920149,0.0005100096459500492,0.00018759313388727605,0.0002097375509038102,37.26783061316433,0.3192518153378466,0.5838557278411405,2.0905279079734376,0.2613159884966797
TrustMark Q,10,4.055650424561463e-05,43.919394859298386,0.9901866316795349,0.9948360323905945,nan,nan,0.000841807690449059,0.9895815253257751,0.9910309910774231,0.9821005761623383,0.9790847301483154,0.9777049422264099,0.011946260929107666,0.00035694672260433435,0.0003614469023887068,6.490517989732325e-05,7.106266821210738e-05,41.87720642012345,0.25178449863032276,0.4474217008680052,1.7991252568763296,0.2248906571095412
TrustMark Q,11,5.124638482811861e-05,42.903367664590846,0.9914861917495728,0.9954923987388611,nan,nan,0.000652174698188901,0.9910978674888611,0.9917881488800049,0.9865982532501221,0.9805241823196411,0.9752874374389648,0.01126396656036377,0.0002464586868882179,0.00025487973471172154,9.724326082505286e-05,0.00010632805606292095,40.12140486535994,0.3606747918503273,0.6511965583645228,2.2279885634458516,0.27849857043073145
TrustMark Q,12,5.7677330914884806e-05,42.38994845302459,0.991878867149353,0.9957678318023682,nan,nan,0.0011314372532069683,0.9910305142402649,0.9928190112113953,0.9840762913227081,0.9740691184997559,0.9667468070983887,0.018749892711639404,0.0012915083207190037,0.0012917649000883102,0.00011804730456788093,0.00014332680075312965,39.279439249313796,0.3696760057000583,0.7420205732514569,2.698881930438253,0.33736024130478165
TrustMark Q,13,6.470305379480124e-05,41.89075221418888,0.9949134588241577,0.9955812692642212,nan,nan,0.0014031308237463236,0.9947124123573303,0.9961236119270325,0.9898718297481537,0.9881304502487183,0.9866480827331543,0.007993161678314209,0.00044232766958884895,0.000570053409319371,0.00010671978816390038,0.00010932919940387364,39.71755045490311,0.27783150536288975,0.49087626782638827,1.7974254929169058,0.22467818661461322
TrustMark Q,14,3.1922882044455037e-05,44.95897906810623,0.9904665946960449,0.9941306114196777,nan,nan,0.0008047553128562868,0.9910575747489929,0.9914309978485107,0.9848607182502747,0.982383131980896,0.9811336398124695,0.009047865867614746,0.00047149905003607273,0.0004733833484351635,5.9977937780786306e-05,6.860593202873133e-05,42.22008470650878,0.3277064747529763,0.5994827281005762,2.1731860946784893,0.27164826183481117
TrustMark Q,15,9.391765343025327e-05,40.27252766980443,0.9894924163818359,0.9952332973480225,nan,nan,0.0006358550162985921,0.9874560832977295,0.9921602010726929,0.965110182762146,0.9579320549964905,0.9551165103912354,0.03422814607620239,0.0002513409999664873,0.0002636555000208318,0.00018720515072345734,0.00025357458798680454,37.27682206345767,0.35679264525120746,0.7194236194205407,2.716291468613806,0.33953643357672575
TrustMark Q,16,4.95931162731722e-05,43.045786011720715,0.9913750886917114,0.9951620101928711,nan,nan,0.0013765887124463916,0.990628182888031,0.9915973544120789,0.9861263930797577,0.9777517914772034,0.9702857732772827,0.013845562934875488,0.00030529010109603405,0.00033748429268598557,9.969372331397608e-05,0.00010411034418211784,40.013321838740495,0.3854014912740005,0.7336246873310862,2.4185483261450433,0.3023185407681304
TrustMark Q,17,3.1978888728190213e-05,44.9513663213451,0.9936596155166626,0.9959172010421753,nan,nan,0.0009833468357101083,0.9938697814941406,0.9960319995880127,0.9885944724082947,0.984130322933197,0.9820163249969482,0.011901676654815674,0.0002598771243356168,0.0002599287254270166,6.773362110834569e-05,7.383228239632444e-05,41.69195705947824,0.40644688421968433,0.8310559135960168,2.749686853965244,0.3437108567456555
TrustMark Q,18,0.00010189828026341274,39.91833145516759,0.9898871183395386,0.9939443469047546,nan,nan,0.001958075910806656,0.9898638129234314,0.991462230682373,0.9821600019931793,0.972149133682251,0.9629197120666504,0.01931309700012207,0.00031478930031880736,0.00032206415198743343,0.0002323250228073448,0.0002558874257374555,36.33904011543306,0.4296517500882728,0.8022265171289398,2.557986558098877,0.3197483197623596
TrustMark Q,19,0.00013995174958836287,38.540216678886225,0.9915766716003418,0.9950895309448242,nan,nan,0.0008381298976019025,0.990802526473999,0.9929046630859375,0.9831774532794952,0.9807026386260986,0.9799336194992065,0.012202024459838867,0.00034306111047044396,0.00036252292920835316,0.0002768141566775739,0.0003017006383743137,35.57811703197445,0.34947679780295804,0.6402178068406277,2.2400129819238317,0.28000162274047896
TrustMark Q,20,6.205076351761818e-05,42.072528702579454,0.9879041910171509,0.9942598342895508,nan,nan,0.001035461202263832,0.9869288802146912,0.9890041351318359,0.974689245223999,0.9650530815124512,0.9629018306732178,0.023951053619384766,0.0004969473811797798,0.0005999786662869155,0.00011304997315164655,0.00012966017675353214,39.46729536459649,0.3257550305199985,0.584686356849496,2.124555641240413,0.26556945515505165
TrustMark Q,21,0.00010734647366916761,39.69212217563792,0.9923926591873169,0.996586263179779,nan,nan,0.0009556603617966175,0.9905561208724976,0.9907582998275757,0.98467156291008,0.9831219911575317,0.9829620122909546,0.007636308670043945,0.00019892776617780328,0.00022838640143163502,0.0001823917991714552,0.00018848420222639106,37.38994692623018,0.29257526095698705,0.5142408291775393,1.7671346860487387,0.22089183575609234
TrustMark Q,22,6.451689841924235e-05,41.90326519023087,0.9846796989440918,0.9919941425323486,nan,nan,0.0008072133641690016,0.9837177991867065,0.9882979989051819,0.9698845148086548,0.9654215574264526,0.9610070586204529,0.022876441478729248,0.00042215772555209696,0.0004322658642195165,0.00015122890181373805,0.00018872824148274958,38.2036520156807,0.45141349493568966,0.8750604266963995,2.961547684061123,0.37019346050764035
TrustMark Q,23,5.643549593514763e-05,42.48447654176484,0.9880983233451843,0.9933096766471863,nan,nan,0.0009063126053661108,0.9888638257980347,0.9897714853286743,0.9839085042476654,0.9795181751251221,0.9754793643951416,0.010253310203552246,0.00018045888282358646,0.00018508349603507668,0.00010555209883023053,0.00012395947305776644,39.76533126626101,0.32810436789355985,0.6021412251815579,2.249592359954512,0.281199044994314
TrustMark Q,24,2.81445372820599e-05,45.506058870819444,0.9936425685882568,0.9970425367355347,nan,nan,0.0007407366647385061,0.9937295317649841,0.9943365454673767,0.9909933805465698,0.9904005527496338,0.9901196360588074,0.00393599271774292,0.0003571971319615841,0.000542494177352637,4.996576171834022e-05,5.483668701344868e-05,43.01327487467585,0.25232413983656216,0.4994827300988382,2.0078042153795437,0.25097552692244296
TrustMark Q,25,4.742266901303083e-05,43.24014006979259,0.9908292293548584,0.9956923723220825,nan,nan,0.0005787845002487302,0.9905835390090942,0.992787778377533,0.9825569093227386,0.9749757647514343,0.9691635370254517,0.017812013626098633,0.0007956810877658427,0.0011877104407176375,0.000110147702798713,0.00011754044862755109,39.5802455590991,0.41890190890207485,0.8048211388353907,2.5254935041215862,0.3156866880151983
TrustMark Q,26,4.15962167608086e-05,43.809461673208716,0.9909180402755737,0.9922009706497192,nan,nan,0.0019891357515007257,0.9910824298858643,0.9939459562301636,0.9813233017921448,0.9754631519317627,0.9729127883911133,0.01848280429840088,0.0005348761333152652,0.0005945094744674861,8.789314597379416e-05,0.00010618664236972108,40.56044990475935,0.4081234364553303,0.7694629072400583,2.6723632599643405,0.33404540749554257
TrustMark Q,27,4.6270015445770696e-05,43.347003555247014,0.9944614171981812,0.996330976486206,nan,nan,0.0004351733368821442,0.9937588572502136,0.9940364360809326,0.9899183213710785,0.9890105724334717,0.9888169169425964,0.0050258636474609375,0.00026315805735066533,0.0002684560895431787,0.0001017349713947624,0.00010889741315622814,39.92529732691285,0.42564273513040957,0.8120934199861651,2.6104782733951057,0.3263097841743882
TrustMark Q,28,5.210305971559137e-05,42.831367723131464,0.9892770051956177,0.9932173490524292,nan,nan,0.0010510457213968039,0.9899004697799683,0.9928887486457825,0.9767098426818848,0.9745740294456482,0.9742273092269897,0.018314719200134277,0.00035612485953606665,0.0003715380444191396,0.00010957327322103083,0.00012450518624973483,39.60295364721339,0.36014016967696844,0.6854391523750398,2.3993707643391082,0.29992134554238853
TrustMark Q,29,4.0519898902857676e-05,43.92331646875079,0.992240309715271,0.996353268623352,nan,nan,0.0005804362008348107,0.9914730787277222,0.9927016496658325,0.9839953780174255,0.9818508625030518,0.9799222350120544,0.010850787162780762,0.0004559752414934337,0.0006521992618218064,6.797390233259648e-05,7.040936543489806e-05,41.67657796829765,0.306503175853472,0.5420800436075215,1.7391008319220875,0.21738760399026094
TrustMark Q,30,6.030739677953534e-05,42.19629417817947,0.9929558038711548,0.9964717626571655,nan,nan,0.001002871198579669,0.9918614625930786,0.9949739575386047,0.982656329870224,0.9740626811981201,0.9668493270874023,0.02091127634048462,0.0007158221560530365,0.001039022346958518,0.00012818962568417192,0.00014915513020241633,38.92147120608363,0.39229093215180283,0.8345063121835783,2.864616673592639,0.35807708419907985
TrustMark Q,31,5.8916961279464886e-05,42.297596605665504,0.9949320554733276,0.9969233274459839,nan,nan,0.0007419077446684241,0.9941356182098389,0.9938716888427734,0.9895822703838348,0.9890352487564087,0.988726019859314,0.004836440086364746,0.0003674421168398112,0.00045832054456695914,0.00010960579675156623,0.00012036262523906771,39.601664765939375,0.31307154773236934,0.5666366510618435,2.065202712121944,0.258150339015243
TrustMark Q,32,5.5075721320463344e-05,42.590398062344704,0.992112398147583,0.9952774047851562,nan,nan,0.0009607790852896869,0.9918097257614136,0.9920710325241089,0.9859739243984222,0.9837121367454529,0.9820889234542847,0.008358895778656006,0.00030140214948914945,0.00037783588049933314,0.00011269329115748405,0.0001188420174003113,39.481019375475874,0.38775509088259835,0.6939040424558177,2.197014162497308,0.2746267703121635
TrustMark Q,33,3.217474659322761e-05,44.9248486489277,0.9887708425521851,0.9927462339401245,nan,nan,0.0008546315366402268,0.9885743856430054,0.991705060005188,0.9791589379310608,0.9724822044372559,0.9659045934677124,0.01922285556793213,0.0002174163528252393,0.00022114376770332456,5.945729571976699e-05,6.215557277755579e-05,42.257948475813166,0.3198966234871602,0.641870198554857,2.282513335954906,0.28531416699436324
TrustMark Q,34,6.843447044957429e-05,41.64725088994382,0.9936944246292114,0.9968929290771484,nan,nan,0.0009363646386191249,0.9925774931907654,0.992397129535675,0.9880684614181519,0.9866429567337036,0.986128032207489,0.0057541728019714355,0.00043523809290491045,0.0004723815945908427,0.0001198194659082219,0.0001385447321808897,39.21472620596339,0.25994004514961466,0.5055750534557857,2.127430131235114,0.2659287664043892
TrustMark Q,35,3.682634633150883e-05,44.33841366857174,0.9928568601608276,0.9957200884819031,nan,nan,0.0005428521544672549,0.9927623867988586,0.993492841720581,0.9859689474105835,0.9839276075363159,0.9831994771957397,0.009565234184265137,0.00013063830556347966,0.00013109241263009608,8.165430335793644e-05,9.066150596481748e-05,40.8802092206808,0.4438179455866932,0.8523623991902235,2.7655840395663875,0.34569800494579844
TrustMark Q,36,5.399659858085215e-05,42.67633596919492,0.9895237684249878,0.9942588806152344,nan,nan,0.001111028017476201,0.9889819622039795,0.9908202886581421,0.9796938896179199,0.9766362905502319,0.975413978099823,0.014183998107910156,0.000520803383551538,0.000560458458494395,0.00010220929107163101,0.0001043894408212509,39.90509623988621,0.33026939714388037,0.602296199262327,2.0495657499772086,0.2561957187471511
TrustMark Q,37,6.609694537473843e-05,41.798186106739514,0.987010657787323,0.9925098419189453,nan,nan,0.0009001684375107288,0.9856138229370117,0.9887403249740601,0.9730950891971588,0.9703789949417114,0.9681762456893921,0.018361330032348633,0.0002599007566459477,0.00028525819652713835,0.00011062953853979707,0.00012376550876069814,39.56128899142858,0.2599001446352676,0.4643851644960374,1.8777863138010724,0.23472328922513405
TrustMark Q,38,9.179098560707644e-05,40.37199966874256,0.9909335374832153,0.9950753450393677,nan,nan,0.0007183300331234932,0.9902349710464478,0.9919819235801697,0.9821519553661346,0.9764589071273804,0.9759578704833984,0.015523016452789307,0.00022038200404495,0.00024794047931209207,0.00015916855772957206,0.00016349881116184406,37.98142718967608,0.29225321628887346,0.5170165976883404,1.866613882395312,0.233326735299414
TrustMark Q,39,2.7535357730812393e-05,45.601092769270736,0.9838390350341797,0.9937477111816406,nan,nan,0.0013892692513763905,0.9828611612319946,0.9853560328483582,0.9721656441688538,0.9608633518218994,0.9564580917358398,0.02449268102645874,0.00031955091981217265,0.00045907500316388905,4.7715519031044096e-05,5.235866592556704e-05,43.21340347723104,0.3140126820030717,0.5933085987355691,2.159489036787198,0.26993612959839974
TrustMark Q,40,0.00011499266838654876,39.39329848174799,0.9919461011886597,0.9960818290710449,nan,nan,0.0020300450269132853,0.9895249009132385,0.9921640753746033,0.978579580783844,0.9686731696128845,0.961193323135376,0.02349090576171875,0.001224986044690013,0.0014198176795616746,0.0002499427064321935,0.00035561248660087585,36.0215953185585,0.40325848496910965,0.9292005185046127,3.3366619576813137,0.4170827447101642
TrustMark Q,41,4.0656625060364604e-05,43.908686753412155,0.9925234317779541,0.9947787523269653,nan,nan,0.0005832365714013577,0.9930962920188904,0.9946249723434448,0.9870362877845764,0.9857964515686035,0.9852855205535889,0.008828520774841309,0.00016468981630168855,0.0001960613881237805,9.908423089655116e-05,0.00011852161878778134,40.039954573163634,0.4970491778538016,0.9613959842809376,3.0104276332091993,0.3763034541511499
TrustMark Q,42,4.448596519068815e-05,43.51776982314049,0.9889876246452332,0.994408130645752,nan,nan,0.0010250282939523458,0.9881758689880371,0.9908620715141296,0.9745392203330994,0.9638170003890991,0.9622013568878174,0.027045071125030518,0.0005612525856122375,0.0007747047347947955,9.839590347837657e-05,0.00010619789463817142,40.07022982196404,0.3942385429923719,0.768975672542442,2.5733215434508763,0.32166519293135953
TrustMark Q,43,2.165570913348347e-05,46.6442759038178,0.9948232173919678,0.9963067770004272,nan,nan,0.0006844423478469253,0.9946268796920776,0.9973822832107544,0.9896293580532074,0.9839880466461182,0.9787431955337524,0.01339423656463623,0.0002082843129755929,0.00024944025790318847,5.5646407417953014e-05,6.3847627643554e-05,42.54562868866073,0.5221992633716357,1.0296793402015387,3.1004130020732723,0.38755162525915904
TrustMark Q,44,4.766797064803541e-05,43.21773336747601,0.9852961897850037,0.9957837462425232,nan,nan,0.00057805614778772,0.9833498001098633,0.9815713167190552,0.973804235458374,0.9719102382659912,0.971393346786499,0.009661078453063965,0.0001950682926690206,0.0002986287581734359,0.00010070996358990669,0.00011917867777810898,39.969275610445926,0.3868705369907204,0.7393262006373311,2.60076668863597,0.32509583607949627
TrustMark Q,45,4.3892126996070147e-05,43.57613372896794,0.9920195937156677,0.9956137537956238,nan,nan,0.001340082148090005,0.9916519522666931,0.992494523525238,0.9857407212257385,0.9809216260910034,0.9783897399902344,0.01157289743423462,0.0003967389347963035,0.00039715561433695257,8.927231101552024e-05,0.00011188105418113992,40.49283222386474,0.37752431847331275,0.7137252676687574,2.570898939210488,0.321362367401311
TrustMark Q,46,7.28589147911407e-05,41.37517301715146,0.9963151812553406,0.9956297278404236,nan,nan,0.0006894760299474001,0.9965405464172363,0.9973866939544678,0.9932935237884521,0.9912309646606445,0.989759087562561,0.006155729293823242,0.000265044451225549,0.00028477946761995554,0.00014358961198013276,0.00015853528384468518,38.42876978080442,0.35589852839823577,0.6555797507869862,2.3188026459936832,0.2898503307492104
TrustMark Q,47,3.8225862226681784e-05,44.17642709811866,0.9927127361297607,0.9956822395324707,nan,nan,0.0006859356071799994,0.9924192428588867,0.9930837154388428,0.9872530400753021,0.9863400459289551,0.9858145713806152,0.006743669509887695,0.001045707962475717,0.001416127081029117,8.230384264606982e-05,8.830488150124438e-05,40.84579887740031,0.41464223021281305,0.8077835764764867,2.652609998760284,0.3315762498450355
TrustMark Q,48,7.827550143701956e-05,41.063741415886184,0.9936926364898682,0.9963650703430176,nan,nan,0.0008634096593596041,0.9923134446144104,0.9941216707229614,0.988334983587265,0.9768370389938354,0.9663140177726746,0.017284631729125977,0.00034047558438032866,0.0004126618441659957,0.00015436147805303335,0.00018647928663995117,38.11461071593236,0.3538807054427165,0.7188759221571889,2.6399869173035513,0.3299983646629439
TrustMark Q,49,6.43892417429015e-05,41.911866891929,0.9923387765884399,0.9954874515533447,nan,nan,0.0018278378993272781,0.9914162158966064,0.9928109645843506,0.9852177500724792,0.9790688753128052,0.974834144115448,0.01374208927154541,0.00045368814608082175,0.0005264754872769117,0.0001239182020071894,0.00016303327720379457,39.068648966047334,0.33510259077313587,0.6669277520792923,2.5829977195802085,0.32287471494752606
TrustMark P,0,1.5198791516013443e-05,48.18190942238892,0.9963496923446655,0.9979914426803589,nan,nan,0.0001114966144086793,0.9964025020599365,0.9966962933540344,0.9941217303276062,0.9937101602554321,0.9936254024505615,0.002986133098602295,7.265856402227655e-05,8.942050044424832e-05,2.6782567147165537e-05,2.9129168979125097e-05,45.72147797584867,0.3180762174623868,0.5591057422296354,1.9629043041105145,0.24536303801381432
TrustMark P,1,1.22498968266882e-05,49.118675690781174,0.9990631937980652,0.9996129274368286,nan,nan,0.0002208458899985999,0.999038815498352,0.9993816018104553,0.9983575642108917,0.996993899345398,0.9959158897399902,0.002387702465057373,0.0002449675521347672,0.0003238472854718566,1.796309334167745e-05,1.93735600078071e-05,47.45618873373485,0.18668584624411105,0.3358014499347995,1.6473232681884422,0.20591540852355528
TrustMark P,2,1.4801748875470366e-05,48.296869682473236,0.9993174076080322,0.9997236132621765,nan,nan,0.0003700345114339143,0.999164342880249,0.9993454217910767,0.9985378980636597,0.998254120349884,0.9979718923568726,0.001091301441192627,0.00019868146046064794,0.00022727409668732435,2.188411235692911e-05,2.305178122696816e-05,46.59871064143652,0.18964553147836388,0.33941659495676746,1.6276317615393145,0.20345397019241432
TrustMark P,3,1.301645261264639e-05,48.85507358368895,0.9983725547790527,0.9993863105773926,nan,nan,0.0004173723282292485,0.9983365535736084,0.99852055311203,0.9970711767673492,0.9966775178909302,0.9966027736663818,0.0018430352210998535,0.00030904251616448164,0.0003285738348495215,1.597943264641799e-05,1.664148703639512e-05,47.96438644477854,0.10965218321389687,0.1933093441973772,1.2893610827508024,0.1611701353438503
TrustMark P,4,1.1790899407060351e-05,49.28453065759433,0.9986265897750854,0.9993562698364258,nan,nan,0.0004608591552823782,0.9984790086746216,0.9986652731895447,0.9971553683280945,0.9970340132713318,0.9969479441642761,0.0016312599182128906,0.0002726541424635798,0.00035038823261857033,1.578294177306816e-05,1.631108580113505e-05,48.01812045693268,0.15712651233978175,0.2774068624362725,1.408093483977586,0.17601168549719826
TrustMark P,5,1.4753877621842548e-05,48.310938231806695,0.9985978007316589,0.9994616508483887,nan,nan,0.0003802235587500036,0.9984005689620972,0.9988052248954773,0.9972603023052216,0.9959632158279419,0.9950723648071289,0.0028420090675354004,0.00030465004965662956,0.0004341434105299413,2.1108167857164517e-05,2.1836554878973402e-05,46.755494608683065,0.18412815677922428,0.32587733939855146,1.4814125121883355,0.18517656402354193
TrustMark P,6,2.1762398318969645e-05,46.62293245035488,0.9932037591934204,0.997604489326477,nan,nan,0.0002562164736445993,0.992396354675293,0.9937713742256165,0.9852978885173798,0.9847221970558167,0.9843725562095642,0.009049177169799805,0.00015529751544818282,0.0001842027995735407,3.743927663890645e-05,3.995358383690473e-05,44.266725508197815,0.2924475305489354,0.5123586178014937,1.8821364191753471,0.2352670523969184
TrustMark P,7,1.411685207131086e-05,48.502621361791384,0.9972791075706482,0.9987059831619263,nan,nan,0.00013832762488164008,0.997295081615448,0.9975061416625977,0.9951992034912109,0.9938616752624512,0.9929794669151306,0.0036444664001464844,0.00011188576172571629,0.00011323450598865747,1.9954262825194746e-05,2.10368284569995e-05,46.99964311822015,0.1476525970584116,0.2679855797745847,1.5062389836037864,0.1882798729504733
TrustMark P,8,1.0927350558631588e-05,49.614851241661945,0.9992236495018005,0.9996956586837769,nan,nan,0.0002732838620431721,0.9990712404251099,0.9992310404777527,0.9983935654163361,0.9981180429458618,0.9979449510574341,0.0011129975318908691,0.00021443667355924845,0.00022809692018199712,1.376173531753011e-05,1.453142317586753e-05,48.613267992902045,0.10664817463950561,0.19467364059256761,1.3778096506377577,0.17222620632971972
TrustMark P,9,1.5081465789990034e-05,48.215564466911786,0.9989501237869263,0.9994825720787048,nan,nan,0.00037749879993498325,0.9989532232284546,0.9989389181137085,0.9984279572963715,0.9983049035072327,0.9982601404190063,0.0006340146064758301,0.00022577287745662034,0.00030404949211515486,2.0486162611632608e-05,2.074397661999683e-05,46.88539384335242,0.15498319561055257,0.2720626605679874,1.4328036150800991,0.1791004518850124
TrustMark P,10,1.2674787285504863e-05,48.97059320476413,0.9972702860832214,0.9988493323326111,nan,nan,0.000374075083527714,0.9970663785934448,0.9970108866691589,0.9951110184192657,0.9946266412734985,0.9941751956939697,0.0023842453956604004,0.0003092656552325934,0.00034087448148056865,1.691556826699525e-05,1.7284768091485603e-05,47.717134078035926,0.13216181232305393,0.24499644554351896,1.4564304510921522,0.18205380638651902
TrustMark P,11,1.2403518667269964e-05,49.06455095401866,0.9976093173027039,0.9986900687217712,nan,nan,0.00020046984718646854,0.9977126717567444,0.9979861974716187,0.9952730238437653,0.995219349861145,0.9951953291893005,0.002766847610473633,0.00014638651919085532,0.00016726861940696836,1.8492486560717225e-05,2.0014337678730953e-05,47.33004688246359,0.21219224512007007,0.3758107458784797,1.666473342371958,0.20830916779649475
TrustMark P,12,1.1769624506996479e-05,49.292373924786325,0.9984778165817261,0.9993864297866821,nan,nan,0.0004052201984450221,0.9982791543006897,0.9990755915641785,0.9962632954120636,0.9958222508430481,0.995750367641449,0.003253340721130371,0.000526516349054873,0.0005692594568245113,1.5138410162762739e-05,1.581047604304331e-05,48.19919732087858,0.11201218764361781,0.21221837752197342,1.4263763223597201,0.17829704029496501
TrustMark P,13,1.674285886110738e-05,47.7617038376234,0.9993757009506226,0.9993382692337036,nan,nan,0.000488974736072123,0.9993467926979065,0.9994423389434814,0.9987498223781586,0.9986556768417358,0.9986252784729004,0.0007866621017456055,0.00038020004285499454,0.0006141659687273204,2.569499338278547e-05,2.6046669972856762e-05,45.901514898223624,0.22931537511270003,0.4041354045660827,1.6474808992253849,0.2059351124031731
TrustMark P,14,1.0575046871963423e-05,49.757176990176994,0.9973509311676025,0.998475968837738,nan,nan,0.00024910515639930964,0.9974596500396729,0.9977627992630005,0.9955145716667175,0.9946430921554565,0.9941130876541138,0.0031197071075439453,0.00020627833146136254,0.00023330797557719052,1.4771711903449614e-05,1.6623962437734008e-05,48.30569171097026,0.1596256413186054,0.30025979097321365,1.645729054786634,0.20571613184832924
TrustMark P,15,1.9466797311906703e-05,47.1070549296772,0.9982591867446899,0.9992673397064209,nan,nan,0.0001885810197563842,0.9981082677841187,0.9991530776023865,0.9955779612064362,0.9935638904571533,0.9919077754020691,0.005589187145233154,0.00018202165665570647,0.00018565243226476014,2.8624806873267516e-05,3.148203131786431e-05,45.43257434753616,0.1930088433214726,0.3653873436273185,1.753961765037047,0.21924522062963087
TrustMark P,16,1.5575500583508983e-05,48.075579865845484,0.9977113604545593,0.9990298748016357,nan,nan,0.0004177072551101446,0.9975147843360901,0.9977493286132812,0.9955344796180725,0.9949966669082642,0.9949545860290527,0.00275266170501709,0.00016626871365588158,0.00019200329552404583,3.2436943001812324e-05,3.578851556085283e-05,44.88960082327814,0.3810176098843927,0.7548293324577998,2.6079024277918177,0.3259878034739772
TrustMark P,17,1.184878419735469e-05,49.26326210284162,0.9976452589035034,0.9982745051383972,nan,nan,0.00033208014792762697,0.9978165030479431,0.9974535703659058,0.9966370165348053,0.996455192565918,0.9964284896850586,0.000998377799987793,0.0002542246365919709,0.0002590967924334109,1.7428692444809712e-05,1.9135770799039165e-05,47.587351938025066,0.16682395634421668,0.3097397467715926,1.6468972576441239,0.20586215720551548
TrustMark P,18,2.093921102641616e-05,46.79039686235452,0.9984689950942993,0.9991177916526794,nan,nan,0.0004044165834784508,0.9985570907592773,0.9987853169441223,0.9972105920314789,0.996633768081665,0.9965066313743591,0.0021515488624572754,0.00021307889255695045,0.00021373873460106552,3.353452848386951e-05,3.4307967325730715e-05,44.74507795728377,0.22579343616421088,0.44902271925529297,1.8897853390197277,0.23622316737746596
TrustMark P,19,3.640677095972933e-05,44.38817838411822,0.9982287287712097,0.9990007281303406,nan,nan,0.00032763220951892436,0.9980974197387695,0.998397946357727,0.9969252049922943,0.996247410774231,0.995572566986084,0.0021505355834960938,0.00018972871475853026,0.00019281342974863946,6.650837167399004e-05,7.313517744478304e-05,41.771236848775864,0.3322404422260592,0.6165574339226942,2.211412752174697,0.2764265940218371
TrustMark P,20,1.043424981617136e-05,49.815387696372284,0.9990421533584595,0.9996284246444702,nan,nan,0.0004187522572465241,0.9988985061645508,0.9990358948707581,0.9982599914073944,0.9977665543556213,0.9975262880325317,0.0012693405151367188,0.00023422049707733095,0.00024649177794344723,1.2890674952359404e-05,1.3563994116339018e-05,48.897243425060964,0.09471236814024506,0.17183288440382152,1.3328136775913253,0.16660170969891566
TrustMark P,21,3.0350971428561024e-05,45.17827404117159,0.9979726672172546,0.9991266131401062,nan,nan,0.00029778387397527695,0.9976203441619873,0.9986591339111328,0.9940802156925201,0.9923039674758911,0.9913867712020874,0.006355166435241699,0.0001258106203749776,0.00014908923185430467,6.125197978690267e-05,7.14043253537966e-05,42.12879869467403,0.3746269507488584,0.6880113652849404,2.4196690591126413,0.30245863238908016
TrustMark P,22,1.735641671984922e-05,47.605399312002135,0.994865894317627,0.9978391528129578,nan,nan,0.0003222101950086653,0.9945564270019531,0.9957778453826904,0.9895643293857574,0.9869495630264282,0.9856741428375244,0.008828282356262207,0.00021851244673598558,0.00024974136613309383,3.045578341698274e-05,3.439682495809393e-05,45.163302246210506,0.28922969212599287,0.5236519311763236,2.0527463163301958,0.25659328954127447
TrustMark P,23,1.4799871678405907e-05,48.29742050118679,0.9966568350791931,0.9981030225753784,nan,nan,0.0001624374999664724,0.9966431856155396,0.9967176914215088,0.9948492050170898,0.9941393136978149,0.9934880137443542,0.0025783777236938477,7.935537723824382e-05,7.983899558894336e-05,2.077276076306589e-05,2.1787744117318653e-05,46.825057805719055,0.18763214097438027,0.3364840677511642,1.5351572076807127,0.1918946509600891
TrustMark P,24,1.1432651263021398e-05,49.4185304384967,0.9980579614639282,0.9992645978927612,nan,nan,0.00023491383763030171,0.9978538751602173,0.9979856014251709,0.996581107378006,0.9955961108207703,0.9951434135437012,0.0023894906044006348,0.00024379801470786333,0.00026847110711969435,1.553138645249419e-05,1.664273895585211e-05,48.087897740337404,0.1365010996127676,0.2472905582939748,1.4817734895399,0.1852216861924875
TrustMark P,25,1.8987466319231316e-05,47.21532983498346,0.9956528544425964,0.9987068176269531,nan,nan,0.0002715675800573081,0.9958269596099854,0.9964146018028259,0.9930571615695953,0.9890722036361694,0.986709475517273,0.007342398166656494,0.00033701802021823823,0.00042199392919428647,3.2425683457404375e-05,3.486239347694209e-05,44.89110861237678,0.25242435265533897,0.4668866244692168,1.9230793364870205,0.24038491706087756
TrustMark P,26,1.2747376786137465e-05,48.94579177152935,0.9976027011871338,0.998759925365448,nan,nan,0.0005440274835564196,0.9976332187652588,0.9974884986877441,0.9966877400875092,0.9963517189025879,0.9960598349571228,0.00113677978515625,0.0003609576087910682,0.00036239129258319736,1.7874241166282445e-05,1.8856685073842527e-05,47.477723866900504,0.15834711343281718,0.28815548718562345,1.5561339536191705,0.1945167442023963
TrustMark P,27,1.3042109458183404e-05,48.84652159220909,0.9977380633354187,0.9983137845993042,nan,nan,0.00011430455197114497,0.9978212118148804,0.9978617429733276,0.9959045648574829,0.9944008588790894,0.993209719657898,0.0034608840942382812,5.4446318245027214e-05,5.51258672203403e-05,1.7908025256474502e-05,1.8530032320995815e-05,47.4695230178358,0.16538420950157465,0.29207445112367636,1.4839266427624835,0.18549083034531044
TrustMark P,28,1.1062203157052863e-05,49.56158369987551,0.9983787536621094,0.9992612600326538,nan,nan,0.0002731329877860844,0.9982005953788757,0.9982075691223145,0.9975263476371765,0.9970222115516663,0.9965600371360779,0.0011853575706481934,0.0003048301732633263,0.00030572275863960385,1.4395007383427583e-05,1.554640766698867e-05,48.41788108029314,0.11368650797001031,0.2068451102693524,1.4173548972666603,0.17716936215833254
TrustMark P,29,1.1432651263021398e-05,49.4185304384967,0.9983429908752441,0.9994015693664551,nan,nan,0.0002744839293882251,0.9982370138168335,0.9980874061584473,0.9975003600120544,0.9968856573104858,0.9964569807052612,0.0012017488479614258,0.0005031239707022905,0.0006293064798228443,1.551886998640839e-05,1.644499752728734e-05,48.09139905277205,0.1471572215198893,0.26588055132386723,1.467323509152595,0.18341543864407436
TrustMark P,30,1.0551267223490868e-05,49.76695377795742,0.9992225170135498,0.9997085332870483,nan,nan,0.0002730103733483702,0.9990988969802856,0.9992249011993408,0.998462587594986,0.9981507062911987,0.9980573058128357,0.0010741949081420898,0.00015394814545288682,0.00019088375847786665,1.4214785551303066e-05,1.542500740470132e-05,48.47259687826388,0.12940168183048445,0.23759554701451369,1.4644011825102783,0.18305014781378479
TrustMark P,31,1.5096796232683118e-05,48.21115206752679,0.9990906715393066,0.9995660781860352,nan,nan,0.00034657810465432703,0.9989737272262573,0.9990355968475342,0.9986450672149658,0.9982726573944092,0.9979325532913208,0.000762939453125,0.0002180470764869824,0.000285114801954478,2.2383470422937535e-05,2.3586182123835897e-05,46.50072577830655,0.1830570965964136,0.3313067376955083,1.6347847894054304,0.2043480986756788
TrustMark P,32,1.1586901564442087e-05,49.36032682532193,0.9983765482902527,0.9988880157470703,nan,nan,0.0002548884367570281,0.9983906149864197,0.999008297920227,0.9966803193092346,0.9952594041824341,0.9938613772392273,0.0037488937377929688,0.00011346224346198142,0.00011508505849633366,1.6249761756625958e-05,1.671157224336639e-05,47.89153001979948,0.14666819957421237,0.2704100605263369,1.514541153141443,0.18931764414268037
TrustMark P,33,1.5072389942361042e-05,48.21817878641896,0.9950183629989624,0.9971377849578857,nan,nan,0.0003865871694870293,0.9952045679092407,0.9949387907981873,0.9924969673156738,0.9913705587387085,0.9913622140884399,0.0035682320594787598,0.0002906961599364877,0.00031252027838490903,2.0558749383781105e-05,2.263126771140378e-05,46.87003307587382,0.14890473056879383,0.26551388966426787,1.5123824469173885,0.18904780586467357
TrustMark P,34,1.4739798643859103e-05,48.31508449208187,0.9989427328109741,0.9995646476745605,nan,nan,0.00025145799736492336,0.9988453984260559,0.9992672204971313,0.9972884356975555,0.996512770652771,0.9959709644317627,0.0027544498443603516,0.0001356567081529647,0.00014961097622290254,2.1124438717379235e-05,2.254867104056757e-05,46.75214821558548,0.16819414007830638,0.30181418318015885,1.5709616044818768,0.1963702005602346
TrustMark P,35,1.4698186532768887e-05,48.32736245346753,0.9965671300888062,0.9981452822685242,nan,nan,0.00028019995079375803,0.996550440788269,0.9961392879486084,0.9948954582214355,0.9945683479309082,0.9944930076599121,0.0015709400177001953,0.0001523935643490404,0.00017319551261607558,2.5241948605980724e-05,2.956845901280758e-05,45.97877121846317,0.26155491538647274,0.5032053736553747,2.126998583053206,0.26587482288165076
TrustMark P,36,1.5397474271594547e-05,48.12550512921348,0.9973722696304321,0.9988583326339722,nan,nan,0.00040454789996147156,0.9971532821655273,0.9970446228981018,0.9949021339416504,0.9937763214111328,0.9933845400810242,0.003268301486968994,0.00030489880009554327,0.0003208927228115499,2.2552423615707085e-05,2.3573665657750098e-05,46.46806779445953,0.20431754925586723,0.3619561521792737,1.5914817899500164,0.19893522374375205
TrustMark P,37,1.9709277694346383e-05,47.05329291454076,0.9966602325439453,0.9979443550109863,nan,nan,0.00032241581357084215,0.9966449737548828,0.9967550039291382,0.9950402677059174,0.9924410581588745,0.9900518655776978,0.004313945770263672,0.000263732741586864,0.00033308868296444416,3.199140337528661e-05,3.3677199098747224e-05,44.94966708188017,0.23894619787380586,0.4292853273847452,1.7849601570590088,0.2231200196323761
TrustMark P,38,2.8754968298017047e-05,45.41287106870076,0.9978233575820923,0.9989560842514038,nan,nan,0.00018529641965869814,0.9976209402084351,0.9980580806732178,0.9960742294788361,0.9949342012405396,0.9937949180603027,0.0031238794326782227,0.00012844859156757593,0.00015576045552734286,4.07007391913794e-05,4.248541063134326e-05,43.90397703211587,0.18357196857607477,0.3222625684852709,1.513666343356943,0.18920829291961788
TrustMark P,39,1.3331835361896083e-05,48.7511005818744,0.9887712001800537,0.997189998626709,nan,nan,0.0005197749705985188,0.9877579212188721,0.9891587495803833,0.9801590740680695,0.9776120185852051,0.9761255979537964,0.011546730995178223,0.0001399768516421318,0.0001426437374902889,2.1459842173499055e-05,2.2179468942340463e-05,46.68373476378945,0.24516546188141297,0.4513289903061452,1.8395682679614818,0.22994603349518522
TrustMark P,40,2.239880086563062e-05,46.49775231280994,0.9987848997116089,0.9994559288024902,nan,nan,0.0003794080694206059,0.998640775680542,0.9991409182548523,0.9972482919692993,0.997065544128418,0.9969260096549988,0.002075374126434326,0.00025965567328967154,0.00031440713792108,3.746430593309924e-05,3.9880995245766826e-05,44.263823087676606,0.24546106727679298,0.44874193834581466,1.8738073510758722,0.23422591888448402
TrustMark P,41,1.6528849300812e-05,47.81757379925389,0.9961115121841431,0.9967965483665466,nan,nan,0.00019806258205790073,0.9966122508049011,0.9967801570892334,0.9953371584415436,0.9941660165786743,0.993039608001709,0.002614140510559082,4.4084430555813015e-05,5.6547854910604656e-05,2.7743735699914396e-05,2.868988667614758e-05,45.5683506148097,0.24333449316772582,0.4457191206695971,1.8338759214390832,0.2292344901798854
TrustMark P,42,1.03629135992378e-05,49.84518122759439,0.9982680082321167,0.9993492364883423,nan,nan,0.0002674377174116671,0.9980076551437378,0.9982545375823975,0.9964992702007294,0.995594322681427,0.9952899813652039,0.002660214900970459,0.0004316694103181362,0.0005372903542593122,1.4465089407167397e-05,1.5184714129645727e-05,48.396788776800534,0.14086418432676098,0.2600686896736763,1.491983930869053,0.18649799135863163
TrustMark P,43,8.87610440258868e-06,50.517775981478366,0.9976930618286133,0.9979986548423767,nan,nan,0.00026400707429274917,0.9978572130203247,0.9979269504547119,0.9975535869598389,0.9962142109870911,0.9949990510940552,0.0017127394676208496,6.202347867656499e-05,7.171197648858652e-05,1.285813414142467e-05,1.3423821883407072e-05,48.90822047809506,0.1743959051401849,0.3364550777329261,1.6688639224098267,0.20860799030122834
TrustMark P,44,1.768587935657706e-05,47.523733418308694,0.9902359247207642,0.9978968501091003,nan,nan,0.00014800546341575682,0.9891527891159058,0.9897052645683289,0.9819831252098083,0.9782391786575317,0.9758240580558777,0.01146608591079712,6.994356954237446e-05,7.932347944006324e-05,2.4318320356542245e-05,2.6206868369627045e-05,46.14066424673819,0.15060770033121335,0.2693394083160421,1.5231221614156671,0.1903902701769584
TrustMark P,45,1.2377237908367533e-05,49.073762612117775,0.9985268115997314,0.9993473887443542,nan,nan,0.00031391766970045865,0.9985290765762329,0.9986708164215088,0.9972132742404938,0.9966774582862854,0.9965648651123047,0.0019933581352233887,0.00022956874454393983,0.00024490588111802936,3.0522111046593636e-05,3.294506223028293e-05,45.153854319170144,0.4364951413073965,0.8914900124413684,2.810991098746705,0.35137388734333813
TrustMark P,46,1.8884215023717843e-05,47.239010631506275,0.9991754293441772,0.9989742636680603,nan,nan,0.0002804759133141488,0.9992439150810242,0.9994277954101562,0.9987291097640991,0.9985186457633972,0.9983285665512085,0.0009091496467590332,0.00017854818725027144,0.0001842696510720998,2.919300095527433e-05,3.217537596356124e-05,45.34721258512289,0.21205637795266252,0.3830822060918491,1.7237722860044364,0.21547153575055455
TrustMark P,47,1.0560655027802568e-05,49.7630914372099,0.9977079629898071,0.9990015029907227,nan,nan,0.0003042705066036433,0.9975788593292236,0.9975258708000183,0.9958152770996094,0.9948187470436096,0.9941126108169556,0.0027071237564086914,0.000475492823170498,0.00052769819740206,1.2611586498678662e-05,1.336625518888468e-05,48.99230277084146,0.08244265548887154,0.15468299303935296,1.3163867481228302,0.16454834351535377
TrustMark P,48,1.868960498541128e-05,47.28399877565473,0.9989138841629028,0.9994562864303589,nan,nan,0.00017787519027478993,0.9987510442733765,0.9988481998443604,0.9981547892093658,0.9967457056045532,0.9956141710281372,0.002102494239807129,0.00014248245861381292,0.00014925845607649535,2.466999831085559e-05,2.6149300538236275e-05,46.07830880246223,0.1471502650060566,0.25734559713484406,1.4102521353870734,0.17628151692338417
TrustMark P,49,1.405928469466744e-05,48.52036774697514,0.9986127614974976,0.999346137046814,nan,nan,0.00036880464176647365,0.9984671473503113,0.9988124370574951,0.9972908198833466,0.9957835078239441,0.9943422675132751,0.0030289292335510254,0.0002159534633392468,0.0002726379898376763,2.1459845811477862e-05,2.260498786199605e-05,46.68373402755198,0.1876084967041471,0.33984261014371747,1.6204739227654315,0.20255924034567893
