method,image_index,global_ciede2000_mean,patch_ciede2000_mean,patch_ciede2000_p95,top10_patch_ciede2000,max_patch_ciede2000,mean_signed_delta_a,mean_signed_delta_b,worst_patch_x,worst_patch_y,worst_patch_size
Global continuation,0,4.256549835205078,4.325868129730225,5.479022741317749,5.555448055267334,6.8185038566589355,-0.8022767305374146,0.4341627359390259,58,84,5
Global continuation,1,3.502610921859741,3.560593605041504,4.8945231437683105,4.967449188232422,6.413216590881348,-0.04059189558029175,-0.029517486691474915,55,26,5
Global continuation,2,3.588475227355957,3.6444294452667236,4.928681492805481,5.01121187210083,6.660379409790039,-0.11300991475582123,0.1864948272705078,18,35,5
Global continuation,3,4.01800012588501,4.0873236656188965,5.42059326171875,5.525701522827148,7.3453168869018555,-0.025391217321157455,0.24286815524101257,72,90,5
Global continuation,4,3.4220900535583496,3.4823970794677734,4.888463973999023,4.9658966064453125,6.3018670082092285,-0.33438828587532043,0.4681069552898407,39,58,5
Global continuation,5,3.696662664413452,3.750460386276245,5.246468186378479,5.36978816986084,7.2025227546691895,-0.46967029571533203,0.3806024491786957,56,27,5
Global continuation,6,3.2816238403320312,3.3104324340820312,4.637482166290283,4.745307445526123,6.550418853759766,0.16919206082820892,-0.053903162479400635,38,51,5
Global continuation,7,3.5483384132385254,3.616779088973999,5.22437584400177,5.322347640991211,7.095552921295166,-0.37555044889450073,0.43499499559402466,88,90,5
Global continuation,8,4.3877105712890625,4.483631134033203,5.781620025634766,5.862392902374268,7.4200029373168945,-0.4443007707595825,0.7448611259460449,72,74,5
Global continuation,9,3.611839771270752,3.6575353145599365,5.274105191230774,5.387658596038818,7.621750354766846,-0.5220412015914917,0.4623391032218933,24,90,5
Global continuation,10,4.23507833480835,4.298991680145264,5.5085484981536865,5.595904350280762,7.388608932495117,0.22771333158016205,0.20168575644493103,55,74,5
Global continuation,11,3.661834239959717,3.7239937782287598,5.151583909988403,5.215555667877197,6.335756778717041,-0.060893721878528595,0.038703713566064835,41,26,5
Global continuation,12,3.8731231689453125,3.9479165077209473,5.167091012001038,5.274816513061523,7.131005764007568,-0.14872081577777863,0.32095175981521606,40,58,5
Global continuation,13,3.5010509490966797,3.5377604961395264,4.871613502502441,4.967776775360107,6.271133899688721,-0.7925311326980591,0.7593022584915161,30,35,5
Global continuation,14,3.0509986877441406,3.1047379970550537,4.202990412712097,4.302062034606934,5.800858974456787,-0.6162634491920471,0.6286765336990356,26,27,5
Global continuation,15,3.5576045513153076,3.6085004806518555,5.333277940750122,5.474314212799072,8.755249977111816,-0.16827912628650665,0.16880379617214203,72,115,5
Global continuation,16,3.780287742614746,3.860126495361328,5.388021111488342,5.46602725982666,7.249050140380859,0.09482590854167938,0.14574173092842102,71,74,5
Global continuation,17,2.9716975688934326,3.029521942138672,4.525943160057068,4.644293308258057,6.2648539543151855,-0.10394640266895294,0.25737717747688293,62,121,5
Global continuation,18,3.2473721504211426,3.2578773498535156,5.257583022117615,5.3947038650512695,7.322825908660889,-0.4181498885154724,0.42099109292030334,90,92,5
Global continuation,19,3.044119358062744,3.037675142288208,5.094648957252502,5.266602993011475,8.010623931884766,-0.7354046106338501,0.447374165058136,56,20,5
Global continuation,20,3.3528709411621094,3.4090583324432373,4.701141953468323,4.8061370849609375,6.388523578643799,0.018078550696372986,-0.10995849967002869,103,42,5
Global continuation,21,3.59355092048645,3.6175975799560547,5.575623273849487,5.705177307128906,8.217508316040039,0.5551575422286987,0.31171879172325134,8,74,5
Global continuation,22,3.2692906856536865,3.3056344985961914,4.839900493621826,4.927158355712891,6.67824649810791,0.12733718752861023,0.023992596194148064,49,98,5
Global continuation,23,2.9941246509552,3.0494797229766846,5.140700459480286,5.267396926879883,6.988392353057861,-0.5250803232192993,0.3686465919017792,40,59,5
Global continuation,24,3.109095335006714,3.1594414710998535,4.562666058540344,4.684015274047852,6.875070571899414,-0.16748234629631042,0.3794468939304352,105,50,5
Global continuation,25,3.5945489406585693,3.6169049739837646,5.031001448631287,5.135376930236816,7.13504695892334,-0.9267507195472717,0.7110656499862671,80,80,5
Global continuation,26,4.324687480926514,4.388208389282227,5.902552962303162,5.997640609741211,8.076820373535156,-0.15178367495536804,0.006785057485103607,82,53,5
Global continuation,27,3.1268045902252197,3.2045536041259766,5.374647617340088,5.463925838470459,7.063507080078125,-0.23282155394554138,0.4116850793361664,103,106,5
Global continuation,28,3.5820651054382324,3.6153995990753174,4.922714352607727,5.00617790222168,6.993158340454102,-0.48844635486602783,0.745505690574646,42,52,5
Global continuation,29,3.659435749053955,3.725877523422241,4.996352314949036,5.106860160827637,7.4744157791137695,-0.40898334980010986,0.4187425971031189,87,42,5
Global continuation,30,3.976724147796631,4.051560401916504,5.242328405380249,5.343472480773926,7.202091217041016,-0.24624347686767578,0.29669642448425293,89,59,5
Global continuation,31,3.2753477096557617,3.329749822616577,4.562403321266174,4.661988258361816,6.375528335571289,-0.03073023445904255,0.14048069715499878,57,92,5
Global continuation,32,3.369849681854248,3.4123401641845703,4.602847456932068,4.693510055541992,6.6560750007629395,-0.5206567645072937,0.49639296531677246,88,90,5
Global continuation,33,4.180172443389893,4.227495193481445,5.506902575492859,5.594504356384277,7.113708019256592,-0.04301611706614494,0.28660643100738525,39,90,5
Global continuation,34,3.9124319553375244,3.98744797706604,5.439159631729126,5.5259108543396,7.15364933013916,-0.31927019357681274,0.5021824836730957,40,42,5
Global continuation,35,3.6414780616760254,3.6957881450653076,5.63581907749176,5.798735618591309,8.246255874633789,0.1613612025976181,0.2260351926088333,32,60,5
Global continuation,36,3.7772483825683594,3.830951452255249,5.201174736022949,5.281523704528809,6.915116786956787,0.0045881569385528564,0.27668094635009766,29,120,5
Global continuation,37,2.7166104316711426,2.7120425701141357,3.884479522705078,4.007719993591309,5.580609321594238,-0.6985463500022888,0.6008749604225159,117,27,5
Global continuation,38,3.053629159927368,3.0562078952789307,5.20623254776001,5.301928520202637,7.193001747131348,1.0373575687408447,0.7458675503730774,45,74,5
Global continuation,39,2.9034981727600098,2.9727578163146973,4.486189484596252,4.609573841094971,6.6936259269714355,0.2395773082971573,-0.060688428580760956,88,75,5
Global continuation,40,3.829967975616455,3.8833820819854736,5.210788726806641,5.319602012634277,7.519263744354248,-0.10199591517448425,0.3088979125022888,77,80,5
Global continuation,41,2.013216972351074,2.0253095626831055,3.585363447666168,3.67700457572937,5.989051342010498,-0.7832847833633423,0.8040387630462646,9,76,5
Global continuation,42,3.6458897590637207,3.7285914421081543,5.181913495063782,5.270687580108643,6.878571033477783,-0.2690199315547943,0.3265404999256134,34,99,5
Global continuation,43,4.473412036895752,4.522716999053955,5.677038311958313,5.773730754852295,7.336799144744873,-0.7879189252853394,0.40942299365997314,40,74,5
Global continuation,44,2.6679134368896484,2.7040960788726807,4.73461389541626,4.846995830535889,6.779248237609863,-0.6109920144081116,0.593073308467865,107,114,5
Global continuation,45,3.466482639312744,3.509894371032715,4.805220365524292,4.910845756530762,6.525732517242432,-0.5188912153244019,0.4044785499572754,71,106,5
Global continuation,46,3.8432931900024414,3.861952066421509,4.848543882369995,4.928011894226074,7.052410125732422,-0.37849855422973633,0.3731341063976288,54,71,5
Global continuation,47,3.740020275115967,3.8294548988342285,5.206045627593994,5.297047138214111,6.667065620422363,-0.3514401912689209,0.5674061179161072,24,26,5
Global continuation,48,3.8080854415893555,3.8484346866607666,5.383456707000732,5.486968994140625,7.407400131225586,-0.3096775412559509,0.3661390542984009,22,98,5
Global continuation,49,3.654054880142212,3.731157064437866,5.097630143165588,5.210318565368652,7.536367893218994,-0.6009930372238159,0.7226675748825073,39,90,5
Hard Patch16 stride8 Top10,0,3.940016269683838,4.001559734344482,5.161510109901428,5.240839958190918,6.784869194030762,-0.3008541464805603,0.16472378373146057,58,84,5
Hard Patch16 stride8 Top10,1,3.406252145767212,3.461536407470703,4.705969452857971,4.783698558807373,6.494957447052002,-0.28102684020996094,0.1376289427280426,55,26,5
Hard Patch16 stride8 Top10,2,3.4989986419677734,3.5509793758392334,4.854959487915039,4.944817066192627,6.531841278076172,-0.26214689016342163,0.2810095548629761,39,58,5
Hard Patch16 stride8 Top10,3,4.028998374938965,4.099366188049316,5.416152119636536,5.520200729370117,7.323976039886475,-0.2170572429895401,0.3051254451274872,72,90,5
Hard Patch16 stride8 Top10,4,3.3951187133789062,3.4531681537628174,4.886123895645142,4.96370792388916,6.319079399108887,-0.4853169322013855,0.5382291078567505,39,58,5
Hard Patch16 stride8 Top10,5,3.641507148742676,3.6893651485443115,5.117996096611023,5.215174674987793,6.646484375,-0.6194418668746948,0.4588547348976135,56,27,5
Hard Patch16 stride8 Top10,6,3.250412702560425,3.2782480716705322,4.609012007713318,4.717546463012695,6.550201892852783,0.2398483008146286,-0.027701430022716522,38,51,5
Hard Patch16 stride8 Top10,7,3.38326358795166,3.44762921333313,4.963103294372559,5.055723667144775,6.550497055053711,-0.2306828647851944,0.3651588559150696,90,87,5
Hard Patch16 stride8 Top10,8,4.441585540771484,4.535702228546143,5.808140754699707,5.882203102111816,7.4163384437561035,-0.5637345314025879,0.7470568418502808,72,74,5
Hard Patch16 stride8 Top10,9,3.62823748588562,3.67879581451416,5.276868939399719,5.387155532836914,7.59334659576416,-0.7821884751319885,0.5937120318412781,24,90,5
Hard Patch16 stride8 Top10,10,4.204596519470215,4.266275405883789,5.4769487380981445,5.562690258026123,7.378154754638672,0.15530171990394592,0.22548674046993256,55,74,5
Hard Patch16 stride8 Top10,11,3.579124927520752,3.640845537185669,5.012253642082214,5.078487396240234,6.326681613922119,-0.038067564368247986,0.05657483637332916,41,26,5
Hard Patch16 stride8 Top10,12,3.8720133304595947,3.944483757019043,5.146843433380127,5.2615766525268555,7.083745002746582,-0.3048056960105896,0.40154433250427246,39,58,5
Hard Patch16 stride8 Top10,13,3.4104061126708984,3.443647623062134,4.760579228401184,4.847738742828369,6.315338134765625,-0.7419899106025696,0.7167771458625793,89,18,5
Hard Patch16 stride8 Top10,14,3.0041143894195557,3.0546443462371826,4.220940113067627,4.3151679039001465,5.8074822425842285,-0.6501325964927673,0.6713811159133911,26,27,5
Hard Patch16 stride8 Top10,15,3.4972939491271973,3.5480759143829346,5.264520287513733,5.414008617401123,8.681550025939941,-0.32038167119026184,0.2416306436061859,72,115,5
Hard Patch16 stride8 Top10,16,3.750082492828369,3.826552391052246,5.237066626548767,5.324711322784424,7.254692554473877,0.09443341195583344,0.14156711101531982,71,74,5
Hard Patch16 stride8 Top10,17,2.965432643890381,3.022589921951294,4.543800354003906,4.650096416473389,6.307763576507568,-0.26510271430015564,0.3222390115261078,55,106,5
Hard Patch16 stride8 Top10,18,3.225295066833496,3.2358241081237793,5.207411766052246,5.3253068923950195,7.17703914642334,-0.6434376239776611,0.5696319341659546,89,43,5
Hard Patch16 stride8 Top10,19,2.9665892124176025,2.9605894088745117,4.978663325309753,5.162015438079834,7.993203639984131,-0.7946183681488037,0.5415147542953491,56,20,5
Hard Patch16 stride8 Top10,20,3.2462010383605957,3.300813913345337,4.621971964836121,4.746673583984375,6.463595390319824,-0.11314654350280762,0.03936377912759781,103,42,5
Hard Patch16 stride8 Top10,21,3.518433094024658,3.540600061416626,5.48830771446228,5.623794078826904,8.099601745605469,0.44609326124191284,0.2897745966911316,8,74,5
Hard Patch16 stride8 Top10,22,3.2514071464538574,3.2842419147491455,4.834337592124939,4.912910461425781,6.615591526031494,0.21780556440353394,0.010188194923102856,49,98,5
Hard Patch16 stride8 Top10,23,2.8891875743865967,2.9403481483459473,4.955708980560303,5.055550575256348,6.723501682281494,-0.5112876296043396,0.4131026864051819,57,45,5
Hard Patch16 stride8 Top10,24,3.0708374977111816,3.1209371089935303,4.400332808494568,4.5236616134643555,6.715423583984375,-0.3554534316062927,0.48048388957977295,105,50,5
Hard Patch16 stride8 Top10,25,3.6055755615234375,3.626404285430908,5.016707420349121,5.124611854553223,6.953990459442139,-1.0274957418441772,0.7651321291923523,80,80,5
Hard Patch16 stride8 Top10,26,4.304143905639648,4.367094993591309,5.877211928367615,5.962524890899658,7.901976108551025,-0.25939542055130005,0.02321590483188629,82,53,5
Hard Patch16 stride8 Top10,27,3.056133985519409,3.127530574798584,5.207988858222961,5.304442405700684,7.0716376304626465,-0.2653427720069885,0.41289281845092773,103,106,5
Hard Patch16 stride8 Top10,28,3.579120635986328,3.6110405921936035,4.912699103355408,5.000505447387695,6.9245147705078125,-0.5252748727798462,0.7269902229309082,42,52,5
Hard Patch16 stride8 Top10,29,3.6729702949523926,3.733095645904541,4.968613624572754,5.079160690307617,7.50563907623291,-0.4931887090206146,0.4783813953399658,87,42,5
Hard Patch16 stride8 Top10,30,3.8993520736694336,3.9606966972351074,5.07098913192749,5.167708873748779,7.111454963684082,-0.3571566939353943,0.3939959704875946,56,90,5
Hard Patch16 stride8 Top10,31,3.2543914318084717,3.3080356121063232,4.550931096076965,4.641653537750244,6.37714958190918,-0.17463476955890656,0.22316326200962067,103,106,5
Hard Patch16 stride8 Top10,32,3.3008804321289062,3.3382437229156494,4.537644028663635,4.622834205627441,6.579581260681152,-0.5188969373703003,0.5219442844390869,88,90,5
Hard Patch16 stride8 Top10,33,4.188820838928223,4.237053871154785,5.5149654150009155,5.605508804321289,7.126862049102783,-0.12681597471237183,0.3013571500778198,39,90,5
Hard Patch16 stride8 Top10,34,3.8891677856445312,3.961681604385376,5.372433185577393,5.4690117835998535,7.051487922668457,-0.4335460662841797,0.5564650297164917,58,28,5
Hard Patch16 stride8 Top10,35,3.6111462116241455,3.6646676063537598,5.574212670326233,5.724216938018799,8.079622268676758,0.0515136644244194,0.21546855568885803,43,50,5
Hard Patch16 stride8 Top10,36,3.793592691421509,3.849616289138794,5.217273592948914,5.28894567489624,6.878859043121338,-0.07137781381607056,0.30809101462364197,29,120,5
Hard Patch16 stride8 Top10,37,2.687875270843506,2.685842514038086,3.804130792617798,3.9295907020568848,5.382981777191162,-0.8107917308807373,0.7217769622802734,70,6,5
Hard Patch16 stride8 Top10,38,2.964035987854004,2.964064836502075,5.140592336654663,5.237138748168945,6.90511417388916,0.8776309490203857,0.6609035730361938,45,74,5
Hard Patch16 stride8 Top10,39,2.9330742359161377,3.0016117095947266,4.506524443626404,4.626515865325928,6.666654109954834,0.28833019733428955,-0.06566394865512848,88,75,5
Hard Patch16 stride8 Top10,40,3.802788734436035,3.85606050491333,5.1892125606536865,5.296336650848389,7.560140609741211,-0.2568487823009491,0.3774476945400238,77,80,5
Hard Patch16 stride8 Top10,41,1.933214545249939,1.9414080381393433,3.407601833343506,3.5018019676208496,5.970320224761963,-0.6547560691833496,0.674342691898346,9,76,5
Hard Patch16 stride8 Top10,42,3.581131935119629,3.6611974239349365,5.037041902542114,5.123863220214844,6.830234527587891,-0.4452095627784729,0.4476815164089203,34,99,5
Hard Patch16 stride8 Top10,43,4.059480667114258,4.093377590179443,5.14943265914917,5.236910343170166,6.654794692993164,-0.3648841381072998,0.19396284222602844,40,74,5
Hard Patch16 stride8 Top10,44,2.615022659301758,2.6502113342285156,4.648415803909302,4.758547306060791,6.767246246337891,-0.49976640939712524,0.48661625385284424,71,58,5
Hard Patch16 stride8 Top10,45,3.4797606468200684,3.516779899597168,4.742556929588318,4.839081764221191,6.581665515899658,-0.628160297870636,0.4609915614128113,71,106,5
Hard Patch16 stride8 Top10,46,3.781092643737793,3.801164150238037,4.772892713546753,4.85039758682251,7.020519256591797,-0.5571441650390625,0.4783034324645996,54,71,5
Hard Patch16 stride8 Top10,47,3.7686429023742676,3.8560678958892822,5.202381610870361,5.290574073791504,6.709346771240234,-0.5626874566078186,0.6429805159568787,34,68,5
Hard Patch16 stride8 Top10,48,3.7644336223602295,3.8020544052124023,5.292791128158569,5.383500576019287,7.215336799621582,-0.437687486410141,0.41188058257102966,22,98,5
Hard Patch16 stride8 Top10,49,3.6482644081115723,3.7247962951660156,5.084951400756836,5.202466011047363,7.519172191619873,-0.7078794836997986,0.739956259727478,39,90,5
