image_id,validation_index,source_filename,PSNR_base,PSNR_ours,local_PSNR_base,local_PSNR_ours,delta_local_PSNR,P95_base,P95_ours,delta_P95,Gini_base,Gini_ours,dense_P16S8_mean_improvement,patch_RGB_MSE_base_mean,patch_RGB_MSE_ours_mean,absolute_residual_energy_base,absolute_residual_energy_ours,roi_x,roi_y,roi_size,roi_mse_improvement,roi_texture_energy,roi32_improvement,roi40_improvement,roi48_improvement,roi64_improvement,ranking_grid,roi_search_grid,rank
0805,4,0805.png,37.30370959042153,37.58719610921472,36.39310283639667,36.91782134950919,0.5247185131125178,0.00023518584202975035,0.00020817459517274983,2.7011246857000515e-05,0.09025656441992624,0.06753929367150291,1.3033357390668243e-05,0.00018604974320624024,0.00017429314902983606,0.010595114901661873,0.010292265564203262,36,52,32,4.007171810371801e-05,0.03729341924190521,4.007171810371801e-05,3.532754257321358e-05,2.995408916225036e-05,2.5730223569553345e-05,native32_nonoverlap,pixel residual map; stride4 candidates,1
0844,43,0844.png,35.57900431736418,36.27410521386426,34.46261694280785,34.97577761048882,0.513160667680971,0.00036555105907609686,0.0003239054713048972,4.1645587771199644e-05,0.10773181528634886,0.1291250749106693,4.305225957068615e-05,0.00027675769524648786,0.00023582486028317362,0.01292021106928587,0.011875839903950691,28,24,32,6.034363468643278e-05,0.0037895385175943375,6.034363468643278e-05,5.80600555986166e-05,5.638039955455396e-05,5.425179915619083e-05,native32_nonoverlap,pixel residual map; stride4 candidates,2
0820,19,0820.png,36.59072570066416,36.89900104683272,35.725001928602346,36.21048871074177,0.4854867821394251,0.0002751710417214781,0.00024810776812955737,2.7063273591920733e-05,0.09852746318681302,0.07509033159882893,1.6089134078356437e-05,0.00021924385509919375,0.0002042207634076476,0.01157755870372057,0.011199567466974258,52,32,32,4.1627674363553524e-05,0.08617228269577026,4.1627674363553524e-05,4.0467977523803714e-05,4.032326655255424e-05,3.53682080458384e-05,native32_nonoverlap,pixel residual map; stride4 candidates,3
0833,32,0833.png,35.80579636302635,36.32649967007572,34.89728085128313,35.369862404576175,0.47258155329304685,0.0003372146966285072,0.00030718668858753517,3.0028008040972054e-05,0.08869598445265041,0.09673876858377206,3.137003295705654e-05,0.00026267598150298,0.00023299689928535372,0.012519476935267448,0.01177064049988985,20,60,32,5.40983492101077e-05,0.019532334059476852,5.40983492101077e-05,4.803297575563192e-05,4.518209283964502e-05,4.118794822716154e-05,native32_nonoverlap,pixel residual map; stride4 candidates,4
0845,44,0845.png,36.82935558825827,37.145085795873364,35.996698830308354,36.468535379746164,0.4718365494378105,0.0002618162252474576,0.00023156402312451974,3.0252202122937888e-05,0.10064483682937517,0.07809919130534713,1.6297581169055775e-05,0.00020752212731167674,0.00019297070684842765,0.011317371390759945,0.0109444260597229,28,72,32,3.367547469679266e-05,0.06776335835456848,3.367547469679266e-05,3.18201188929379e-05,3.0201216254176365e-05,2.9698268917854875e-05,native32_nonoverlap,pixel residual map; stride4 candidates,5
0842,41,0842.png,37.006794412343766,37.36834641850907,36.34836315581369,36.75275280718091,0.40438965136721805,0.00023541562040918507,0.00021668670524377376,1.872891516541131e-05,0.07614206128683716,0.06608081889486578,1.6460344340885058e-05,0.00019921430794056505,0.000183301221113652,0.01104506105184555,0.010609973222017288,88,24,32,3.629513958003372e-05,0.0188041552901268,3.629513958003372e-05,3.2029896974563595e-05,2.8183056403779323e-05,2.4498827770003118e-05,native32_nonoverlap,pixel residual map; stride4 candidates,6
0848,47,0848.png,35.366320191524956,35.672887134434454,34.137294241058875,34.51416668945118,0.37687244839230516,0.00038983045669738203,0.00035495159681886435,3.487885987851769e-05,0.1334863824300762,0.12316259924022134,2.1381298211053945e-05,0.00029064842965453863,0.0002708390529733151,0.013104351237416267,0.012689420953392982,84,28,32,5.147264164406806e-05,0.09369194507598877,5.147264164406806e-05,4.337206948548555e-05,3.661904095982512e-05,2.7553232939681038e-05,native32_nonoverlap,pixel residual map; stride4 candidates,7
0825,24,0825.png,36.01708629957406,36.21906718942124,34.79255375061081,35.15467247840411,0.3621187277933018,0.00034250014141434804,0.0003127916279481724,2.9708513466175646e-05,0.14083994493777463,0.12206167256382602,1.1358072697476018e-05,0.0002502023708075285,0.00023883242101874202,0.012162620201706886,0.011916794814169407,40,88,32,2.841248169715982e-05,0.10161980986595154,2.841248169715982e-05,2.4897987022995947e-05,2.588090946018282e-05,2.1303678295225836e-05,native32_nonoverlap,pixel residual map; stride4 candidates,8
0838,37,0838.png,36.752593030639396,36.90303611341197,35.74208807028927,36.09521065454587,0.35312258425660303,0.00027322513778926805,0.00025069585535675287,2.2529282432515174e-05,0.10198808653278287,0.08371655676517464,7.5168950388615485e-06,0.00021122275211382657,0.00020403106464073062,0.011402267962694168,0.0112186623737216,20,88,32,3.946373544749804e-05,0.06433526426553726,3.946373544749804e-05,2.8473499696701765e-05,2.3768658542798625e-05,1.5448880731128156e-05,native32_nonoverlap,pixel residual map; stride4 candidates,9
0803,2,0803.png,33.33686769902664,33.647632051121306,31.67128891509405,32.02068609078133,0.3493971756872831,0.0007292290538316593,0.0006668600253760815,6.236902845557779e-05,0.17619050774925119,0.17014299653809944,3.3919870475074276e-05,0.0004637812380678952,0.00043175442260690033,0.016340181231498718,0.015735529363155365,40,36,32,8.418515062658116e-05,0.05504750460386276,8.418515062658116e-05,7.356584537774325e-05,6.554841658928328e-05,5.6005163060035557e-05,native32_nonoverlap,pixel residual map; stride4 candidates,10
0816,15,0816.png,37.498650815533466,37.62165588345511,36.7636833192895,37.105486280395226,0.34180296110572783,0.00021256478794384748,0.00019784718460869044,1.4717603335157037e-05,0.07982275408365032,0.05905989558724781,5.32354488314013e-06,0.00017788319382816553,0.0001729156356304884,0.010455368086695671,0.010343429632484913,72,8,32,3.2836807804415e-05,0.04617546498775482,3.2836807804415e-05,2.4459315463900568e-05,2.087416942231357e-05,1.4930330507922918e-05,native32_nonoverlap,pixel residual map; stride4 candidates,11
0824,23,0824.png,36.53554596266747,36.83475564379828,35.654809991788305,35.984799041829945,0.3299890500416396,0.00028486586961662397,0.00026202467415714636,2.2841195459477603e-05,0.10218209057449042,0.08703055159537557,1.6122323359013535e-05,0.00022204723791219294,0.00020726426737383008,0.011697480455040932,0.011320691555738449,12,16,32,4.7042547521414235e-05,0.016023315489292145,4.7042547521414235e-05,4.2636925354599955e-05,3.854036913253367e-05,3.0668717954540625e-05,native32_nonoverlap,pixel residual map; stride4 candidates,12
0801,0,0801.png,37.25962264914192,37.40824475765696,36.318161340410455,36.646978811921,0.32881747151054697,0.00024543969266233034,0.00022088264813646674,2.4557044525863603e-05,0.103567246348557,0.08206913034953466,7.002783604548313e-06,0.00018794802599586546,0.00018162500055041164,0.010741219855844975,0.010585322976112366,24,44,32,3.2130534236785024e-05,0.0617508739233017,3.2130534236785024e-05,2.751402324065566e-05,2.761104001870586e-05,2.3869864890002646e-05,native32_nonoverlap,pixel residual map; stride4 candidates,13
0804,3,0804.png,35.93116865007238,36.164253857285104,35.05649186421972,35.36652806772655,0.3100362035068258,0.0003141368360957131,0.0002920573897426948,2.2079446353018284e-05,0.08905522979731065,0.07869610996753724,1.3389439118327573e-05,0.00025520147755742073,0.0002418658696115017,0.012338396161794662,0.012018141336739063,76,8,32,3.445794209255837e-05,0.09249502420425415,3.445794209255837e-05,2.776206936687231e-05,2.6693952450942663e-05,2.278459578519687e-05,native32_nonoverlap,pixel residual map; stride4 candidates,14
0829,28,0829.png,34.32197536894727,34.523518756681085,33.711966225665,34.00410847078226,0.2921422451172617,0.00043081633339170367,0.00040421850280836225,2.659783058334142e-05,0.07311088281943746,0.06447081576744981,1.7220943846041337e-05,0.0003696599742397666,0.0003528970992192626,0.014923825860023499,0.014598561450839043,72,48,32,4.3764874135376886e-05,0.07832738757133484,4.3764874135376886e-05,3.645010991021991e-05,3.1720080490534507e-05,2.637478246469982e-05,native32_nonoverlap,pixel residual map; stride4 candidates,15
0846,45,0846.png,37.49035268032098,37.66132538053546,36.44178184915833,36.730582490918664,0.28880064176033216,0.00023823098672437482,0.0002169341896660626,2.1296797058312222e-05,0.12145866486476967,0.10908763745534401,7.353264663834125e-06,0.00017822335939854383,0.0001713434321573004,0.010108047164976597,0.009915411472320557,44,16,32,3.883594035869464e-05,0.051990050822496414,3.883594035869464e-05,3.345086006447673e-05,2.9346701921895146e-05,2.1164520148886368e-05,native32_nonoverlap,pixel residual map; stride4 candidates,16
0802,1,0802.png,33.50609012252055,33.80071863690712,33.018724394738534,33.304121912239346,0.28539751750081166,0.000503422343172133,0.00046904911869205534,3.4373224480077624e-05,0.05132218406626568,0.04969495796737223,3.0272180083557032e-05,0.0004460577038116753,0.0004168003797531128,0.016369570046663284,0.01581648923456669,52,32,32,4.067068948643282e-05,0.09128060936927795,4.067068948643282e-05,3.826750908046961e-05,3.624039689182407e-05,3.5536348150344566e-05,native32_nonoverlap,pixel residual map; stride4 candidates,17
0808,7,0808.png,36.466032556430015,36.6744325799521,35.6415719204727,35.914136702517936,0.2725647820452366,0.0002777126937871799,0.00026065354177262634,1.7059152014553547e-05,0.09556791574543015,0.08508580018605646,1.0905883755185641e-05,0.00022562997764907777,0.00021505856420844793,0.01168349664658308,0.011424210853874683,60,8,32,4.057021578773856e-05,0.02215738780796528,4.057021578773856e-05,3.086177632212639e-05,2.4801555102587576e-05,1.987880386877805e-05,native32_nonoverlap,pixel residual map; stride4 candidates,18
0812,11,0812.png,36.81825115190934,37.0061419047436,36.43102499756012,36.69805763494209,0.26703263738196625,0.00022787738271290436,0.00021648233814630657,1.139504456659779e-05,0.04033465763604624,0.03669439804759154,9.610096640244592e-06,0.00020805337408091873,0.0001992442412301898,0.011355239897966385,0.011134695261716843,84,72,32,3.23549029417336e-05,0.09066885709762573,3.23549029417336e-05,2.9431350994855166e-05,2.310755694957657e-05,1.5993915440049022e-05,native32_nonoverlap,pixel residual map; stride4 candidates,19
0834,33,0834.png,36.76368541905572,37.07836976635599,36.14835554017783,36.38291691260686,0.23456137242902741,0.0002477421803632751,0.00023209101345855743,1.5651166904717684e-05,0.07955695151606677,0.09531233131867983,1.4499264580081217e-05,0.0002106839674524963,0.00019595796766225249,0.011037345975637436,0.010639246553182602,72,16,32,3.6109609936829656e-05,0.01751987263560295,3.6109609936829656e-05,3.5747354850173e-05,3.383691526121563e-05,2.7667751055560075e-05,native32_nonoverlap,pixel residual map; stride4 candidates,20
0818,17,0818.png,36.24148049113402,36.5780733182583,35.6046025175703,35.83495194463039,0.23034942706009076,0.0002755623499979265,0.0002679002209333703,7.662129064556211e-06,0.07048905724887482,0.07501795425005436,1.8327227735426277e-05,0.0002376030315645039,0.00021988351363688707,0.01196245476603508,0.011508414521813393,16,28,32,4.1456412873230875e-05,0.037397269159555435,4.1456412873230875e-05,3.784055821597576e-05,3.554430117623674e-05,2.9985609216964804e-05,native32_nonoverlap,pixel residual map; stride4 candidates,21
0813,12,0813.png,35.68900782430427,35.92009443896782,33.98312321579957,34.210931004717395,0.22780778891782205,0.0004863358844886534,0.0004649664697353728,2.136941475328058e-05,0.1666423004592211,0.16313347519236604,1.4680431377200875e-05,0.0002698355820029974,0.0002558529668021947,0.012402578257024288,0.012072846293449402,88,24,32,4.7788023948669434e-05,0.05586761236190796,4.7788023948669434e-05,4.3777651153504845e-05,4.047315774692429e-05,2.982025580422487e-05,native32_nonoverlap,pixel residual map; stride4 candidates,22
0836,35,0836.png,35.51480412623823,35.77439766950528,34.47438104264534,34.69554562416891,0.221164581523567,0.00036396412906469777,0.00034851050440920517,1.5453624655492604e-05,0.11414949428171219,0.12116078000478511,1.6960815628408454e-05,0.00028087920509278774,0.0002645819040481001,0.012983069755136967,0.012597275897860527,8,8,32,3.263022881583311e-05,0.06216687336564064,3.263022881583311e-05,2.5844050105661155e-05,2.498310641385615e-05,2.2477866878034547e-05,native32_nonoverlap,pixel residual map; stride4 candidates,23
0826,25,0826.png,35.94549695482246,36.16586895603375,34.60982079391862,34.826493775967826,0.2166729820492037,0.0003532173723215237,0.00033580933086341247,1.7408041458111256e-05,0.13394680083882776,0.12907484268429634,1.3291962204675656e-05,0.000254360813414678,0.0002417759969830513,0.012264534831047058,0.011997899040579796,56,8,32,2.7467103791423142e-05,0.07811380922794342,2.7467103791423142e-05,2.3866826668381692e-05,2.325825173304313e-05,2.2003468984621577e-05,native32_nonoverlap,pixel residual map; stride4 candidates,24
0849,48,0849.png,36.08226228017765,36.26490048354317,35.54565037899514,35.75754774317339,0.2118973641782489,0.00028488438692875206,0.0002703905338421464,1.4493853086605668e-05,0.05980934219623186,0.055744081433750585,1.0666101843526121e-05,0.0002464755089022219,0.00023632512602489442,0.012360462918877602,0.012122838757932186,8,80,32,2.7771809982368723e-05,0.12938833236694336,2.7771809982368723e-05,2.414486836642027e-05,2.104767514134033e-05,1.529218025098089e-05,native32_nonoverlap,pixel residual map; stride4 candidates,25
0847,46,0847.png,36.277510261140044,36.45168816020751,35.12269023503967,35.32494496902662,0.2022547339869476,0.00033747233101166785,0.00031107661925489083,2.639571175677702e-05,0.13913677097696242,0.136858383032048,9.701220733404625e-06,0.00023564003640785813,0.00022637640358880162,0.011594809591770172,0.011375954374670982,24,8,32,3.749931784113869e-05,0.08722607791423798,3.749931784113869e-05,3.03780403919518e-05,2.7794785435414975e-05,2.0273302652640268e-05,native32_nonoverlap,pixel residual map; stride4 candidates,26
0817,16,0817.png,34.28920332310022,34.46511393705575,32.751285524875364,32.95107616508002,0.19979064020465387,0.0005575052346102893,0.0005379962240112945,1.950901059899479e-05,0.17600449583529051,0.17335437893986708,1.4335670130094513e-05,0.0003724600246641785,0.00035767501685768366,0.014667837880551815,0.014381776563823223,28,12,32,4.1397583117941394e-05,0.04556002467870712,4.1397583117941394e-05,3.8047656416893006e-05,3.646157953577737e-05,2.9223010642454028e-05,native32_nonoverlap,pixel residual map; stride4 candidates,27
0821,20,0821.png,35.57528103533216,35.724382763616156,34.77980440891737,34.979533804029266,0.1997293951118948,0.00033471122151240706,0.00032260951411444694,1.2101707397960126e-05,0.09912335495485,0.09172269664172467,1.0117271813214757e-05,0.0002769950369838625,0.00026764662470668554,0.01297943014651537,0.012786741368472576,48,88,32,2.4942404706962407e-05,0.13439905643463135,2.4942404706962407e-05,2.2186075802892447e-05,1.9422843858289223e-05,1.4781683603359852e-05,native32_nonoverlap,pixel residual map; stride4 candidates,28
0806,5,0806.png,36.352434030634996,36.540082546186724,35.671798963020514,35.86161713461385,0.18981817159333758,0.00027570084057515487,0.0002645674758241512,1.1133364751003683e-05,0.06982596254668247,0.06958956714804836,1.0014990039053373e-05,0.00023160959244705737,0.00022181536769494414,0.011901197955012321,0.011647039093077183,60,32,32,2.478012174833566e-05,0.049931712448596954,2.478012174833566e-05,2.0038948860019447e-05,1.967109791520569e-05,1.5294228433049284e-05,native32_nonoverlap,pixel residual map; stride4 candidates,29
0823,22,0823.png,36.40231506603826,36.71844928088491,35.90606671555153,36.084451526150715,0.17838481059918365,0.0002585674883448519,0.0002480269395164214,1.0540548828430474e-05,0.0560030619921022,0.07345646373613955,1.6401958419010043e-05,0.00022896469454281032,0.00021288986317813396,0.011808892711997032,0.011384043842554092,68,8,32,3.044478944502771e-05,0.01274704746901989,3.044478944502771e-05,2.6741016190499066e-05,2.450522151775658e-05,2.3803546355338767e-05,native32_nonoverlap,pixel residual map; stride4 candidates,30
0850,49,0850.png,36.609018793718974,36.67493658751104,34.80435548047309,34.97069724720657,0.16634176673348122,0.0003859671560348943,0.00036921579157933593,1.675136445555836e-05,0.166651679465204,0.1543294408303229,3.465206418695743e-06,0.00021832226775586605,0.0002150336222257465,0.011318661272525787,0.011285047978162766,28,52,32,2.376085649302695e-05,0.06237514317035675,2.376085649302695e-05,1.950564212165773e-05,1.5696316647032898e-05,1.035199238685891e-05,native32_nonoverlap,pixel residual map; stride4 candidates,31
0811,10,0811.png,37.33575342051164,37.386918215022874,36.52937674433336,36.69428408211331,0.16490733777995104,0.00022692797574563883,0.00022305471065919846,3.8732650864403695e-06,0.07766339350374078,0.0686472157296744,2.4853877675923286e-06,0.00018468205234967172,0.00018251902656629682,0.010707419365644455,0.0106626832857728,60,8,32,2.344804488529917e-05,0.04872868210077286,2.344804488529917e-05,1.72887125518173e-05,1.3954238966107368e-05,8.389642971451394e-06,native32_nonoverlap,pixel residual map; stride4 candidates,32
0815,14,0815.png,36.16625844674583,36.242454627064504,35.11041986624957,35.272558200370014,0.1621383341204421,0.00031125431996770203,0.000308114817016758,3.1395029509440064e-06,0.12086184698141669,0.11108206029792342,4.793392236024374e-06,0.0002417542418697849,0.00023754971334710717,0.01214670855551958,0.01206796895712614,40,40,32,3.93588088627439e-05,0.05366230010986328,3.93588088627439e-05,3.1049642711877826e-05,2.3937166487384173e-05,1.6979407519102097e-05,native32_nonoverlap,pixel residual map; stride4 candidates,33
0830,29,0830.png,37.09817172541462,37.212554657447924,36.497343990752846,36.65492737782439,0.15758338707154707,0.00022725669623469003,0.00022121197980595753,6.0447164287324995e-06,0.07980007389010836,0.07182844449845786,5.072144631412812e-06,0.00019506656099110842,0.0001899960043374449,0.010985096916556358,0.01085706241428852,8,44,32,1.8971137251355685e-05,0.07356411963701248,1.8971137251355685e-05,1.4371293364092708e-05,1.3680337967040638e-05,1.2080674423486926e-05,native32_nonoverlap,pixel residual map; stride4 candidates,34
0819,18,0819.png,36.22943279821711,36.315274528104695,35.21686423135438,35.37112737263758,0.1542631412832023,0.00031034064159030095,0.00030331359448609874,7.027047104202211e-06,0.09569818158586779,0.09131960917397372,4.605919002642622e-06,0.00023826304823160172,0.0002335997996851802,0.012023074552416801,0.011922067031264305,88,12,32,2.3995438823476434e-05,0.06064877286553383,2.3995438823476434e-05,1.806159969419241e-05,1.6970893031814034e-05,1.3452846360451076e-05,native32_nonoverlap,pixel residual map; stride4 candidates,35
0832,31,0832.png,36.62334462115727,36.71289416099515,35.80880626959455,35.961695325487845,0.15288905589329715,0.00027760703960666433,0.00026867332053370774,8.933719072956592e-06,0.09870215163611407,0.09155843375998207,4.773954515258083e-06,0.00021760331583209336,0.0002131623332388699,0.011480847373604774,0.011393924243748188,72,16,32,2.2600695956498384e-05,0.12768197059631348,2.2600695956498384e-05,2.215756569057703e-05,1.9400980414098336e-05,1.3993638276588172e-05,native32_nonoverlap,pixel residual map; stride4 candidates,36
0807,6,0807.png,34.23430638537467,34.3408695196069,32.50823314030947,32.657412865978515,0.14917972566904325,0.0005772015574621037,0.0005537814722629264,2.3420085199177265e-05,0.20374212062614525,0.19764435163542055,9.862246770353522e-06,0.00037719804095104337,0.00036805527633987367,0.014835529960691929,0.014687257818877697,56,60,32,3.0301960578071885e-05,0.022607892751693726,3.0301960578071885e-05,2.5773649103939532e-05,2.5665513627852004e-05,2.1627785827149637e-05,native32_nonoverlap,pixel residual map; stride4 candidates,37
0809,8,0809.png,35.991809739857445,36.133104588006695,34.911980018528205,35.06094436442232,0.14896434589411456,0.0003341555639053695,0.0003201655053999275,1.3990058505441993e-05,0.11558133218869197,0.11478966986761822,7.955711225804407e-06,0.0002516628010198474,0.0002436068607494235,0.012425597757101059,0.01223728246986866,40,28,32,3.233960160287097e-05,0.05799245089292526,3.233960160287097e-05,2.7477256953716278e-05,2.261383471907013e-05,1.7067051885533147e-05,native32_nonoverlap,pixel residual map; stride4 candidates,38
0831,30,0831.png,36.44711799249357,36.54168747440163,35.303065339115065,35.451805723375934,0.14874038426086855,0.00033190848625963554,0.0003199856655555777,1.1922820704057813e-05,0.11507892323968288,0.10738464734385737,5.172576038603438e-06,0.0002266148367198184,0.00022173345496412367,0.011676156893372536,0.01158207654953003,48,44,32,1.971294841496274e-05,0.04626263678073883,1.971294841496274e-05,1.9090382847934963e-05,1.653484165823708e-05,1.2745710591843817e-05,native32_nonoverlap,pixel residual map; stride4 candidates,39
0835,34,0835.png,36.78735719233934,36.84168550424724,35.284165035649565,35.41893462682333,0.13476959117376452,0.0003344814249430783,0.00032167434983421117,1.2807075108867139e-05,0.1495047062983735,0.1376367724069491,2.4643982214911375e-06,0.00020953865896444768,0.00020693383703473955,0.011207379400730133,0.01118078175932169,80,56,32,2.6603451260598376e-05,0.09606209397315979,2.6603451260598376e-05,2.0630552899092437e-05,1.5850560480935706e-05,1.0534344255574979e-05,native32_nonoverlap,pixel residual map; stride4 candidates,40
0822,21,0822.png,36.2517838193734,36.361963100577874,35.68975923466575,35.823303028237454,0.13354379357170387,0.0002725912709138356,0.0002696906158234924,2.900655090343207e-06,0.06739959899422382,0.06406046480271367,6.329009465844138e-06,0.00023703994520474225,0.00023110196343623102,0.01210646890103817,0.011972509324550629,80,40,32,1.881771459011361e-05,0.08455680310726166,1.881771459011361e-05,1.8015590030699967e-05,1.699872761188696e-05,1.365026764688082e-05,native32_nonoverlap,pixel residual map; stride4 candidates,41
0839,38,0839.png,38.240044971579536,38.26836340732848,37.143988477609355,37.27564707947462,0.13165860186526857,0.00019599556981120259,0.00019329405404278077,2.701515768421814e-06,0.14591829484282112,0.1320877807027584,1.4993120203143917e-06,0.00014996690151747316,0.0001489922869950533,0.00876188650727272,0.008772887289524078,36,8,32,1.7913915144163184e-05,0.05733263120055199,1.7913915144163184e-05,1.4069152530282737e-05,1.1124025655186011e-05,8.313609214383177e-06,native32_nonoverlap,pixel residual map; stride4 candidates,42
0837,36,0837.png,36.55091905607491,36.61235652860552,35.75192611207733,35.86106980547979,0.10914369340245855,0.0002712727145990357,0.0002667357330210507,4.536981577984989e-06,0.08888285323233873,0.08267867591432523,3.0179962777765468e-06,0.0002212626568507403,0.0002181546005886048,0.011588643305003643,0.011537943035364151,20,88,32,1.014491317619104e-05,0.09512335062026978,1.014491317619104e-05,8.126990869641305e-06,6.955007847864181e-06,5.360032446333207e-06,native32_nonoverlap,pixel residual map; stride4 candidates,43
0843,42,0843.png,37.79093385356831,37.74298468403573,36.94938259196623,37.002317650517725,0.052935058551497605,0.00020598966148099862,0.0002021659784077201,3.8236830732785165e-06,0.08332380391498803,0.07361137229468856,-1.5884553477008012e-06,0.00016630548634566367,0.0001681518042460084,0.010178170166909695,0.010248249396681786,60,32,32,1.1004223779309541e-05,0.08867660909891129,1.1004223779309541e-05,8.285975200124085e-06,6.725297377367194e-06,3.82123289455194e-06,native32_nonoverlap,pixel residual map; stride4 candidates,44
0828,27,0828.png,36.74094728026833,36.81308060267451,36.245422805686395,36.295738721870265,0.05031591618386955,0.00024332749671884812,0.00024051282161963172,2.8146750992164016e-06,0.04728907177996802,0.04781300301347885,3.440802402110421e-06,0.00021178994211368263,0.00020830125140491873,0.011367864906787872,0.011258157901465893,24,64,40,8.001836249604821e-06,0.018579812049865724,7.815038770786487e-06,8.001836249604821e-06,7.660987547650519e-06,6.499419669125928e-06,native32_nonoverlap,pixel residual map; stride4 candidates,45
0841,40,0841.png,37.47961588476875,37.45954104650174,36.845176133680305,36.86956800038733,0.024391866707027532,0.00021023872250225395,0.00020797678371309303,2.261938789160922e-06,0.07032057137123768,0.06480018406929755,-5.790028581031947e-07,0.00017866454436443746,0.00017949234461411834,0.010529967956244946,0.010574073530733585,12,20,32,9.404708180227317e-06,0.09825903177261353,9.404708180227317e-06,6.01797946728766e-06,3.6987387122482887e-06,1.166935135188396e-06,native32_nonoverlap,pixel residual map; stride4 candidates,46
0814,13,0814.png,37.22817335637748,37.200740131299305,36.59210003027595,36.60801994121542,0.01591991093946632,0.00022345016623148695,0.00022349457867676392,-4.441244527697563e-08,0.07363498988342305,0.06877164272647449,-9.237402309736353e-07,0.0001893139851745218,0.0001905136159621179,0.010852108709514141,0.010894859209656715,60,80,32,8.043858542805538e-06,0.07620469480752945,8.043858542805538e-06,5.953743821009993e-06,4.8893319520478444e-06,3.838769316644175e-06,native32_nonoverlap,pixel residual map; stride4 candidates,47
0840,39,0840.png,37.53271462285981,37.47902095965715,36.74201150597314,36.74265774894116,0.0006462429680240689,0.00021810071484651417,0.00021788919184473343,2.1152300178073347e-07,0.07419430362283248,0.06955719788678943,-2.210719685535878e-06,0.0001764934422681108,0.0001786890788935125,0.01050099078565836,0.01057526282966137,68,68,32,4.358505975687876e-06,0.0879923403263092,4.358505975687876e-06,3.1624623807147147e-06,1.9974997687515697e-06,8.386089120904217e-07,native32_nonoverlap,pixel residual map; stride4 candidates,48
0827,26,0827.png,37.79990494702977,37.73361121089845,37.073305463439226,37.05255211161136,-0.020753351827863753,0.00020195948673062958,0.00020290615793783218,-9.466712072025985e-07,0.06569060614572075,0.0615193819978438,-2.4687883524165954e-06,0.00016596229397691786,0.00016851509280968457,0.010187951847910881,0.010275760665535927,40,76,32,2.800006768666208e-06,0.037628788501024246,2.800006768666208e-06,1.1574645759537816e-06,1.3674838959963785e-07,-6.941210131117259e-07,native32_nonoverlap,pixel residual map; stride4 candidates,49
0810,9,0810.png,37.18787235217053,37.13498235175021,36.48651269117533,36.45934424252199,-0.027168448653334565,0.00022623469340032898,0.00022886165606905706,-2.6269626687280834e-06,0.07133741038393104,0.06925169461631177,-2.408826730970759e-06,0.00019107889966107905,0.00019342020095791668,0.01093972846865654,0.011027496308088303,48,76,32,1.8612922758620698e-06,0.04482981562614441,1.8612922758620698e-06,1.0832695988938213e-06,5.555044077078087e-07,-9.609215112504899e-08,native32_nonoverlap,pixel residual map; stride4 candidates,50
