image_id,validation_index,source_filename,delta_local_psnr,delta_p95,max_positive_d_patch,positive_d_patch_area,top10_residual_reduction,roi_mse_improvement,roi_x,roi_y,roi_size,roi32_improvement,roi40_improvement,roi48_improvement,roi64_improvement,patch_mse_base_mean,patch_mse_ours_mean,semantic_proxy_mean_rgb,semantic_proxy_texture,rank,content_diversity_distance
0822,21,0822.png,1.4481632735907866,0.0002832259197020903,0.00034089310793206096,1.0,0.005999419838190079,0.00037020945455878973,68,84,32,0.00037020945455878973,0.00035039551556110383,0.0003149245296501451,0.00027974043041467667,0.0008471732144244015,0.000618521124124527,0.2865745723247528,0.04080900549888611,1,
0823,22,0823.png,1.3715696152878145,0.00024203424982260913,0.00030280015198513865,1.0,0.0032806210219860077,0.0003351597487926483,84,40,40,0.0003311643667984754,0.0003351597487926483,0.00030869167918960255,0.00024080615548882633,0.0006832694634795189,0.0005580873694270849,0.5602100491523743,0.03216889873147011,2,0.30819590389728546
0839,38,0839.png,1.2943680888610842,0.00018930155783891678,0.00021338585065677762,1.0,0.0051327720284461975,0.00027417170349508524,60,56,32,0.00027417170349508524,0.00024882256984710694,0.0002274267737650209,0.0002237039152532816,0.0005851539317518473,0.00044334621634334326,0.24716077744960785,0.026952747255563736,3,
0810,9,0810.png,1.2395412492384317,0.00020373554434627295,0.00025116908363997936,1.0,0.004958517849445343,0.00027409160509705543,56,8,40,0.00027213507564738393,0.00027409160509705543,0.0002441059591041671,0.00022323823941405863,0.000720562064088881,0.0005253134877420962,0.4251464307308197,0.02727471850812435,4,
0838,37,0838.png,1.2250330813817207,0.00021776642824988812,0.00027451274218037724,1.0,0.005134429782629013,0.000329003669321537,52,32,32,0.000329003669321537,0.0003132377937436104,0.00028153927996754646,0.00025503113283775747,0.0007404445204883814,0.0005709916003979743,0.3524303138256073,0.02750164456665516,5,
0816,15,0816.png,1.2053849857450771,0.00017033619224093854,0.00021445585298351943,1.0,0.004069607704877853,0.00023300165310502052,8,56,40,0.00023006949049886316,0.00023300165310502052,0.0002154738176614046,0.00020695588318631053,0.0006173772271722555,0.0004674500960391015,0.5161490440368652,0.0287901870906353,6,
0811,10,0811.png,1.187927828370988,0.00019801355665549636,0.0002523097791709006,1.0,0.0040090568363666534,0.0002841836540028453,16,92,32,0.0002841836540028453,0.00024983221665024756,0.00023743890536328158,0.0002113602531608194,0.0006552132545039058,0.0005122597794979811,0.279951274394989,0.02706093341112137,7,
0831,30,0831.png,1.1733537370063871,0.00019666440493892878,0.00024536967976018786,1.0,0.004856910556554794,0.00027882393449544905,24,56,40,0.00026699702721089125,0.00027882393449544905,0.0002504457047002183,0.0002282986679347232,0.0007470007985830307,0.0005753955338150263,0.3152328431606293,0.04114822670817375,8,
0830,29,0830.png,1.1683237916821412,0.00018106347124557942,0.00022366584744304419,1.0,0.004412319511175156,0.000256967032328248,52,88,32,0.000256967032328248,0.00023456122726202012,0.00021738680596980784,0.00020804317318834364,0.0006543374620378017,0.0004997493233531713,0.5022552609443665,0.02561779133975506,9,
0840,39,0840.png,1.1617413053144716,0.00018000535783357918,0.00019465567311272025,1.0,0.004337526857852936,0.00021663976833224296,40,44,40,0.00021450335043482482,0.00021663976833224296,0.00019700179756101634,0.00018212107534054667,0.0006403474835678935,0.00048318534391000867,0.2745135724544525,0.044572338461875916,10,
0849,48,0849.png,1.1207355144668583,0.00022690635523758829,0.0002437637303955853,1.0,0.004298124462366104,0.0002617246063891798,12,28,32,0.0002617246063891798,0.00025759026408195496,0.000239275809791353,0.00022306328173726797,0.000812642159871757,0.0006365465233102441,0.39030250906944275,0.07187360525131226,11,
0841,40,0841.png,1.1074060159880332,0.0001712986995698884,0.00020109853358007967,1.0,0.004368871450424194,0.00024683267110958695,60,12,32,0.00024683267110958695,0.00022750692442059518,0.0002087156753987074,0.00019042387430090457,0.0006340735708363354,0.0004947173874825239,0.2665790617465973,0.02992689236998558,12,
0834,33,0834.png,1.0555441586492122,0.00018597977759782225,0.00021698384080082178,0.9375,0.0034053288400173187,0.0002440226380713284,40,92,32,0.0002440226380713284,0.0002391350269317627,0.00022533595458500914,0.00019800112931989133,0.000667945365421474,0.0005425008130259812,0.5834912657737732,0.03353475034236908,13,
0815,14,0815.png,1.0481735225219424,0.00019319489365443587,0.0002445797435939312,1.0,0.004637684673070908,0.0002634789049625397,44,72,40,0.0002616624115034938,0.0002634789049625397,0.0002543241199519899,0.00022925951634533703,0.0007625400903634727,0.0005808154819533229,0.3568512499332428,0.039585791528224945,14,
0837,36,0837.png,1.0046773312864836,0.00018357881344854832,0.00018556107534095645,1.0,0.004256047308444977,0.00022274731600191444,60,20,32,0.00022274731600191444,0.00021961830556392668,0.0002001198267357217,0.00019293052901048213,0.0007141392561607063,0.0005598317366093397,0.31678441166877747,0.05047079175710678,15,
0835,34,0835.png,0.9713517181484477,0.0001774893025867641,0.00020261562895029783,1.0,0.004028428345918655,0.0001862012967467308,8,76,40,0.00018609636754263192,0.0001862012967467308,0.00017184934889276823,0.00016298900300171226,0.0006522238836623728,0.0005109889898449183,0.37259089946746826,0.03852778673171997,16,
0843,42,0843.png,0.9207163694329026,0.00013021299673710018,0.00016452244017273188,1.0,0.003075782209634781,0.0001920636568684131,48,32,32,0.0001920636568684131,0.00019143957644701003,0.00017516221851110458,0.0001478960330132395,0.000580594758503139,0.00047699076822027564,0.1370130032300949,0.015309132635593414,17,
0845,44,0845.png,0.9126103034232358,0.00013278279220685363,0.00015372433699667454,1.0,0.0029487572610378265,0.00019036815501749516,80,44,32,0.00019036815501749516,0.0001815740205347538,0.00016132126458817057,0.0001378395827487111,0.0006171161076053977,0.0005038807867094874,0.6150886416435242,0.036584313958883286,18,
0805,4,0805.png,0.9102724809803355,0.00011770029959734529,0.0001874936860986054,1.0,0.0036318227648735046,0.0002253259881399572,56,80,32,0.0002253259881399572,0.00021807869896292687,0.0001933835188133849,0.00016152588068507612,0.0006012404337525368,0.00047152882325462997,0.5749167203903198,0.039211541414260864,19,
0833,32,0833.png,0.8824347521021672,0.0001855017035268247,0.00020579691044986248,1.0,0.00365288183093071,0.00022497837198898196,28,24,32,0.00022497837198898196,0.00021936582401394845,0.00019178997414807478,0.00017837101768236607,0.0007592486217617989,0.0006190098938532174,0.6849210858345032,0.029190383851528168,20,
0846,45,0846.png,0.8811863635124055,0.00012065422197338194,0.0001570340828038752,1.0,0.0035132430493831635,0.00018881773576140404,20,44,32,0.00018881773576140404,0.0001854083128273487,0.00016763510130759742,0.0001497000630479306,0.0005512783536687493,0.00043961286428384483,0.5315220952033997,0.034967757761478424,21,
0842,41,0842.png,0.860520652738451,0.000147925631608814,0.00022597386850975454,1.0,0.002993326634168625,0.0002603234024718404,40,76,32,0.0002603234024718404,0.0002498871460556984,0.00023539110811220275,0.00019359641009941697,0.0006228702259249985,0.000506517244502902,0.6015847325325012,0.03774707019329071,22,
0812,11,0812.png,0.8307768817343941,0.00012424532906152308,0.0002118198317475617,1.0,0.0028938651084899902,0.0002035473589785397,84,92,32,0.0002035473589785397,0.00016288753598928452,0.0001469439206024011,0.00013383509940467775,0.0006398927071131766,0.0005277048330754042,0.4564560651779175,0.03928641602396965,23,
0818,17,0818.png,0.8215941961427866,0.00014769559493288398,0.00018556753639131784,0.9375,0.003248445689678192,0.00020512327319011092,8,76,32,0.00020512327319011092,0.0001962563581764698,0.00017835800018575456,0.00016348791541531682,0.0006885628681629896,0.0005776196485385299,0.5775483250617981,0.04102083295583725,24,
0819,18,0819.png,0.816078588927521,0.0001544105471111834,0.00020836025942116976,1.0,0.0034867189824581146,0.00023923718254081905,12,76,32,0.00023923718254081905,0.00022787565365433692,0.00021409751692165932,0.0001987410942092538,0.0007242578431032598,0.0005819855723530054,0.40653499960899353,0.03937216475605965,25,
0836,35,0836.png,0.8135842537541897,0.00017363789083901793,0.00021282839588820934,1.0,0.003926120698451996,0.0002933487994596362,36,52,32,0.0002933487994596362,0.0002587187848985195,0.0002267965529527929,0.00019451387925073504,0.0007683443836867809,0.00063609384233132,0.5595678687095642,0.03558292239904404,26,
0803,2,0803.png,0.8066030970637321,0.00028891555848531425,0.00034161785151809454,1.0,0.00414908304810524,0.0004346238565631211,48,28,32,0.0004346238565631211,0.0003764443099498749,0.0003117120876494381,0.0002650765236467123,0.0010751993395388126,0.0009172367863357067,0.479604035615921,0.03161511570215225,27,
0806,5,0806.png,0.8009226929183875,0.000137309601996094,0.00020336353918537498,1.0,0.0023714378476142883,0.00022449719836004078,28,40,32,0.00022449719836004078,0.0002115815319120884,0.00018574183599816429,0.00015452041407115757,0.0006874027894809842,0.000586507492698729,0.4593068063259125,0.030828719958662987,28,
0832,31,0832.png,0.7995597118182758,9.908452921081334e-05,0.00019829219672828913,1.0,0.0032593682408332825,0.00020060724637005478,12,20,32,0.00020060724637005478,0.0001922585256397724,0.00016590095280359188,0.00016039158799685538,0.000688645988702774,0.0005546933971345425,0.3638356924057007,0.047960929572582245,29,
0826,25,0826.png,0.7924162041456029,0.00016136671183630824,0.00023550406331196427,1.0,0.003853447735309601,0.0002555052051320672,72,92,32,0.0002555052051320672,0.0002417060360312462,0.00022310510070787536,0.0002141123841283843,0.0007459550397470593,0.0006116038421168923,0.47435447573661804,0.035558342933654785,30,
0817,16,0817.png,0.7709756453812204,0.00016719664563424885,0.0003559217439033091,1.0,0.0028320923447608948,0.000354297662852332,4,92,32,0.000354297662852332,0.0003144320100545883,0.0003052957666416963,0.0002731987915467471,0.0009329052991233766,0.0007780513260513544,0.4578501284122467,0.033605340868234634,31,
0801,0,0801.png,0.7611668099333748,9.959725139196962e-05,0.00018850070773623884,1.0,0.0037794560194015503,0.00021293167083058506,56,12,32,0.00021293167083058506,0.00020856019109487532,0.00017526951463272175,0.00015651083958800882,0.0006089428788982332,0.00047917175106704235,0.4834509789943695,0.04462282359600067,32,
0809,8,0809.png,0.751547057640451,0.0001374848507111892,0.00023919390514492989,1.0,0.00405694916844368,0.0002854841877706349,28,52,32,0.0002854841877706349,0.0002478772401809692,0.000223067459753818,0.00020610350475180894,0.0007631544722244143,0.0006077499710954726,0.43480050563812256,0.03164387866854668,33,
0847,46,0847.png,0.721821870669082,0.00011612485104706138,0.0001758378348313272,1.0,0.003078605979681015,0.0001860442862380296,20,44,32,0.0001860442862380296,0.0001705346256494522,0.00015177921805944707,0.00013248162576928735,0.0006586250965483487,0.0005469481693580747,0.4459592401981354,0.05094550549983978,34,
0827,26,0827.png,0.7174768046693458,0.0001157687947852537,0.0001384770730510354,1.0,0.0026075467467308044,0.00014809300773777068,52,64,32,0.00014809300773777068,0.00014425644651055335,0.00013461822850836648,0.00012152300769230351,0.0005639127339236438,0.0004786754143424332,0.1424686461687088,0.0149943633005023,35,
0820,19,0820.png,0.7097941006982467,0.00012024343595840037,0.00020728458184748888,1.0,0.0028322748839855194,0.00022502582520246507,56,76,40,0.0002178656868636608,0.00022502582520246507,0.0002096012726219164,0.00019073033763561398,0.000647098058834672,0.0005428596050478518,0.5245850682258606,0.05083269253373146,36,
0804,3,0804.png,0.7072213041510658,0.00011203193571418524,0.00015758618246763945,1.0,0.002921711653470993,0.0001745634654071182,72,44,32,0.0001745634654071182,0.00017036184668540956,0.00015519983652565215,0.00013841950567439198,0.0006703089457005262,0.0005751519929617643,0.5133379101753235,0.048671506345272064,37,
0825,24,0825.png,0.6920886418043182,0.00013210023462306708,0.0002533325459808111,1.0,0.003928199410438538,0.0002730650082230568,8,24,40,0.00026855734176933765,0.0002730650082230568,0.00024197434282137288,0.00021030260541010648,0.0007241925923153758,0.0005808863788843155,0.474878191947937,0.05344182625412941,38,
0824,23,0824.png,0.6597275392813131,0.00011602074664551765,0.00016193054034374654,1.0,0.002213466912508011,0.00017815068713389337,60,92,32,0.00017815068713389337,0.00015615480951964856,0.00013997050053957436,0.00013450974074658006,0.0006387847242876887,0.0005512596108019352,0.496003657579422,0.04314515367150307,39,
0850,49,0850.png,0.6571400214353567,0.00014447889407165349,0.00021791711333207786,1.0,0.004265584051609039,0.0002477271482348442,76,92,32,0.0002477271482348442,0.00024406127631664275,0.00023267040443089273,0.00022170881857164204,0.0007080465438775718,0.0005502933636307716,0.4106020927429199,0.03605526313185692,40,
0814,13,0814.png,0.601874659042771,9.071483509615064e-05,0.0001498362107668072,1.0,0.002522282302379608,0.0001603347063064575,56,60,40,0.0001588724844623357,0.0001603347063064575,0.00013232782172660032,0.00011854871991090477,0.0005673437844961882,0.00048770642024464905,0.3490951955318451,0.017175432294607162,41,
0829,28,0829.png,0.5796250440247306,0.00013111415319144726,0.00023279781453311443,1.0,0.0039114803075790405,0.00035839647171087563,64,52,32,0.00035839647171087563,0.0003006597049534321,0.00023805489763617516,0.0001867385726654902,0.000927831744775176,0.0008101817220449448,0.3369382321834564,0.030423535034060478,42,
0808,7,0808.png,0.5413204841908339,0.00010228558676317334,0.00021598098101094365,0.9375,0.003083832561969757,0.00027522226446308196,68,52,32,0.00027522226446308196,0.00027301417663693427,0.00023504232780800926,0.00019597086065914482,0.0007146783173084259,0.0005929563194513321,0.38151001930236816,0.026027385145425797,43,
0828,27,0828.png,0.505709451946629,0.00010292176739312708,0.0001126619172282517,1.0,0.0016852617263793945,0.00015110023377928883,12,28,32,0.00015110023377928883,0.00013762508518993854,0.00011387768770671553,9.266963024856523e-05,0.0005612891400232911,0.000510448298882693,0.1899133175611496,0.03473580628633499,44,
0807,6,0807.png,0.4257795913713842,8.319891639985144e-05,0.00019050069386139512,1.0,0.0018978714942932129,0.0002599082072265446,52,28,32,0.0002599082072265446,0.00020790446549654007,0.00018689176067709923,0.00016903624054975808,0.0008827230776660144,0.0007563990075141191,0.33170104026794434,0.03379812091588974,45,
0813,12,0813.png,0.2748931800693235,4.372181138023734e-06,0.00015054544201120734,1.0,0.0019383430480957031,0.00019452323613222688,20,56,32,0.00019452323613222688,0.00018574059009552002,0.00015665160026401281,0.0001352470862912014,0.0007026279345154762,0.0006177737377583981,0.4564584493637085,0.03967069834470749,46,
0844,43,0844.png,0.2586724050935416,3.625884710345417e-05,0.00017201283480972052,0.9375,0.0016023218631744385,0.0001918371708597988,12,28,32,0.0001918371708597988,0.00018869763240218163,0.00017208881520976624,0.00016036731540225446,0.0007309924112632871,0.0006563407951034606,0.7418403029441833,0.016573220491409302,47,
0821,20,0821.png,0.25284511299571477,6.61115045659244e-05,0.00015254743630066514,0.9375,0.0012845918536186218,0.00017406557162757963,4,28,32,0.00017406557162757963,0.00014996694400906563,0.0001217739578957359,9.961464093066752e-05,0.00078466662671417,0.0007132275495678186,0.3505714237689972,0.07841141521930695,48,
0802,1,0802.png,0.22205071738178006,3.6749959690496325e-05,0.00015302293468266726,1.0,0.0031471028923988342,0.00015416988753713667,12,48,32,0.00015416988753713667,0.00013156384229660035,9.88078536465764e-05,8.430099114775658e-05,0.0010290771024301648,0.0009513794793747365,0.2919362783432007,0.052391503006219864,49,
0848,47,0848.png,0.04293551216467861,-6.953167030587792e-06,0.0002540866262279451,0.875,0.0018895193934440613,0.0002759756171144545,92,72,32,0.0002759756171144545,0.00024072706699371338,0.00020081531773838733,0.0001626766170375049,0.0008061178959906101,0.0007067540427669883,0.4015893042087555,0.05012819543480873,50,
