run,method,condition,w_msg,lambda_img,config,output_dir,epochs,source_checkpoint,source_checkpoint_sha256,checkpoint,checkpoint_sha256,checkpoint_epoch,samples,psnr,ssim,ms_ssim,lpips,local_psnr,p95,gini,cv,top10_mean,top10_energy_share,ciede2000_global,ciede2000_top10,ber100,ber70,ber50,ber40,ber30,status,phase,screen_condition
ours-base_reference,Ours-base,reference,10.0,1.0,/mnt/wmcontent/GLX/icassp/MBRS/checkpoints/fig2_stress/ours-base_reference/config.json,/mnt/wmcontent/GLX/icassp/MBRS/checkpoints/fig2_stress/ours-base_reference,5,/mnt/wmcontent/GLX/icassp/MBRS/experiments/runs/optimization_global_seed17_128_m64_crop/checkpoint_0100.pth,1a82ec4f9559c5861fdcbd51ddd76b4ecce2507e7ecf8c1a7e63a9ea6cce2907,/mnt/wmcontent/GLX/icassp/MBRS/checkpoints/fig2_stress/ours-base_reference/checkpoint_0005.pth,8713d6f841954fe04ad0256b325a89010bb4310b3771aebd47065d5c50beff18,5,50,35.31424488733145,0.9509281527996063,0.9804017770290375,0.003187947447877377,34.52222366386737,0.0003785038368368987,0.09555778711609784,0.17397884756326676,0.0003859012830071151,0.16286055564880372,4.178788628578186,10.221279983520509,0.0,0.0,0.016,0.044875,0.1148125,pass,,
ours_reference,Ours,reference,10.0,1.0,/mnt/wmcontent/GLX/icassp/MBRS/checkpoints/fig2_stress/ours_reference/config.json,/mnt/wmcontent/GLX/icassp/MBRS/checkpoints/fig2_stress/ours_reference,5,/mnt/wmcontent/GLX/icassp/MBRS/experiments/runs/optimization_global_seed17_128_m64_crop/checkpoint_0100.pth,1a82ec4f9559c5861fdcbd51ddd76b4ecce2507e7ecf8c1a7e63a9ea6cce2907,/mnt/wmcontent/GLX/icassp/MBRS/checkpoints/fig2_stress/ours_reference/checkpoint_0005.pth,48e394e59edc5a977a7faec9cf223806b03267cf0d28a6c9fa1c2fb05630dae6,5,50,35.38101385790666,0.9514158201217652,0.9806226503849029,0.0029718462319578975,34.612166679219534,0.00036961714286007916,0.09203502663692882,0.16757360279560088,0.0003766583005199209,0.1614591261744499,4.154285659790039,10.167656364440917,0.0,0.0,0.0160625,0.045,0.1153125,pass,,
ours-base_wmsg20,Ours-base,wmsg20,20.0,1.0,/mnt/wmcontent/GLX/icassp/MBRS/checkpoints/fig2_stress/ours-base_wmsg20/config.json,/mnt/wmcontent/GLX/icassp/MBRS/checkpoints/fig2_stress/ours-base_wmsg20,5,/mnt/wmcontent/GLX/icassp/MBRS/experiments/runs/optimization_global_seed17_128_m64_crop/checkpoint_0100.pth,1a82ec4f9559c5861fdcbd51ddd76b4ecce2507e7ecf8c1a7e63a9ea6cce2907,/mnt/wmcontent/GLX/icassp/MBRS/checkpoints/fig2_stress/ours-base_wmsg20/checkpoint_0005.pth,d92b242f0afb019fdfe81ea4fd47d70526770355e81b1c952a744f006d2ec62f,5,50,34.900542732286006,0.9465360939502716,0.9786064410209656,0.0033960399054922164,34.12323929151835,0.0004129919313709252,0.09268271594954415,0.1684361931681633,0.0004204889485845342,0.16149556189775466,4.427499532699585,10.788239421844482,0.0,0.0,0.0161875,0.0450625,0.1154375,pass,,
ours_wmsg20,Ours,wmsg20,20.0,1.0,/mnt/wmcontent/GLX/icassp/MBRS/checkpoints/fig2_stress/ours_wmsg20/config.json,/mnt/wmcontent/GLX/icassp/MBRS/checkpoints/fig2_stress/ours_wmsg20,5,/mnt/wmcontent/GLX/icassp/MBRS/experiments/runs/optimization_global_seed17_128_m64_crop/checkpoint_0100.pth,1a82ec4f9559c5861fdcbd51ddd76b4ecce2507e7ecf8c1a7e63a9ea6cce2907,/mnt/wmcontent/GLX/icassp/MBRS/checkpoints/fig2_stress/ours_wmsg20/checkpoint_0005.pth,2a98b3e1e322c5f0704c598953c008180d62eab4e1ba04f8089f51d4bf550a59,5,50,34.97057417507345,0.9471165060997009,0.9788638031482697,0.0031343310163356366,34.22027291524583,0.0004026055391295813,0.08894195163096225,0.16165397480130195,0.0004097534640459344,0.15996437579393386,4.391688747406006,10.701232490539551,0.0,0.0,0.016,0.04525,0.115375,pass,,
ours-base_wmsg40,Ours-base,wmsg40,40.0,1.0,/mnt/wmcontent/GLX/icassp/MBRS/checkpoints/fig2_stress/ours-base_wmsg40/config.json,/mnt/wmcontent/GLX/icassp/MBRS/checkpoints/fig2_stress/ours-base_wmsg40,5,/mnt/wmcontent/GLX/icassp/MBRS/experiments/runs/optimization_global_seed17_128_m64_crop/checkpoint_0100.pth,1a82ec4f9559c5861fdcbd51ddd76b4ecce2507e7ecf8c1a7e63a9ea6cce2907,/mnt/wmcontent/GLX/icassp/MBRS/checkpoints/fig2_stress/ours-base_wmsg40/checkpoint_0005.pth,2e5dc83d27cbe0df373f97710a013a7616c46a69bfd5ada3760c32ac3b28ccc9,5,50,34.238306554370105,0.9392581236362457,0.9755255246162414,0.0038346326677128673,33.483743425758995,0.0004757613530091476,0.08971934697013262,0.16269283279776572,0.00048415170807857065,0.15982013761997224,4.795367288589477,11.667351551055908,0.0,0.0,0.0163125,0.0446875,0.1146875,pass,,
ours_wmsg40,Ours,wmsg40,40.0,1.0,/mnt/wmcontent/GLX/icassp/MBRS/checkpoints/fig2_stress/ours_wmsg40/config.json,/mnt/wmcontent/GLX/icassp/MBRS/checkpoints/fig2_stress/ours_wmsg40,5,/mnt/wmcontent/GLX/icassp/MBRS/experiments/runs/optimization_global_seed17_128_m64_crop/checkpoint_0100.pth,1a82ec4f9559c5861fdcbd51ddd76b4ecce2507e7ecf8c1a7e63a9ea6cce2907,/mnt/wmcontent/GLX/icassp/MBRS/checkpoints/fig2_stress/ours_wmsg40/checkpoint_0005.pth,e1689a346a7021415604c5ece81ed6f7a8a8d2dccfa68bde4e7f19907efb73e4,5,50,34.33324343945972,0.9397855961322784,0.9758057260513305,0.0034051572578027846,33.60665170743549,0.00046085295602097174,0.08561970507495395,0.15536560148000716,0.0004684015252860263,0.158097682595253,4.745738458633423,11.545115909576417,0.0,0.0,0.016,0.0445,0.114375,pass,,
ours-base_wmsg80,Ours-base,wmsg80,80.0,1.0,/mnt/wmcontent/GLX/icassp/MBRS/checkpoints/fig2_stress/ours-base_wmsg80/config.json,/mnt/wmcontent/GLX/icassp/MBRS/checkpoints/fig2_stress/ours-base_wmsg80,5,/mnt/wmcontent/GLX/icassp/MBRS/experiments/runs/optimization_global_seed17_128_m64_crop/checkpoint_0100.pth,1a82ec4f9559c5861fdcbd51ddd76b4ecce2507e7ecf8c1a7e63a9ea6cce2907,/mnt/wmcontent/GLX/icassp/MBRS/checkpoints/fig2_stress/ours-base_wmsg80/checkpoint_0005.pth,2b18f0bf0ee3223095bec1c3fd5d4de1748b3e2ef98aa6100d867adb49353457,5,50,32.59147722711611,0.9285742616653443,0.9705400907993317,0.00916676830034703,31.559143753746426,0.0007783152016054373,0.12560166897275957,0.23047140911221503,0.000794383868924342,0.1775267568230629,5.515521855354309,13.022876758575439,0.0,0.0,0.015875,0.0426875,0.1143125,pass,,
ours_wmsg80,Ours,wmsg80,80.0,1.0,/mnt/wmcontent/GLX/icassp/MBRS/checkpoints/fig2_stress/ours_wmsg80/config.json,/mnt/wmcontent/GLX/icassp/MBRS/checkpoints/fig2_stress/ours_wmsg80,5,/mnt/wmcontent/GLX/icassp/MBRS/experiments/runs/optimization_global_seed17_128_m64_crop/checkpoint_0100.pth,1a82ec4f9559c5861fdcbd51ddd76b4ecce2507e7ecf8c1a7e63a9ea6cce2907,/mnt/wmcontent/GLX/icassp/MBRS/checkpoints/fig2_stress/ours_wmsg80/checkpoint_0005.pth,d2e12e89ceec8f3c576be487bcd0af90a6fca2043145ede220d73bfcb9658c30,5,50,33.193893168300036,0.9274950253963471,0.9706106293201446,0.005503117614425719,32.47903548069983,0.0005940209809341467,0.08336630408063969,0.15050771281123163,0.0006028927367879078,0.15688467502593995,5.4081976079940794,12.996861743927003,0.0,0.0,0.0159375,0.04275,0.1153125,pass,,
ours-base_img05,Ours-base,img05,10.0,0.5,/mnt/wmcontent/GLX/icassp/MBRS/checkpoints/fig2_stress/ours-base_img05/config.json,/mnt/wmcontent/GLX/icassp/MBRS/checkpoints/fig2_stress/ours-base_img05,5,/mnt/wmcontent/GLX/icassp/MBRS/experiments/runs/optimization_global_seed17_128_m64_crop/checkpoint_0100.pth,1a82ec4f9559c5861fdcbd51ddd76b4ecce2507e7ecf8c1a7e63a9ea6cce2907,/mnt/wmcontent/GLX/icassp/MBRS/checkpoints/fig2_stress/ours-base_img05/checkpoint_0005.pth,39b1a01a59c36a2db30decddc798bcb57a75438ae999a3c8ebaaa1ca85380303,5,50,34.9151224364619,0.9466672837734222,0.9786626696586609,0.0034047992900013923,34.13417899904236,0.0004121655964991078,0.09364339609379652,0.1703076721727848,0.0004197781131369993,0.16170641154050827,4.38904842376709,10.681531600952148,0.0,0.0,0.015875,0.045,0.1151875,pass,,
ours_img05,Ours,img05,10.0,0.5,/mnt/wmcontent/GLX/icassp/MBRS/checkpoints/fig2_stress/ours_img05/config.json,/mnt/wmcontent/GLX/icassp/MBRS/checkpoints/fig2_stress/ours_img05,5,/mnt/wmcontent/GLX/icassp/MBRS/experiments/runs/optimization_global_seed17_128_m64_crop/checkpoint_0100.pth,1a82ec4f9559c5861fdcbd51ddd76b4ecce2507e7ecf8c1a7e63a9ea6cce2907,/mnt/wmcontent/GLX/icassp/MBRS/checkpoints/fig2_stress/ours_img05/checkpoint_0005.pth,4110c0169021f5e394107b7bdfd37744bcf5a28f08b339319fd99e4bee422545,5,50,34.96787302470802,0.9470118117332459,0.9788166928291321,0.003203680869191885,34.20468947436314,0.00040437078307149933,0.09105890734985335,0.16558356560766696,0.00041164216760080307,0.16056860625743866,4.368055686950684,10.643205928802491,0.0,0.0,0.0159375,0.0450625,0.11575,pass,,
ours-base_img025,Ours-base,img025,10.0,0.25,/mnt/wmcontent/GLX/icassp/MBRS/checkpoints/fig2_stress/ours-base_img025/config.json,/mnt/wmcontent/GLX/icassp/MBRS/checkpoints/fig2_stress/ours-base_img025,5,/mnt/wmcontent/GLX/icassp/MBRS/experiments/runs/optimization_global_seed17_128_m64_crop/checkpoint_0100.pth,1a82ec4f9559c5861fdcbd51ddd76b4ecce2507e7ecf8c1a7e63a9ea6cce2907,/mnt/wmcontent/GLX/icassp/MBRS/checkpoints/fig2_stress/ours-base_img025/checkpoint_0005.pth,adc716f8a236be908963b9a80ab7b19a6adedc42286bbe9238d266e6cc3fa38b,5,50,34.69796547460056,0.9443909013271332,0.9777254247665406,0.0036080516083166004,33.92379659211995,0.0004312837414909154,0.09231015136704405,0.16770149141550064,0.00043897824361920356,0.1609641706943512,4.503044562339783,10.926151008605958,0.0,0.0,0.016,0.0446875,0.114875,pass,,
ours_img025,Ours,img025,10.0,0.25,/mnt/wmcontent/GLX/icassp/MBRS/checkpoints/fig2_stress/ours_img025/config.json,/mnt/wmcontent/GLX/icassp/MBRS/checkpoints/fig2_stress/ours_img025,5,/mnt/wmcontent/GLX/icassp/MBRS/experiments/runs/optimization_global_seed17_128_m64_crop/checkpoint_0100.pth,1a82ec4f9559c5861fdcbd51ddd76b4ecce2507e7ecf8c1a7e63a9ea6cce2907,/mnt/wmcontent/GLX/icassp/MBRS/checkpoints/fig2_stress/ours_img025/checkpoint_0005.pth,c099b6c95f8276c211e27a9b1c23f7ae08d52d27df33319b2c28deab5a693d7d,5,50,34.72839100005883,0.9445511972904206,0.9778009331226349,0.0034886985667981207,33.967204826937284,0.0004264892234641593,0.0906037966119158,0.1645805747807026,0.00043383598153013737,0.16022661775350572,4.490457444190979,10.906072292327881,0.0,0.0,0.0159375,0.0448125,0.11525,pass,,
ours-base_wmsg20_img05,Ours-base,wmsg20_img05,20.0,0.5,/mnt/wmcontent/GLX/icassp/MBRS/checkpoints/fig2_stress/ours-base_wmsg20_img05/config.json,/mnt/wmcontent/GLX/icassp/MBRS/checkpoints/fig2_stress/ours-base_wmsg20_img05,5,/mnt/wmcontent/GLX/icassp/MBRS/experiments/runs/optimization_global_seed17_128_m64_crop/checkpoint_0100.pth,1a82ec4f9559c5861fdcbd51ddd76b4ecce2507e7ecf8c1a7e63a9ea6cce2907,/mnt/wmcontent/GLX/icassp/MBRS/checkpoints/fig2_stress/ours-base_wmsg20_img05/checkpoint_0005.pth,0941147266789347f47488f027d28399fac94e95e93df3dc72e9b26753285bfe,5,50,34.53364915648359,0.9423644053936004,0.9768767511844635,0.0035279728891327976,33.76628491542652,0.0004466118017444387,0.09124007026377726,0.16565004870295524,0.00045452723104972393,0.16052875608205797,4.626859517097473,11.220393772125243,0.0,0.0,0.0163125,0.0451875,0.1150625,pass,,
ours_wmsg20_img05,Ours,wmsg20_img05,20.0,0.5,/mnt/wmcontent/GLX/icassp/MBRS/checkpoints/fig2_stress/ours_wmsg20_img05/config.json,/mnt/wmcontent/GLX/icassp/MBRS/checkpoints/fig2_stress/ours_wmsg20_img05,5,/mnt/wmcontent/GLX/icassp/MBRS/experiments/runs/optimization_global_seed17_128_m64_crop/checkpoint_0100.pth,1a82ec4f9559c5861fdcbd51ddd76b4ecce2507e7ecf8c1a7e63a9ea6cce2907,/mnt/wmcontent/GLX/icassp/MBRS/checkpoints/fig2_stress/ours_wmsg20_img05/checkpoint_0005.pth,2a806c2f08f6ed488e93b207f0a13b465ec20c14ce8fded6f34fd53702a0225a,5,50,34.57588208746528,0.9426612436771393,0.9770178675651551,0.0034155562240630387,33.82959060585981,0.0004391070944257081,0.08827097640392045,0.16023711621761322,0.0004463787458371371,0.15924369424581528,4.612584257125855,11.208973598480224,0.0,0.0,0.01625,0.045375,0.11475,pass,,
ours-base_wmsg20_img025,Ours-base,wmsg20_img025,20.0,0.25,/mnt/wmcontent/GLX/icassp/MBRS/checkpoints/fig2_stress/ours-base_wmsg20_img025/config.json,/mnt/wmcontent/GLX/icassp/MBRS/checkpoints/fig2_stress/ours-base_wmsg20_img025,5,/mnt/wmcontent/GLX/icassp/MBRS/experiments/runs/optimization_global_seed17_128_m64_crop/checkpoint_0100.pth,1a82ec4f9559c5861fdcbd51ddd76b4ecce2507e7ecf8c1a7e63a9ea6cce2907,/mnt/wmcontent/GLX/icassp/MBRS/checkpoints/fig2_stress/ours-base_wmsg20_img025/checkpoint_0005.pth,a087502a16c85dcf0420690e609eb3cfc17f890685541aa273b55ffd1d201adf,5,50,34.28189094354105,0.9396093451976776,0.9757347583770752,0.003854186900425702,33.52642413738608,0.00047112922184169295,0.08948576694184554,0.16238386914134026,0.0004789799085119739,0.15971244633197784,4.7589280319213865,11.51785816192627,0.0,0.0,0.0161875,0.0450625,0.115,pass,,
ours_wmsg20_img025,Ours,wmsg20_img025,20.0,0.25,/mnt/wmcontent/GLX/icassp/MBRS/checkpoints/fig2_stress/ours_wmsg20_img025/config.json,/mnt/wmcontent/GLX/icassp/MBRS/checkpoints/fig2_stress/ours_wmsg20_img025,5,/mnt/wmcontent/GLX/icassp/MBRS/experiments/runs/optimization_global_seed17_128_m64_crop/checkpoint_0100.pth,1a82ec4f9559c5861fdcbd51ddd76b4ecce2507e7ecf8c1a7e63a9ea6cce2907,/mnt/wmcontent/GLX/icassp/MBRS/checkpoints/fig2_stress/ours_wmsg20_img025/checkpoint_0005.pth,5621c83c2ec965e5fabc445a63b1b79f5db3d75d60e93a1be90fa8dffed8132c,5,50,34.29805152125781,0.9397311627864837,0.975812052488327,0.0038611280196346343,33.557385923417336,0.0004666525445645675,0.08741908670808947,0.15853611581027507,0.00047412112762685866,0.15874469608068467,4.763123841285705,11.540408630371093,0.0,0.0,0.0163125,0.045125,0.115,pass,,
ours-base_wmsg40_img05,Ours-base,wmsg40_img05,40.0,0.5,/mnt/wmcontent/GLX/icassp/MBRS/checkpoints/fig2_stress/ours-base_wmsg40_img05/config.json,/mnt/wmcontent/GLX/icassp/MBRS/checkpoints/fig2_stress/ours-base_wmsg40_img05,5,/mnt/wmcontent/GLX/icassp/MBRS/experiments/runs/optimization_global_seed17_128_m64_crop/checkpoint_0100.pth,1a82ec4f9559c5861fdcbd51ddd76b4ecce2507e7ecf8c1a7e63a9ea6cce2907,/mnt/wmcontent/GLX/icassp/MBRS/checkpoints/fig2_stress/ours-base_wmsg40_img05/checkpoint_0005.pth,b01e5c81321f67c5916d612bc313685bee78c6986c98157e6589c5b349fb727e,5,50,33.798163565194784,0.9342714560031891,0.9734070456027984,0.004245834646280855,33.04940138032077,0.0005250476794026326,0.08909127508113628,0.16152245983481406,0.0005337889434304089,0.15931204110383987,5.026918678283692,12.166319885253905,0.0,0.0,0.01625,0.044,0.1150625,pass,,
ours_wmsg40_img05,Ours,wmsg40_img05,40.0,0.5,/mnt/wmcontent/GLX/icassp/MBRS/checkpoints/fig2_stress/ours_wmsg40_img05/config.json,/mnt/wmcontent/GLX/icassp/MBRS/checkpoints/fig2_stress/ours_wmsg40_img05,5,/mnt/wmcontent/GLX/icassp/MBRS/experiments/runs/optimization_global_seed17_128_m64_crop/checkpoint_0100.pth,1a82ec4f9559c5861fdcbd51ddd76b4ecce2507e7ecf8c1a7e63a9ea6cce2907,/mnt/wmcontent/GLX/icassp/MBRS/checkpoints/fig2_stress/ours_wmsg40_img05/checkpoint_0005.pth,7763796f8130051fb813e32b64589c4de8953a172c2a8580d4b2dd53a3c72d5a,5,50,33.84098365610471,0.934186133146286,0.9734335374832154,0.0039934620051644745,33.123404006463744,0.0005133856968313922,0.08474360076151076,0.15351082630455493,0.000521461043972522,0.1572686818242073,5.019789524078369,12.17066499710083,0.0,0.0,0.01625,0.0446875,0.1150625,pass,,
ours-base_wmsg40_img025,Ours-base,wmsg40_img025,40.0,0.25,/mnt/wmcontent/GLX/icassp/MBRS/checkpoints/fig2_stress/ours-base_wmsg40_img025/config.json,/mnt/wmcontent/GLX/icassp/MBRS/checkpoints/fig2_stress/ours-base_wmsg40_img025,5,/mnt/wmcontent/GLX/icassp/MBRS/experiments/runs/optimization_global_seed17_128_m64_crop/checkpoint_0100.pth,1a82ec4f9559c5861fdcbd51ddd76b4ecce2507e7ecf8c1a7e63a9ea6cce2907,/mnt/wmcontent/GLX/icassp/MBRS/checkpoints/fig2_stress/ours-base_wmsg40_img025/checkpoint_0005.pth,1906dd244fe9c3d6259b7147d442adc9944b162fc128aef0643eef171fcbb224,5,50,33.541478059055905,0.9313564050197601,0.9721689641475677,0.004734995646867901,32.798180944968735,0.0005560941119620111,0.08805669260476585,0.15965483218431473,0.0005649934837128967,0.15898710429668428,5.167387557029724,12.450414180755615,0.0,0.0,0.016,0.0440625,0.1151875,pass,,
ours_wmsg40_img025,Ours,wmsg40_img025,40.0,0.25,/mnt/wmcontent/GLX/icassp/MBRS/checkpoints/fig2_stress/ours_wmsg40_img025/config.json,/mnt/wmcontent/GLX/icassp/MBRS/checkpoints/fig2_stress/ours_wmsg40_img025,5,/mnt/wmcontent/GLX/icassp/MBRS/experiments/runs/optimization_global_seed17_128_m64_crop/checkpoint_0100.pth,1a82ec4f9559c5861fdcbd51ddd76b4ecce2507e7ecf8c1a7e63a9ea6cce2907,/mnt/wmcontent/GLX/icassp/MBRS/checkpoints/fig2_stress/ours_wmsg40_img025/checkpoint_0005.pth,018600ebd21db7052024e89328f129b270e570d908cacefee75dd6427eb3a907,5,50,33.552889161982414,0.9313785111904145,0.9722159528732299,0.004668149927165359,32.831660279267886,0.0005495143024018034,0.0851052577048578,0.15405618712306024,0.0005578962329309434,0.15748779714107514,5.175944299697876,12.494824829101562,0.0,0.0,0.016375,0.04375,0.11525,pass,,
promoted_ours-base_wmsg80,Ours-base,promoted_wmsg80,80.0,1.0,/mnt/wmcontent/GLX/icassp/MBRS/checkpoints/fig2_stress/promoted_ours-base_wmsg80/config.json,/mnt/wmcontent/GLX/icassp/MBRS/checkpoints/fig2_stress/promoted_ours-base_wmsg80,20,/mnt/wmcontent/GLX/icassp/MBRS/experiments/runs/optimization_global_seed17_128_m64_crop/checkpoint_0100.pth,1a82ec4f9559c5861fdcbd51ddd76b4ecce2507e7ecf8c1a7e63a9ea6cce2907,/mnt/wmcontent/GLX/icassp/MBRS/checkpoints/fig2_stress/promoted_ours-base_wmsg80/checkpoint_0020.pth,e2016823b56b830b8ee108a9fd08a5d3af8e7430dff3d569941b58895b2b11ec,20,50,31.486392332196957,0.9069420707225799,0.9621775472164154,0.010058202603831888,30.78058822402878,0.0008707015530671924,0.08138438120681774,0.14722327917814254,0.0008823157148435712,0.15515543073415755,6.349857444763184,14.810484771728516,0.0,0.0,0.016125,0.04425,0.1099375,pass,promoted,wmsg80
promoted_ours_wmsg80,Ours,promoted_wmsg80,80.0,1.0,/mnt/wmcontent/GLX/icassp/MBRS/checkpoints/fig2_stress/promoted_ours_wmsg80/config.json,/mnt/wmcontent/GLX/icassp/MBRS/checkpoints/fig2_stress/promoted_ours_wmsg80,20,/mnt/wmcontent/GLX/icassp/MBRS/experiments/runs/optimization_global_seed17_128_m64_crop/checkpoint_0100.pth,1a82ec4f9559c5861fdcbd51ddd76b4ecce2507e7ecf8c1a7e63a9ea6cce2907,/mnt/wmcontent/GLX/icassp/MBRS/checkpoints/fig2_stress/promoted_ours_wmsg80/checkpoint_0020.pth,df4357556a1bb4f2caf84b6603da5905e80347c498b0d42c22e5556059db31a9,20,50,32.353024096039,0.9134210312366485,0.9653449499607086,0.004640899959485978,31.61033297843236,0.0007261043498874641,0.08706268247284649,0.15732138484716415,0.0007368411787319929,0.15807064414024352,5.6493515777587895,13.641726512908935,0.0,0.0,0.01575,0.0436875,0.110625,pass,promoted,wmsg80
promoted_ours-base_wmsg40,Ours-base,promoted_wmsg40,40.0,1.0,/mnt/wmcontent/GLX/icassp/MBRS/checkpoints/fig2_stress/promoted_ours-base_wmsg40/config.json,/mnt/wmcontent/GLX/icassp/MBRS/checkpoints/fig2_stress/promoted_ours-base_wmsg40,20,/mnt/wmcontent/GLX/icassp/MBRS/experiments/runs/optimization_global_seed17_128_m64_crop/checkpoint_0100.pth,1a82ec4f9559c5861fdcbd51ddd76b4ecce2507e7ecf8c1a7e63a9ea6cce2907,/mnt/wmcontent/GLX/icassp/MBRS/checkpoints/fig2_stress/promoted_ours-base_wmsg40/checkpoint_0020.pth,f3b3391d231801594d66cbf8001de86b31d7a66c56ab102f8c66fa4efbe7ece1,20,50,33.78577818110702,0.9336175537109375,0.9737020230293274,0.004099124621134252,33.04112845272648,0.0005226872711500619,0.08671867329051054,0.15654435396194458,0.000530930669629015,0.15830072671175002,4.901401424407959,11.703157653808594,0.0,0.0,0.016,0.0438125,0.111375,pass,promoted,wmsg40
promoted_ours_wmsg40,Ours,promoted_wmsg40,40.0,1.0,/mnt/wmcontent/GLX/icassp/MBRS/checkpoints/fig2_stress/promoted_ours_wmsg40/config.json,/mnt/wmcontent/GLX/icassp/MBRS/checkpoints/fig2_stress/promoted_ours_wmsg40,20,/mnt/wmcontent/GLX/icassp/MBRS/experiments/runs/optimization_global_seed17_128_m64_crop/checkpoint_0100.pth,1a82ec4f9559c5861fdcbd51ddd76b4ecce2507e7ecf8c1a7e63a9ea6cce2907,/mnt/wmcontent/GLX/icassp/MBRS/checkpoints/fig2_stress/promoted_ours_wmsg40/checkpoint_0020.pth,4279270cb7e1e21c7416333ebe5f9a30024839f5374a93d546600a965d489443,20,50,33.426017653208575,0.9339370667934418,0.9737624323368073,0.009424193752929568,32.80950543145873,0.0005456236851750873,0.07070535397973192,0.12811074152588844,0.0005522892234148457,0.15161030262708663,5.326892852783203,13.115932540893555,0.0,0.0,0.015875,0.04375,0.111875,pass,promoted,wmsg40
promoted_ours-base_wmsg20,Ours-base,promoted_wmsg20,20.0,1.0,/mnt/wmcontent/GLX/icassp/MBRS/checkpoints/fig2_stress/promoted_ours-base_wmsg20/config.json,/mnt/wmcontent/GLX/icassp/MBRS/checkpoints/fig2_stress/promoted_ours-base_wmsg20,20,/mnt/wmcontent/GLX/icassp/MBRS/experiments/runs/optimization_global_seed17_128_m64_crop/checkpoint_0100.pth,1a82ec4f9559c5861fdcbd51ddd76b4ecce2507e7ecf8c1a7e63a9ea6cce2907,/mnt/wmcontent/GLX/icassp/MBRS/checkpoints/fig2_stress/promoted_ours-base_wmsg20/checkpoint_0020.pth,fbd92f3d20be6551c301d0c36323623d73bed993db5ffa4332c9d404c1c20784,20,50,35.189393867590375,0.9490683960914612,0.979976372718811,0.002502748656552285,34.412367331389305,0.00038745406971429474,0.09524348788116868,0.1731027689576149,0.00039588232291862366,0.16255780249834062,4.134839186668396,10.054113025665282,0.0,0.0,0.016,0.0434375,0.1108125,pass,promoted,wmsg20
promoted_ours_wmsg20,Ours,promoted_wmsg20,20.0,1.0,/mnt/wmcontent/GLX/icassp/MBRS/checkpoints/fig2_stress/promoted_ours_wmsg20/config.json,/mnt/wmcontent/GLX/icassp/MBRS/checkpoints/fig2_stress/promoted_ours_wmsg20,20,/mnt/wmcontent/GLX/icassp/MBRS/experiments/runs/optimization_global_seed17_128_m64_crop/checkpoint_0100.pth,1a82ec4f9559c5861fdcbd51ddd76b4ecce2507e7ecf8c1a7e63a9ea6cce2907,/mnt/wmcontent/GLX/icassp/MBRS/checkpoints/fig2_stress/promoted_ours_wmsg20/checkpoint_0020.pth,50a51d4c327b0ea2f45ff558195b2241de1053b8a97acd5321ec77c963c78297,20,50,35.6377520441701,0.9541328299045563,0.9819429254531861,0.0023457746021449564,34.90593517217285,0.00034487296783481725,0.0891638264225587,0.16251191169023513,0.0003513880103128031,0.15974221557378768,3.9457087755203246,9.58474835395813,0.0,0.0,0.0159375,0.043875,0.111125,pass,promoted,wmsg20
promoted_ours-base_reference,Ours-base,promoted_reference,10.0,1.0,/mnt/wmcontent/GLX/icassp/MBRS/checkpoints/fig2_stress/promoted_ours-base_reference/config.json,/mnt/wmcontent/GLX/icassp/MBRS/checkpoints/fig2_stress/promoted_ours-base_reference,20,/mnt/wmcontent/GLX/icassp/MBRS/experiments/runs/optimization_global_seed17_128_m64_crop/checkpoint_0100.pth,1a82ec4f9559c5861fdcbd51ddd76b4ecce2507e7ecf8c1a7e63a9ea6cce2907,/mnt/wmcontent/GLX/icassp/MBRS/checkpoints/fig2_stress/promoted_ours-base_reference/checkpoint_0020.pth,666621dbe71e351477b00531cec1b25e94ad74a62e8df8f14f465804ea4d5b02,20,50,36.222525735101684,0.9597028875350953,0.9841176509857178,0.0022126471356023105,35.42592541021401,0.0003108426282415167,0.10093777436212466,0.1843072947859764,0.00031799885618966073,0.16515229612588883,3.6546008157730103,8.972417182922364,0.0,0.0,0.015875,0.0435,0.111,pass,promoted,reference
promoted_ours_reference,Ours,promoted_reference,10.0,1.0,/mnt/wmcontent/GLX/icassp/MBRS/checkpoints/fig2_stress/promoted_ours_reference/config.json,/mnt/wmcontent/GLX/icassp/MBRS/checkpoints/fig2_stress/promoted_ours_reference,20,/mnt/wmcontent/GLX/icassp/MBRS/experiments/runs/optimization_global_seed17_128_m64_crop/checkpoint_0100.pth,1a82ec4f9559c5861fdcbd51ddd76b4ecce2507e7ecf8c1a7e63a9ea6cce2907,/mnt/wmcontent/GLX/icassp/MBRS/checkpoints/fig2_stress/promoted_ours_reference/checkpoint_0020.pth,d6e5910736793b798a069b974a57968ccf2fc5400ec95f52b6f3269cedf027c6,20,50,36.410612332292104,0.9614832425117492,0.9848390293121337,0.0021260271361097692,35.65298752384227,0.00029455477531882936,0.0945688821649359,0.1730518999695778,0.0003006856783758849,0.16290770798921586,3.598625340461731,8.83965467453003,0.0,0.0,0.015875,0.0435625,0.111,pass,promoted,reference
ours-tail75_wmsg80,Ours-tail75,wmsg80,80.0,1.0,/mnt/wmcontent/GLX/icassp/MBRS/checkpoints/fig2_stress/ours-tail75_wmsg80/config.json,/mnt/wmcontent/GLX/icassp/MBRS/checkpoints/fig2_stress/ours-tail75_wmsg80,5,/mnt/wmcontent/GLX/icassp/MBRS/experiments/runs/optimization_global_seed17_128_m64_crop/checkpoint_0100.pth,1a82ec4f9559c5861fdcbd51ddd76b4ecce2507e7ecf8c1a7e63a9ea6cce2907,/mnt/wmcontent/GLX/icassp/MBRS/checkpoints/fig2_stress/ours-tail75_wmsg80/checkpoint_0005.pth,34a14334806be8535d791621d5a62f57149006bf029b0b276fa39485446d6867,5,50,33.29530352274056,0.9295703673362732,0.9715024209022523,0.005858180685900152,32.574150300200415,0.0005816294426040259,0.08469716380611385,0.1528121690452099,0.0005909592116950079,0.15752803385257722,5.34028314113617,12.85722906112671,0.0,0.0,0.016125,0.0425,0.1141875,pass,extension,
ours-tail90_wmsg80,Ours-tail90,wmsg80,80.0,1.0,/mnt/wmcontent/GLX/icassp/MBRS/checkpoints/fig2_stress/ours-tail90_wmsg80/config.json,/mnt/wmcontent/GLX/icassp/MBRS/checkpoints/fig2_stress/ours-tail90_wmsg80,5,/mnt/wmcontent/GLX/icassp/MBRS/experiments/runs/optimization_global_seed17_128_m64_crop/checkpoint_0100.pth,1a82ec4f9559c5861fdcbd51ddd76b4ecce2507e7ecf8c1a7e63a9ea6cce2907,/mnt/wmcontent/GLX/icassp/MBRS/checkpoints/fig2_stress/ours-tail90_wmsg80/checkpoint_0005.pth,df041c5b8e93cd5ec733026bc8b625e457dad26a0063cf6da12ea5fb8f66a3c3,5,50,33.328746687393036,0.9291441094875336,0.9712788617610931,0.005556989049073309,32.63678350433709,0.0005710651325352956,0.07959386169272407,0.14364094749093057,0.000579290566383861,0.15541002541780471,5.358570079803467,12.91560245513916,0.0,0.0,0.0159375,0.042875,0.1138125,pass,extension,
ours-top5_wmsg80,Ours-top5,wmsg80,80.0,1.0,/mnt/wmcontent/GLX/icassp/MBRS/checkpoints/fig2_stress/ours-top5_wmsg80/config.json,/mnt/wmcontent/GLX/icassp/MBRS/checkpoints/fig2_stress/ours-top5_wmsg80,5,/mnt/wmcontent/GLX/icassp/MBRS/experiments/runs/optimization_global_seed17_128_m64_crop/checkpoint_0100.pth,1a82ec4f9559c5861fdcbd51ddd76b4ecce2507e7ecf8c1a7e63a9ea6cce2907,/mnt/wmcontent/GLX/icassp/MBRS/checkpoints/fig2_stress/ours-top5_wmsg80/checkpoint_0005.pth,e63037bf5a6963f1cc78b3631478304e4bff30cc25e56ed7411e61be4bbd2561,5,50,33.25294444081172,0.9279915690422058,0.970791939496994,0.0054643800505436955,32.543258541293284,0.0005846506556554232,0.0827575042886318,0.14934342116117477,0.0005936064117122442,0.15659979104995728,5.37719961643219,12.90914119720459,0.0,0.0,0.0160625,0.04325,0.1145625,pass,extension,
ours-top20_wmsg80,Ours-top20,wmsg80,80.0,1.0,/mnt/wmcontent/GLX/icassp/MBRS/checkpoints/fig2_stress/ours-top20_wmsg80/config.json,/mnt/wmcontent/GLX/icassp/MBRS/checkpoints/fig2_stress/ours-top20_wmsg80,5,/mnt/wmcontent/GLX/icassp/MBRS/experiments/runs/optimization_global_seed17_128_m64_crop/checkpoint_0100.pth,1a82ec4f9559c5861fdcbd51ddd76b4ecce2507e7ecf8c1a7e63a9ea6cce2907,/mnt/wmcontent/GLX/icassp/MBRS/checkpoints/fig2_stress/ours-top20_wmsg80/checkpoint_0005.pth,4701d0d7eec396ed00590def1de76de062babd313982ad0ec9ee1d983f78fa8a,5,50,33.270454297469065,0.9281104326248169,0.9708584547042847,0.005351122778374701,32.53686065863585,0.0005878705448412802,0.08675921175046636,0.15704692050814628,0.0005973249097587541,0.158176266849041,5.374336314201355,12.943806324005127,0.0,0.0,0.0155,0.042375,0.115125,pass,extension,
