image_id,validation_index,source_filename,global_psnr,ours_psnr,psnr_mismatch,global_local_psnr,ours_local_psnr,delta_local_psnr_ours_minus_global,global_p95_mse,ours_p95_mse,delta_p95_mse_ours_minus_global,content_mean_luma,content_texture,roi_x,roi_y,roi_size,roi_mse_reduction,roi_color_reduction,roi_residual_energy_reduction,roi_structure_contrast,roi_texture_energy,roi_content_score,roi_mean_luma,roi_color_spread,roi_score,psnr_match_eligible,selection_rank,selected,sample_number,content_diversity_distance_from_sample_1
0846,45,0846.png,42.56409107491137,42.57655031258558,0.012459237674214307,40.9073347987994,40.963809432468366,0.05647463366896943,8.915341459214687e-05,8.701284968992695e-05,-2.1405649022199214e-06,0.5315220952033997,0.010048733092844486,48,28,32,5.865083949174732e-06,0.10225929319858551,0.00021630733681377023,0.000262286514043808,0.02142796851694584,0.1384269092231989,0.7626994848251343,0.11699894070625305,0.9207441844587162,True,1,True,1,
0821,20,0821.png,39.99045346737774,39.993394607445346,0.0029411400676053745,37.92331883732588,37.962929876137665,0.03961103881178474,0.0001770018607203383,0.00017449161896365695,-2.510241756681353e-06,0.3505714237689972,0.021234549582004547,84,32,32,3.7266590879880823e-06,0.07226020097732544,0.00011037966760341078,7.980922237038612e-05,0.037476636469364166,0.26746609061956406,0.42506206035614014,0.2299894541501999,0.9491855727272931,True,2,True,2,0.4516749642789364
0832,31,0832.png,41.435711520209225,41.43504616848945,0.000665351719774776,39.32169099275795,39.356143024895786,0.03445203213783543,0.00013125892655807547,0.00012864942254964262,-2.6095040084328502e-06,0.3638356626033783,0.013014059513807297,88,8,32,3.398381750230328e-06,0.058605920523405075,0.0001162747066700831,9.263399988412857e-05,0.031902581453323364,0.26732489466667175,0.6169344186782837,0.2354223132133484,0.8877119431573783,True,3,,,0.4163944832980633
0849,48,0849.png,41.009897268938936,40.982497961030404,0.02739930790853151,39.7392418959566,39.76675590013274,0.02751400417614036,0.00011411564082663972,0.00011487415576993953,7.585149432998151e-07,0.39030250906944275,0.019979238510131836,8,80,32,3.916139576176647e-06,0.04497499763965607,0.000157154630869627,0.00014658691361546516,0.03575143218040466,0.2862936556339264,0.6264661550521851,0.25054222345352173,0.944660239103464,True,4,,,0.44802817329764366
0836,35,0836.png,39.666633255378,39.68722199184875,0.020588736470749325,37.40518240043005,37.40325753229106,-0.0019248681389925082,0.00020690587189164944,0.00021298834690242074,6.082475010771304e-06,0.5595678687095642,0.010070319287478924,36,80,32,7.896344868640881e-06,0.06786932051181793,0.00027057150145992637,4.6564731746912e-05,0.01649242639541626,0.17903666198253632,0.44710463285446167,0.16254423558712006,0.7898643665396015,True,5,,,0.11922270804643631
0848,47,0848.png,39.75530140412934,39.801755798695304,0.04645439456596279,37.169413795594444,37.16731014528608,-0.0021036503083635694,0.0002306484238943085,0.00024049896819633432,9.85054430202581e-06,0.4015892744064331,0.01314551942050457,56,72,32,5.556192263611592e-06,0.08069242537021637,0.00018223078222945333,0.0001590684987604618,0.036660611629486084,0.3190210461616516,0.585719883441925,0.2823604345321655,0.9440498378909304,True,6,,,0.47304295375943184
0816,15,0816.png,42.91673877921215,42.88784819828723,0.028890580924922915,41.30363000121469,41.297752647274216,-0.005877353940476837,8.132056063914206e-05,8.194829933927394e-05,6.277387001318857e-07,0.5161490440368652,0.007860850542783737,52,12,32,3.4139641229558038e-06,0.09487144649028778,0.00013000697072129697,0.00023218197748064995,0.014033952727913857,0.16279877163469791,0.7356435060501099,0.14876481890678406,0.9238764134554683,True,7,,,0.08765633776783943
0845,44,0845.png,42.1541429547985,42.11070354235702,0.04343941244147942,40.586564485478014,40.57587862820177,-0.010685857276243382,9.921431956172455e-05,9.812656935537234e-05,-1.0877502063522115e-06,0.6150885820388794,0.01023303996771574,44,16,32,4.602459739544429e-06,0.11012950539588928,0.0001896046451292932,0.00021689990535378456,0.014971188269555569,0.13505265768617392,0.7060677409172058,0.12008146941661835,0.8947298616232722,True,8,,,0.09046877175569534
0830,29,0830.png,42.24888912420969,42.26405018299961,0.015161058789921356,40.81160761018548,40.770809286879114,-0.0407983233063689,9.071011481864844e-05,8.875576713762712e-05,-1.954347681021318e-06,0.5022552609443665,0.007450220640748739,28,44,32,3.465860800133669e-06,0.08657708019018173,0.0001703486341284588,8.250749669969082e-05,0.027280865237116814,0.2210185807198286,0.5116388201713562,0.1937377154827118,0.9335598574589375,True,9,,,0.19313843362033367
0826,25,0826.png,40.38042199821966,40.40034147751175,0.019919479292092035,38.08669488892965,38.04566325597969,-0.041031632949959373,0.000180587092472706,0.0001820554753066972,1.4683828339911997e-06,0.47435447573661804,0.009718676097691059,8,8,32,7.0179003159864806e-06,0.13577257096767426,0.00026038294890895486,0.00013887672685086727,0.013385026715695858,0.3570865085348487,0.5595545768737793,0.34370148181915283,0.972678438607886,True,10,,,0.5118929296731949
0829,28,0829.png,37.53855089415021,37.54090690135231,0.0023560072020956113,35.722860021642326,35.68027215508204,-0.042587866560289456,0.00029405721579678357,0.00030320736550493166,9.150149708148092e-06,0.3369382321834564,0.008105062879621983,88,8,32,1.967811658687424e-05,0.08169858902692795,0.0006212195148691535,0.00013296259567141533,0.003742970060557127,0.1454533557407558,0.4177359640598297,0.14171038568019867,0.8018380875532001,True,11,,,0.2517814338207245
0825,24,0825.png,40.50315506656383,40.49216753248419,0.01098753407963926,37.85757998921963,37.81209539902687,-0.04548459019275697,0.00020191631847410463,0.0002033448727161158,1.4285542420111597e-06,0.474878191947937,0.015028073452413082,44,76,48,3.4924919923974408e-06,0.09093366066614787,0.0001503477105870843,0.00010780058801174164,0.02967809968524509,0.2654978864722782,0.5435335636138916,0.23581978678703308,0.9749072892966341,True,12,,,0.3142029568552971
0841,40,0841.png,42.78406456247389,42.75900407607955,0.025060486394338,41.07364958796248,41.02396041625444,-0.04968917170803877,8.5234540165402e-05,8.659429477120284e-05,1.3597546058008447e-06,0.2665790617465973,0.00829358957707882,80,28,32,1.732276359689422e-06,0.06980497390031815,8.780297503108159e-05,3.898981958627701e-05,0.023443877696990967,0.247999370098114,0.4219781160354614,0.22455549240112305,0.9313906575474971,True,13,,,0.487076710909605
0835,34,0835.png,41.41326905654441,41.371085995107286,0.042183061437121694,38.46984937504229,38.4032351223355,-0.06661425270678478,0.00020161408974672668,0.00020666328055085614,5.049190804129466e-06,0.37259092926979065,0.010663806460797787,80,56,32,5.704984687326942e-06,0.13621024787425995,0.0002345637185499072,0.0001850244589149952,0.0263218954205513,0.18865805119276047,0.6698969602584839,0.16233615577220917,0.9631060693272826,True,14,,,0.25206588953733444
0803,2,0803.png,36.67317384512291,36.62930364934879,0.04387019577411877,33.92076004436107,33.84885179337034,-0.07190825099072384,0.0004959861253155395,0.0004848062017117627,-1.1179923603776842e-05,0.4796040952205658,0.008283434435725212,44,44,32,2.5542196453898214e-05,0.051762454211711884,0.0006433729431591928,7.987068966031075e-05,0.016034044325351715,0.27400825172662735,0.5273267030715942,0.25797420740127563,0.9029412018742253,True,15,,,0.3409297280013561
0847,46,0847.png,40.93390675789327,40.942384581814515,0.008477823921246852,38.08420277380343,37.996490428827286,-0.087712344976147,0.0001901677460409701,0.00018310586528968997,-7.061880751280114e-06,0.4459592401981354,0.013796803541481495,24,8,32,6.002282589179231e-06,0.10329093039035797,0.00033915528911165893,0.00014374451711773872,0.02463400922715664,0.23605838976800442,0.7253420352935791,0.21142438054084778,0.821851484317653,True,16,,,0.28940601646900177
0813,12,0813.png,39.91921596234838,39.89260496608084,0.02661099626754293,36.61836633979271,36.46583985429511,-0.15252648549759584,0.00029037865897407755,0.00030862572020851076,1.8247061234433204e-05,0.4564584791660309,0.010602466762065887,88,20,32,1.3219337233749684e-05,0.08785232901573181,0.0004865588853135705,0.00017254985868930817,0.013667548075318336,0.29802378453314304,0.6411510109901428,0.2843562364578247,0.9298801644085325,True,17,,,0.4119931422173977
0808,7,0808.png,40.899819446801054,41.0824085673546,0.18258912055354415,38.94630226271508,39.294831681517294,0.3485294188022152,0.00014906998694641516,0.0001280112483073026,-2.1058738639112562e-05,0.38151001930236816,0.006989838555455208,60,12,32,1.770562448655255e-05,0.1377795934677124,0.0006968555389903486,0.0001612014602869749,0.008094079792499542,0.2920784428715706,0.5722551345825195,0.28398436307907104,0.9494596721193078,False,18,,,
0842,41,0842.png,42.39929595128642,42.603843770712984,0.20454781942656552,40.89069371056705,41.13517458547597,0.24448087490892334,8.877993059286382e-05,8.243686897912994e-05,-6.34306161373388e-06,0.601584792137146,0.009926008060574532,88,8,32,6.9042298491694964e-06,0.08432241529226303,0.00035763659980148077,0.0002450889442116022,0.004690889734774828,0.11848839046433568,0.7960802316665649,0.11379750072956085,0.84703255227853,False,19,,,
0805,4,0805.png,42.666682921374814,42.76610197553705,0.09941905416223307,41.06727393364447,41.291569255406856,0.22429532176238354,8.989103298517875e-05,8.185048500308767e-05,-8.040547982091084e-06,0.5749167799949646,0.010476003400981426,44,52,32,6.376158125931397e-06,0.11971673369407654,0.0002706554951146245,0.0002633458934724331,0.009595882147550583,0.10292598977684975,0.7895756959915161,0.09333010762929916,0.8712311195131697,False,20,,,
0814,13,0814.png,42.093424864548716,42.32316467864248,0.22973981409376165,40.41046113518257,40.63417490341721,0.22371376823463862,9.848330773820635e-05,9.503993169346359e-05,-3.443376044742763e-06,0.3490951955318451,0.005011853761970997,88,44,32,8.68707229528809e-06,0.28565895557403564,0.00045720962225459516,2.574268728494644e-05,0.006518927402794361,0.11562635470181704,0.33647388219833374,0.10910742729902267,0.8304612827359268,False,21,,,
0812,11,0812.png,41.95332352753395,42.08434959921337,0.1310260716794147,40.56659912107602,40.785942080470235,0.21934295939421844,9.295397285313811e-05,9.055829286808148e-05,-2.3956799850566313e-06,0.45645609498023987,0.010840319097042084,84,72,32,6.836012289568316e-06,0.14176136255264282,0.0003021933662239462,0.00019470020197331905,0.02507644146680832,0.22413640469312668,0.652703046798706,0.19905996322631836,0.9485677069872542,False,22,,,
0820,19,0820.png,41.708559540573305,41.83083460857645,0.12227506800314814,40.227978123821984,40.40696961587699,0.17899149205500464,0.00010191121327807195,9.64602004387416e-05,-5.45101283933036e-06,0.5245850682258606,0.014531943015754223,40,32,32,6.550633770530112e-06,0.11497312784194946,0.00025380917941220105,0.0002410602755844593,0.02509763464331627,0.19176680967211723,0.7276120781898499,0.16666917502880096,0.9039863244384637,False,23,,,
0824,23,0824.png,41.664871114010786,41.79979176846389,0.1349206544531043,40.006734985864334,40.184115649201686,0.17738066333735247,0.00010797061804623809,0.0001027941925713094,-5.176425474928692e-06,0.4960037171840668,0.011806468479335308,16,24,32,1.0307368029316422e-05,0.167132169008255,0.000470836297608912,0.00026126415468752384,0.008663073182106018,0.1553787887096405,0.7854725122451782,0.14671571552753448,0.906920098307641,False,24,,,
0834,33,0834.png,41.39576188679619,41.60670401532613,0.21094212852994332,40.05780527578585,40.215340379839546,0.15753510405369298,0.00010393682532594539,0.00010028502038039733,-3.651804945548065e-06,0.5834912657737732,0.008989385329186916,76,8,32,1.1331118912494276e-05,0.3043556809425354,0.0005425444105640054,0.0002221972681581974,0.0036635722499340773,0.10122281569056213,0.8727676868438721,0.09755924344062805,0.9065271931641525,False,25,,,
0838,37,0838.png,41.626862574547104,41.74685555525563,0.11999298070852404,39.72377406920862,39.879855662250485,0.1560815930418613,0.00012226325634401292,0.00011934514077438507,-2.918115569627844e-06,0.3524303138256073,0.007044577039778233,16,88,32,1.1066640581702814e-05,0.11720860004425049,0.0005332358414307237,0.0001460472121834755,0.017036858946084976,0.3290831483900547,0.729418158531189,0.3120462894439697,0.9420944362006103,False,26,,,
0801,0,0801.png,42.56590749229741,42.678575833840036,0.11266834154262284,41.00789457911533,41.15728818547508,0.14939360635975163,8.736864037928171e-05,8.519540824636351e-05,-2.1732321329182014e-06,0.48345091938972473,0.01209788117557764,24,44,32,5.839769983140286e-06,0.11444158107042313,0.0002283805952174589,0.000202688155695796,0.0165084321051836,0.20106749422848225,0.7128703594207764,0.18455906212329865,0.9200479253976296,False,27,,,
0844,43,0844.png,40.14761193795842,40.72622258814619,0.5786106501877697,38.05521038787193,38.195236616393416,0.14002622852148505,0.00018802014164975844,0.00018699620704865083,-1.0239346011076123e-06,0.7418403029441833,0.004383869934827089,28,24,32,2.185521043429617e-05,0.419938862323761,0.0008670147508382797,0.00034300447441637516,0.0010480997152626514,0.04936355026438832,0.9206399917602539,0.04831545054912567,0.8861371588464148,False,28,,,
0839,38,0839.png,43.027695394023276,43.16746866474365,0.13977327072037582,41.52507707113196,41.61391302354943,0.08883595241746889,7.797905163897667e-05,7.658416689082514e-05,-1.3948847481515259e-06,0.24716079235076904,0.007251627277582884,52,8,32,5.829396286571864e-06,0.07923787832260132,0.00031310756457969546,0.00010776030831038952,0.01482435129582882,0.3608770873397589,0.39056313037872314,0.34605273604393005,0.9686113266828009,False,29,,,
0823,22,0823.png,41.26096193572529,41.42400733461337,0.16304539888808023,39.551072332707456,39.61956683482559,0.0684945021181349,0.00012711954695987515,0.0001280166870856192,8.971401257440448e-07,0.5602100491523743,0.008815307170152664,32,8,32,8.021419489523396e-06,0.16410502791404724,0.00039183362969197333,0.0001648915931582451,0.005274456925690174,0.17797055561095476,0.6897364854812622,0.1726960986852646,0.8815623664355389,False,30,,,
0833,32,0833.png,40.6747460996488,40.87118209595146,0.19643599630266095,38.41332449125283,38.461007658693866,0.04768316744103629,0.00013693918663193472,0.0001395431645505596,2.603977918624878e-06,0.6849210858345032,0.007887914776802063,20,60,32,1.2229478670633398e-05,0.23123636841773987,0.0005222446052357554,0.0003311352338641882,0.00501234270632267,0.06680054403841496,0.7777188420295715,0.061788201332092285,0.8995696867151955,False,31,,,
0818,17,0818.png,41.02236067216218,41.15713845768007,0.13477778551789044,39.086714444047416,39.11662337891591,0.02990893486849444,0.00015050661022542045,0.00015511253513977863,4.605924914358184e-06,0.5775483250617981,0.01146895345300436,36,28,32,8.356926628039218e-06,0.1309441477060318,0.0003567161620594561,0.00019552651792764664,0.018502650782465935,0.19099399261176586,0.7335330843925476,0.17249134182929993,0.8439534032898798,False,32,,,
0828,27,0828.png,40.96810853680328,41.02183928292661,0.05373074612332829,39.7505168145015,39.764303652242795,0.013786837741292857,0.00011229891970288008,0.00011236941827519331,7.049857231322676e-08,0.1899133175611496,0.009574348106980324,84,68,32,2.5296167223132215e-06,0.07217089831829071,0.00011751703277695924,1.94646418094635e-06,0.018954433500766754,0.12412939220666885,0.20542439818382263,0.1051749587059021,0.7161731440216873,False,33,,,
0804,3,0804.png,40.39006143687793,40.4802465683424,0.09018513146447305,37.952061479710146,37.95267951107089,0.0006180313607444532,0.00017663562539382838,0.000174655706359772,-1.9799190340563655e-06,0.5133379101753235,0.013249817304313183,52,32,32,4.344453827798134e-06,0.133803591132164,0.00019518281624186784,8.027814328670502e-05,0.025919221341609955,0.2429630383849144,0.5245338678359985,0.21704381704330444,0.9016467873059842,False,34,,,
0850,49,0850.png,41.31152830118018,41.25745325397175,0.05407504720843548,38.37005238519751,38.3169068843603,-0.05314550083721059,0.00018695980179472826,0.00018659463239600882,-3.6516939871944487e-07,0.4106020927429199,0.009669356979429722,80,8,32,1.4171823750075419e-06,0.07282142341136932,6.858830602141097e-05,1.6348902136087418e-05,0.02314978651702404,0.16106210462749004,0.414611279964447,0.137912318110466,0.8193060205215387,False,35,,,
0806,5,0806.png,41.13600774780559,41.19309805689771,0.057090309092117764,39.27308966923876,39.184356609660306,-0.0887330595784519,0.00013783938265987672,0.00014117228420218453,3.332901542307809e-06,0.4593068063259125,0.008180707693099976,60,32,32,6.503480108221993e-06,0.12096960097551346,0.0002930712071247399,0.0001660715788602829,0.01330316811800003,0.2231154963374138,0.6317498683929443,0.20981232821941376,0.9335559922833385,False,36,,,
0811,10,0811.png,42.598272303932355,42.52024805143071,0.07802425250164191,40.99003841626116,40.900240081125304,-0.08979833513585334,8.69117120601004e-05,8.917392915464006e-05,2.2622170945396647e-06,0.279951274394989,0.007510964758694172,60,8,32,4.015570539195323e-06,0.08499468117952347,0.00017023508553393185,0.00014542415738105774,0.014285014942288399,0.2117330003529787,0.6137974262237549,0.1974479854106903,0.9480764975864073,False,37,,,
0843,42,0843.png,43.47247349232227,43.408347834983765,0.06412565733850784,41.81160285828244,41.71744491011555,-0.09415794816688816,7.261355494847521e-05,7.354095941991545e-05,9.274044714402407e-07,0.1370130032300949,0.0039847232401371,52,28,32,7.562923656223575e-07,0.04261690378189087,2.9537344744312577e-05,7.260218262672424e-05,0.021604500710964203,0.24017176777124405,0.5216119885444641,0.21856726706027985,0.9484776835324775,False,38,,,
0802,1,0802.png,36.50668638680977,36.41947661768567,0.08720976912410094,34.97769427095537,34.87736720576402,-0.10032706519135104,0.0003688863725983538,0.0003683737959363498,-5.12576662003994e-07,0.2919362783432007,0.013496709056198597,44,88,32,9.56109943217598e-07,0.007604941725730896,-2.7238431357545778e-05,0.00010366085916757584,0.028123870491981506,0.2928067594766617,0.44471102952957153,0.2646828889846802,0.9554996645591224,False,39,,,
0827,26,0827.png,43.3812921213689,43.31152326678159,0.06976885458730919,41.7520670196986,41.64735524493306,-0.10471177476554061,7.180324428190943e-05,7.484113302780315e-05,3.0378887458937243e-06,0.1424686461687088,0.004183949436992407,40,24,32,7.602830578434805e-07,0.06495160609483719,3.6819110391661525e-05,3.40763945132494e-05,0.0075562139973044395,0.08494737651199102,0.19426311552524567,0.07739116251468658,0.8633426551668022,False,40,,,
0831,30,0831.png,41.172054483876046,41.12099677553147,0.051057708344579567,38.7196637525815,38.611010311027684,-0.10865344155381962,0.00016158205471583642,0.00016655407307553105,4.97201835969463e-06,0.31523287296295166,0.01107650063931942,68,76,32,1.6412504919571802e-06,0.06157394498586655,7.285329047590494e-05,1.9333558157086372e-05,0.023592151701450348,0.256419412791729,0.3253818154335022,0.23282726109027863,0.862228517960169,False,41,,,
0809,8,0809.png,40.23504459171051,40.148854395005,0.08619019670550898,37.700769470500965,37.5910689199152,-0.10970055058576378,0.00020609248167602345,0.00021461909273057245,8.526611054548994e-06,0.43480050563812256,0.008631948381662369,40,28,32,6.477632268797606e-06,0.12093321979045868,0.00031143362866714597,0.00022605503909289837,0.015321462415158749,0.13940712716430426,0.70979905128479,0.12408566474914551,0.9324782764151427,False,42,,,
0837,36,0837.png,41.153027291681866,41.06800809834639,0.08501919333547647,38.98522795021536,38.87396958051131,-0.11125836970405345,0.00014444079351960681,0.0001446060232410673,1.6522972146049142e-07,0.31678441166877747,0.013890557922422886,12,64,32,2.69340603153978e-07,0.013372097164392471,-3.64827292287373e-06,1.4650402590632439e-05,0.02382107451558113,0.21690374985337257,0.40008893609046936,0.19308267533779144,0.6894321545890902,False,43,,,
0815,14,0815.png,40.67236529153157,40.556120243043125,0.11624504848844452,38.53415766234466,38.38367653915363,-0.15048112319102813,0.00016145273184520192,0.00016892284111236222,7.4701092671602964e-06,0.3568512499332428,0.010560717433691025,36,32,32,9.022492122312542e-06,0.09413841366767883,0.000386990315746516,0.00018764566630125046,0.013746613636612892,0.2855398003011942,0.6512360572814941,0.2717931866645813,0.9729180820186769,False,44,,,
0840,39,0840.png,42.79197307931105,42.709280075127566,0.0826930041834828,41.33979683445513,41.18594347962013,-0.1538533548350003,7.9768942669034e-05,8.178108146239538e-05,2.0121387933613732e-06,0.2745135426521301,0.012096242047846317,76,76,32,1.1487818483146839e-06,0.06519506126642227,5.5068067013053223e-05,1.5278812497854233e-05,0.02273385226726532,0.21715421974658966,0.39661937952041626,0.19442036747932434,0.8591285127664054,False,45,,,
0819,18,0819.png,40.7595596854853,40.64788216049291,0.11167752499238759,38.44054381228245,38.275837362380486,-0.16470644990196348,0.00015781934052938595,0.0001615027358639054,3.683395334519446e-06,0.40653499960899353,0.010758058167994022,88,8,32,2.8837994250352494e-06,0.07268662750720978,8.883950067684054e-05,0.00012779468670487404,0.016925416886806488,0.3177379295229912,0.6405335664749146,0.3008125126361847,0.827033958629539,False,46,,,
0822,21,0822.png,40.96503968151409,40.83081722826458,0.13422245324951376,39.45165482980419,39.28474097217262,-0.1669138576315703,0.00012635722669074312,0.0001330075174337253,6.650290742982179e-06,0.2865746021270752,0.011194882914423943,72,36,32,2.2467083908850327e-06,0.06290407478809357,9.003622835734859e-05,0.00011157151311635971,0.02185194566845894,0.22423068061470985,0.5167908072471619,0.20237873494625092,0.9598920648657331,False,47,,,
0817,16,0817.png,38.07008477293543,37.833818007681884,0.2362667652535464,35.113601347040884,34.79969529081167,-0.3139060562292144,0.00038286558992695063,0.00041820748447207734,3.5341894545126706e-05,0.4578501880168915,0.009235825389623642,24,20,32,5.794412572868168e-06,0.029546886682510376,0.00021526077762246132,0.00017417315393686295,0.014962080866098404,0.258080679923296,0.6180468797683716,0.24311859905719757,0.8893808864419036,False,48,,,
0807,6,0807.png,37.66844021095214,37.33757738645401,0.33086282449813353,34.752641382312525,34.40274546960957,-0.34989591270295506,0.00036815426574321464,0.0003970378456870094,2.8883579943794757e-05,0.33170101046562195,0.009317982010543346,20,44,32,-1.9603721739258617e-05,-0.1062663272023201,-0.0005233717383816838,0.00012254249304533005,0.01866351068019867,0.19159731268882751,0.3185156583786011,0.17293380200862885,0.18951274675347995,False,49,,,
0810,9,0810.png,42.27916608556386,41.98184686389268,0.29731922167118086,40.74451763280241,40.358826272177026,-0.3856913606253869,9.046295963344164e-05,9.97601182461949e-05,9.297158612753265e-06,0.4251463711261749,0.0073494198732078075,72,64,32,1.3604803825728595e-06,0.09777003526687622,6.02117033849936e-05,3.6619603633880615e-06,0.011816643178462982,0.12540674209594727,0.20378518104553223,0.11359009891748428,0.7792666061333763,False,50,,,
