image_id,validation_index,source_filename,roi_x,roi_y,roi_width,roi_height,roi_mse_improvement,roi_texture_energy,roi32_improvement,roi40_improvement,roi48_improvement,roi64_improvement,local_psnr_global,local_psnr_hard,delta_local_psnr,p95_global,p95_hard,delta_p95_reduction,roi_residual_energy_reduction,roi_structured_tv_reduction,global_patch_mse_mean,hard_patch_mse_mean,global_gini,hard_gini,roi_ciede2000_hard,roi_ciede2000_oklab,roi_ciede2000_reduction,roi_chroma_error_hard,roi_chroma_error_oklab,roi_chroma_reduction,semantic_proxy_mean_rgb,semantic_proxy_texture,rank_main,external_local_range,external_vs_hard_local_gap,external_score_raw,external_selection_score,rank_external,roi_local_mse_hidden,roi_local_mse_maskwm,roi_local_mse_global,roi_local_mse_hard,roi_local_mse_oklab,content_diversity_distance
0803,2,0803.png,48,28,32,32,0.000434623914770782,0.0705173909664154,0.0004346238565631211,0.0003764443099498749,0.0003117120876494381,0.0002650765236467123,27.853061804301937,29.19081566367811,0.8066052220130295,0.0014959894469939172,0.001207072171382606,0.0002889172756113112,0.004996697884052992,0.008203808218240738,0.001075199106708169,0.0009172365535050631,0.06886206633825717,0.06283319128779578,4.306895732879639,3.138568162918091,1.1683275699615479,7.877542972564697,5.667572975158691,2.209969997406006,0.479604035615921,0.03161511570215225,27,0.0036138049326837063,0.001992773963138461,0.0024106078897602854,0.9905485133602767,1,0.005004486069083214,0.0013906811363995075,0.0016394335543736815,0.0012048096396028996,0.0006242042873054743,
0821,20,0821.png,8,28,32,32,0.00016464327927678823,0.12845316529273987,0.00016464325017295778,0.00014996694400906563,0.0001217739578957359,9.961464093066752e-05,30.570058336209097,31.473091553031843,0.2528433303604771,0.0009382004791405052,0.0008720891637494788,6.611131539102644e-05,0.0024974970147013664,0.003668844699859619,0.00078466662671417,0.0007132277823984623,0.06820452337715228,0.0904766555044272,6.5010223388671875,3.9659996032714844,2.535022735595703,7.111813545227051,4.1966705322265625,2.9151430130004883,0.3505714237689972,0.07841141521930695,48,0.0006813290528953075,0.002048080845270306,0.001056355025502853,0.4459068851973356,2,0.0024197620805352926,0.0031010911334306,0.0008769890409894288,0.0007123457617126405,0.00025819262373261154,
0802,1,0802.png,12,48,32,32,0.0001541698002256453,0.07958617061376572,0.00015416988753713667,0.00012845553457736968,9.88078536465764e-05,8.430099114775658e-05,29.470621180628953,30.107885183622077,0.22205391933369611,0.0011219945445191115,0.001085244002752006,3.675054176710546e-05,0.0018749855225905776,0.0028527602553367615,0.0010290772188454866,0.0009513796539977193,0.02267758007359994,0.03753158922278658,4.132347106933594,2.88718318939209,1.245163917541504,7.077169418334961,4.769598484039307,2.3075709342956543,0.2919362485408783,0.052391503006219864,49,0.002035127894487232,0.0008633332035969943,0.0012488081338233314,0.4049355963608623,3,0.0028563616797327995,0.0008212337852455676,0.0011296343291178346,0.0009754645288921893,0.0004253087390679866,
0829,28,0829.png,64,52,32,32,0.00035839679185301065,0.06741495430469513,0.00035839647171087563,0.0003006597049534321,0.00023805489763617516,0.0001867385726654902,28.4728774487307,29.734708482541976,0.5796268078670153,0.0011583906307350844,0.0010272763320244849,0.00013111429871059954,0.004557607229799032,0.004857070744037628,0.000927831744775176,0.0008101816056296229,0.0461609166156545,0.048743556361363315,5.57719087600708,3.3311376571655273,2.2460532188415527,8.069079399108887,4.780237674713135,3.288841724395752,0.3369382619857788,0.030423535034060478,42,0.0011785798706114292,0.0005900587420910597,0.0008085608598776161,0.393985304310989,4,0.0022423386108130217,0.0010637587402015924,0.001421386725269258,0.0010629899334162474,0.0003761624393519014,
0838,37,0838.png,52,32,32,32,0.00032900384394451976,0.06252972781658173,0.000329003669321537,0.0003132377937436104,0.00028153927996754646,0.00025503113283775747,30.14839797961063,31.955855857755388,1.2250339271710686,0.0008920314867282286,0.0006742648110957816,0.000217766675632447,0.00464850477874279,0.005244942381978035,0.0007404445204883814,0.0005709916586056352,0.06487019836224045,0.07639325095231701,5.132068157196045,2.8851466178894043,2.2469215393066406,6.673410415649414,3.824450969696045,2.848959445953369,0.3524303436279297,0.02750164456665516,5,0.0012867575569543988,0.00043080704926978797,0.0007956241366628092,0.35974256720613146,5,0.0017115892842411995,0.00042483172728680074,0.0009664073004387319,0.0006374034564942122,0.00021171402477193624,
0822,21,0822.png,68,84,32,32,0.0003702093963511288,0.07715532183647156,0.00037020945455878973,0.0003344469517469406,0.0003149245296501451,0.00027974043041467667,29.584289281810342,31.36532881714598,1.4481608211619736,0.0009979369933716953,0.0007147114229155704,0.00028322557045612484,0.005139087792485952,0.007294131442904472,0.0008471732144244015,0.0006185212405398488,0.06047301550351898,0.05581562810748649,4.892825126647949,2.6371803283691406,2.2556447982788086,7.040846824645996,3.9217987060546875,3.1190481185913086,0.2865745723247528,0.04080900549888611,1,0.00010845786891877651,0.0007945688557811081,0.000400947019807063,0.30374802371075216,6,0.0014705824432894588,0.0015790403122082353,0.0011004519183188677,0.0007302425219677389,0.00023832976876292378,
0850,49,0850.png,72,56,40,40,0.00024406140437349677,0.05747898101806641,0.00024398311506956816,0.00024406127631664275,0.00023267040443089273,0.00022170881857164204,31.08620577663812,32.71926223572312,0.6571405926747396,0.0009917288407450542,0.0008472496410831809,0.00014447919966187328,0.0041029262356460094,0.004942426458001137,0.0007080466020852327,0.0005502933054231107,0.059641118054255024,0.09107738237993974,6.5307488441467285,3.8546741008758545,2.676074743270874,6.213413238525391,3.539199113845825,2.6742141246795654,0.4106020927429199,0.03605526313185692,40,0.0008993127848953009,0.0006474184338003397,0.0006800994859077036,0.2891595860550842,7,0.0016317300032824278,0.0007324172183871269,0.0007787165814079344,0.0005346551770344377,0.0001779154990799725,
0837,36,0837.png,60,20,32,32,0.00022274733055382967,0.08072292804718018,0.00022274731600191444,0.00021961830556392668,0.0002001198267357217,0.00019293052901048213,30.735400563647694,32.06572114855474,1.004674333919823,0.0008355321042472497,0.0006519540766021237,0.00018357802764512599,0.0034024238120764494,0.0057534705847501755,0.0007141391979530454,0.0005598318530246615,0.05785942910454547,0.060200366921735145,6.770991325378418,4.094919204711914,2.676072120666504,7.227400302886963,4.2863898277282715,2.9410104751586914,0.31678441166877747,0.05047079175710678,15,0.0006350522162392735,0.0009068928193300962,0.0006477354501839728,0.2856740857234603,8,0.0018458999693393707,0.0012108477531000972,0.0008442283724434674,0.0006214810418896377,0.00022904812067281455,
0817,16,0817.png,4,76,48,48,0.00030529574723914266,0.033907936678992376,0.0002937780227512121,0.0002857519872486591,0.0003052957666416963,0.0002731987915467471,29.652786602049403,31.09056186185553,0.7709760053051831,0.0011449137818999588,0.000977716947090812,0.00016719683480914682,0.003976915031671524,0.00822468101978302,0.0009329053573310375,0.0007780513260513544,0.06823880584699103,0.07242032032291375,4.979151248931885,3.2627689838409424,1.7163822650909424,7.045943737030029,4.579489231109619,2.46645450592041,0.4578501284122467,0.033605340868234634,31,0.0011060987308155745,0.00021872630168218166,0.0006353577839036007,0.2844253254966503,9,0.001549711567349732,0.0004436128365341574,0.0010832316474989057,0.000777935900259763,0.0003100672911386937,
0806,5,0806.png,28,40,32,32,0.00022449728567153215,0.06046924367547035,0.00022449719836004078,0.0002115815319120884,0.00018574183599816429,0.00015452041407115757,30.710660468284946,32.044299660944155,0.8009217811905671,0.000859265448525548,0.0007219553226605058,0.0001373101258650422,0.0032206582836806774,0.00632786750793457,0.0006874027894809842,0.000586507492698729,0.05601458950667697,0.040669426545588826,5.900359153747559,3.383296489715576,2.5170626640319824,7.008525848388672,3.9809536933898926,3.0275721549987793,0.4593068063259125,0.030828719958662987,28,0.0010152194881811738,0.0005848442669957876,0.0007064437202643604,0.2792625261739675,10,0.0017170080682262778,0.000701788580045104,0.0008490513428114355,0.0006245540571399033,0.00020924060663674027,
0824,23,0824.png,52,44,32,32,0.00016811839304864407,0.11813820153474808,0.00016811849491205066,0.00015615480951964856,0.00013997050053957436,0.00013450974074658006,30.609068739383662,31.542643950157476,0.6597276468345115,0.0008033478370634839,0.0006873269885545596,0.00011602084850892425,0.0025351971853524446,0.003277219831943512,0.0006387847242876887,0.0005512596108019352,0.05455147334134057,0.04940535573623184,6.8950653076171875,4.1946702003479,2.700395107269287,7.071288585662842,4.065182209014893,3.006106376647949,0.496003657579422,0.04314515367150307,39,0.00018618418835103512,0.001407712115906179,0.0006101058039348573,0.27716010015033676,11,0.0020156484097242355,0.0022018325980752707,0.0008691467810422182,0.0007010283879935741,0.00024592989939264953,
0833,32,0833.png,28,24,32,32,0.00022497831378132105,0.0728502869606018,0.00022497837198898196,0.00021936582401394845,0.00019178997414807478,0.00017837101768236607,30.70231255191862,32.03629245263961,0.8824341192796261,0.0009165609953925014,0.000731058869860135,0.00018550212553236634,0.00336999143473804,0.005543932318687439,0.0007592486217617989,0.0006190098938532174,0.05078368171234254,0.05454529207054491,6.07133674621582,3.4775164127349854,2.593820333480835,6.669696807861328,3.7999324798583984,2.8697643280029297,0.6849210858345032,0.029190383851528168,20,0.000995233713183552,0.0005552963993977755,0.000687204573478084,0.2720568102922659,12,0.0016786198830232024,0.0006833861698396504,0.0008506849408149719,0.0006257066270336509,0.0002161770680686459,
0836,35,0836.png,36,52,32,32,0.00029334862483665347,0.05524327605962753,0.0002933487994596362,0.0002587187848985195,0.0002267965529527929,0.00019451387925073504,29.622959226459017,30.98351942854525,0.8135832810114927,0.0009971840481739491,0.0008235467394115403,0.0001736373087624088,0.003716209437698126,0.0045703016221523285,0.0007683443836867809,0.000636093900538981,0.06913479469893552,0.07059395215361662,5.333494186401367,3.405743360519409,1.927750825881958,7.2599897384643555,4.571319103240967,2.6886706352233887,0.5595678687095642,0.03558292239904404,26,0.0007248843903653324,0.00046964906505309045,0.0005492448734003119,0.2714338458258847,13,0.0016294395318254828,0.0009045551414601505,0.0010906968964263797,0.0007973482715897262,0.00031952327117323875,
0808,7,0808.png,68,52,32,32,0.0002752223517745733,0.08595455437898636,0.00027522226446308196,0.00027301417663693427,0.00023504232780800926,0.00019597086065914482,30.180736081259603,31.649339390232196,0.5413202671304589,0.0008838391077006236,0.000781553695560433,0.0001022854121401906,0.003952205181121826,0.005820171907544136,0.0007146783173084259,0.0005929562612436712,0.05755443338860799,0.06368223862666118,5.73049259185791,3.5262551307678223,2.204237461090088,7.0181169509887695,4.222931861877441,2.795185089111328,0.38151001930236816,0.026027385145425797,43,5.876738578081131e-05,0.0009764757705852389,0.00042325631366111336,0.26233713530653746,14,0.0016311077633872628,0.0016898751491680741,0.0009592380374670029,0.0006840156856924295,0.0002480842231307179,
0846,45,0846.png,20,44,32,32,0.00018881785217672586,0.09023990482091904,0.00018881773576140404,0.0001854083128273487,0.00016763510130759742,0.0001497000630479306,31.33660208754994,32.62591915391921,0.8811889101119981,0.000672015972668305,0.000551361299585551,0.00012065467308275402,0.0030485433526337147,0.004868907853960991,0.0005512784118764102,0.00043961283518001437,0.05279042726506006,0.05845066605354113,6.528100490570068,4.053150653839111,2.474949836730957,6.274096488952637,3.6003339290618896,2.673762559890747,0.5315220952033997,0.034967757761478424,21,0.0002866992726922035,0.0011546119931153953,0.0005708924407372251,0.260888770035731,15,0.00155753327999264,0.0018442325526848435,0.0007350887754000723,0.0005462709232233465,0.00019442790653556585,
0831,30,0831.png,24,56,40,40,0.00027882400900125504,0.08394668579101562,0.00026699702721089125,0.00027882393449544905,0.0002504457047002183,0.0002282986679347232,29.925933237817645,31.317219859202975,1.1733539257327266,0.0009543071791995317,0.0007576428761240095,0.00019666430307552218,0.003846080508083105,0.004687108099460602,0.0007470006821677089,0.0005753955920226872,0.07286015193373192,0.07195473163813768,6.338381290435791,3.7476720809936523,2.5907092094421387,7.247811794281006,4.2454423904418945,3.0023694038391113,0.3152328431606293,0.04114822670817375,8,0.0002529098419472575,0.0007128093275241554,0.00041905749530997123,0.2439999856868942,16,0.0015776410000398755,0.001324731158092618,0.0010172007605433464,0.0007383767515420914,0.00026539264945313334,
0847,46,0847.png,20,44,32,32,0.00018604425713419914,0.10014139115810394,0.0001860442862380296,0.0001705346256494522,0.00015177921805944707,0.00013248162576928735,30.94165925851915,32.08290729867114,0.7218220826569031,0.0007756768318358809,0.0006595527956960723,0.0001161240361398086,0.0028874496929347515,0.003979142755270004,0.0006586252129636705,0.0005469481693580747,0.06623300600417534,0.05953884639132338,6.086061477661133,3.907428026199341,2.178633451461792,6.365428924560547,3.8911185264587402,2.4743103981018066,0.4459592401981354,0.05094550549983978,34,0.0003118145978078246,0.0008699116297066212,0.0004819944908376783,0.21343144507192374,17,0.0013330308720469475,0.001644845469854772,0.0008050707983784378,0.0006190265412442386,0.00023637623235117644,
0849,48,0849.png,12,28,32,32,0.00026172457728534937,0.07113493978977203,0.0002617246063891798,0.00025759026408195496,0.000239275809791353,0.00022306328173726797,30.546603416441933,32.07598765403721,1.1207353590190827,0.0009797857783269137,0.0007528794521931559,0.00022690632613375783,0.004018913023173809,0.00738871842622757,0.0008126422762870789,0.0006365465233102441,0.05539333109986362,0.05781674829069501,6.078803062438965,3.5345540046691895,2.5442490577697754,7.138736724853516,4.105274200439453,3.0334625244140625,0.39030250906944275,0.07187360525131226,11,0.00017747166566550732,0.0006407015607692301,0.0003564527112757787,0.21033562259137653,18,0.0011719793546944857,0.001349451020359993,0.0008817382040433586,0.0006200136267580092,0.00020592288637999445,
0814,13,0814.png,56,60,40,40,0.0001603346026968211,0.062432904243469235,0.0001588724844623357,0.0001603347063064575,0.00013232782172660032,0.00011854871991090477,31.946473775575413,33.20165866835405,0.6018742053818471,0.0006535194406751543,0.0005628044600598514,9.071498061530292e-05,0.0028444004710763693,0.00368436798453331,0.00056734390091151,0.0004877063911408186,0.05126541979209877,0.05243725524783386,4.978105545043945,3.237797260284424,1.7403082847595215,5.658846378326416,3.550614595413208,2.108231782913208,0.3490951955318451,0.017175432294607162,41,0.0005237387958914042,0.0007901470817159861,0.0005443008572910913,0.20827932757042208,19,0.001530463807284832,0.0010067250113934278,0.0006387819303199649,0.0004784473276231438,0.00018734345212578773,
0826,25,0826.png,84,40,32,32,0.0002531894715502858,0.07062861323356628,0.00025318970438092947,0.0002417060360312462,0.00022310510070787536,0.0002141123841283843,29.66252620086103,30.821713239078576,0.7924149253865096,0.0009699758229544386,0.0008086095040198416,0.00016136631893459707,0.0034253369085490704,0.0031403936445713043,0.0007459549233317375,0.0006116037257015705,0.04731123915543133,0.043763835116730626,6.3700642585754395,4.001957416534424,2.3681068420410156,7.71898078918457,4.8603973388671875,2.858583450317383,0.47435441613197327,0.035558342933654785,30,3.304332494735718e-05,0.0007656236412003636,0.00033347566495649515,0.2077177058186858,20,0.0016097609186545014,0.0015767175937071443,0.001080805086530745,0.0008276156149804592,0.00034322915598750114,
0815,14,0815.png,44,72,40,40,0.0002634786651469767,0.05659585952758789,0.0002616624115034938,0.0002634789049625397,0.0002543241199519899,0.00022925951634533703,30.533470730919618,32.06957445315642,1.0481741741160953,0.000928430468775332,0.0007352355169132352,0.0001931949518620968,0.003960550297051668,0.0057925693690776825,0.0007625399739481509,0.0005808154819533229,0.07268160761168198,0.0742463154857894,6.225104808807373,3.970094680786133,2.2550101280212402,6.970811367034912,4.380436420440674,2.5903749465942383,0.3568512499332428,0.039585791528224945,14,0.0006061854073777795,0.0002926973975263536,0.00042792325548361986,0.20554452289376762,21,0.0012167199747636914,0.0006105345673859119,0.0008844085386954248,0.0006209298735484481,0.000242372349021025,
0818,17,0818.png,8,76,32,32,0.00020512327319011092,0.09048286080360413,0.00020512327319011092,0.0001962563581764698,0.00017835800018575456,0.00016348791541531682,29.87912848812209,30.845477461388317,0.8215948248906102,0.0008286536613013595,0.0006809580372646451,0.00014769562403671443,0.002624401357024908,0.0034486521035432816,0.0006885628099553287,0.0005776196485385299,0.04153913746492504,0.04660827447284544,6.524022102355957,4.218016624450684,2.3060054779052734,7.519561767578125,4.739780426025391,2.7797813415527344,0.5775483250617981,0.04102083295583725,24,0.00013435003347694874,0.0008738928590901196,0.000407344670384191,0.20530131381477143,22,0.0017641672166064382,0.0016298171831294894,0.0010282226139679551,0.0008230993407778442,0.0003199118946213275,
0823,22,0823.png,88,36,32,32,0.0003311642212793231,0.008716017007827759,0.0003311643667984754,0.0003163943067193031,0.00030869167918960255,0.00024080615548882633,29.89751494760383,31.59445739502644,1.371568788540717,0.0009314177586929873,0.0006893836834933609,0.00024203407519962639,0.004983725491911173,0.008035987615585327,0.0006832695798948407,0.0005580873694270849,0.06651214715854965,0.046650957653785165,3.8432538509368896,1.812782883644104,2.030470848083496,7.589428901672363,3.5333404541015625,4.056088447570801,0.5602099895477295,0.03216889873147011,2,0.000503639952512458,0.0,0.00029287082288647075,0.18998362782829922,23,0.0005689543904736638,6.531443796120584e-05,0.0010238786926493049,0.0006927144713699818,0.00019966128456871957,0.3081958442926407
0820,19,0820.png,56,76,40,40,0.00022502586944028735,0.06235776901245117,0.00021690549328923225,0.00022502582520246507,0.0002096012726219164,0.00019073033763561398,31.179740839228312,32.699459649180206,0.7097945573938809,0.0007705777388764545,0.0006503347103716806,0.00012024302850477397,0.003839228767901659,0.005744852125644684,0.000647098058834672,0.0005428595468401909,0.052072594980963886,0.05142752112964297,6.801964282989502,4.01499605178833,2.786968231201172,6.491024971008301,3.6689627170562744,2.8220622539520264,0.5245850682258606,0.05083269253373146,36,0.000254738493822515,0.0005923436838202178,0.00036695778544526547,0.18609003866769253,24,0.0012568115489557385,0.0010020730551332235,0.0007621244876645505,0.0005370986182242632,0.0001714355021249503,
0843,42,0843.png,48,32,32,32,0.0001920638605952263,0.08347681909799576,0.0001920636568684131,0.00019143957644701003,0.00017516221851110458,0.0001478960330132395,31.39492294915555,32.73093988839498,0.9207166494431753,0.0007002896745689213,0.0005700767651433125,0.00013021290942560881,0.0033158385194838047,0.004519535228610039,0.0005805947002954781,0.00047699082642793655,0.05093690399044668,0.0519329997801955,6.133719444274902,3.5699257850646973,2.563793659210205,6.227162837982178,3.4953882694244385,2.7317745685577393,0.1370130032300949,0.015309132635593414,17,0.0003828955232165754,0.0005966295429971069,0.0004195360976154916,0.17979447632074805,25,0.0013212967896834016,0.0009384012664668262,0.0007252833456732333,0.000533219485078007,0.00017724068311508745,
0825,24,0825.png,8,24,40,40,0.0002730650012381375,0.0684168815612793,0.00026855734176933765,0.0002730650082230568,0.00024197434282137288,0.00021030260541010648,31.01015763861234,32.84491730272203,0.6920880722850207,0.0008477830560877919,0.0007156827923608944,0.00013210026372689754,0.0045941537246108055,0.005868189036846161,0.0007241927087306976,0.0005808864370919764,0.04771634411305115,0.04795548799825363,6.00090217590332,3.473544120788574,2.527358055114746,6.109079360961914,3.49462890625,2.614450454711914,0.4748781621456146,0.05344182625412941,38,0.0002608720678836107,0.00035220698919147253,0.0002952778770122677,0.17934902066882807,26,0.0007411785190925002,0.001002050586976111,0.0007924725650809705,0.000519407563842833,0.00017531338380649686,
0809,8,0809.png,28,52,32,32,0.00028548407135531306,0.042252879589796066,0.0002854841877706349,0.0002478772401809692,0.000223067459753818,0.00020610350475180894,30.577875807426352,32.29201155989075,0.7515458069218148,0.0008593217935413122,0.0007218373066280037,0.0001374844869133085,0.0044149612076580524,0.00574389286339283,0.0007631544722244143,0.0006077500875107944,0.04116223622799474,0.0633169309548388,6.232416152954102,3.5632472038269043,2.6691689491271973,6.636337757110596,3.696396827697754,2.939940929412842,0.43480050563812256,0.03164387866854668,33,0.000565770547837019,7.577810902148485e-05,0.0003382158989552408,0.17879544922361734,27,0.0009485911577939987,0.00038282060995697975,0.0008754118462093174,0.0005899277748540044,0.00018765732238534838,
0834,33,0834.png,20,76,32,32,0.0002381839440204203,0.08315055817365646,0.00023818392946850508,0.0002278718166053295,0.00022533595458500914,0.00019800112931989133,30.53485523813808,31.898060088792697,1.0555405347495679,0.000835634142276831,0.0006496549613075331,0.00018597918096929789,0.0034960261546075344,0.00509648397564888,0.0006679452490061522,0.0005425008712336421,0.05802253304591456,0.06006128301069326,6.958827018737793,4.1747283935546875,2.7840986251831055,7.101047992706299,4.079497814178467,3.021550178527832,0.583491325378418,0.03353475034236908,13,0.00019226456061005592,0.0005353385931812227,0.0003215243486920371,0.17774298248119486,28,0.0010851490078493953,0.0012774135684594512,0.0008841266389936209,0.0006459426949732006,0.00021703883248846978,
0807,6,0807.png,52,28,32,32,0.0002599080326035619,0.022104613482952118,0.0002599082072265446,0.00020790446549654007,0.00018689176067709923,0.00016903624054975808,29.501421495844028,30.646221186706967,0.4257766598296868,0.0011336227762512863,0.0010504249657969922,8.319781045429409e-05,0.004076751414686441,0.004859602078795433,0.0008827230194583535,0.0007563993567600846,0.048660838799071376,0.06644607039521322,4.640741348266602,3.0844509601593018,1.5562903881072998,7.2403364181518555,5.014854431152344,2.2254819869995117,0.33170101046562195,0.03379812091588974,45,0.000767153047490865,0.0,0.0003972004778916016,0.17310341973614557,29,0.000994244241155684,0.000227091193664819,0.0011216512648388743,0.0008617432322353125,0.0004113531904295087,
0848,47,0848.png,88,72,32,32,0.00027001911075785756,0.049090683460235596,0.0002700192853808403,0.0002064918726682663,0.00020081531773838733,0.0001626766170375049,30.218919668128375,31.669663037631413,0.04293605469332107,0.0009341927070636302,0.0009411454084329307,-6.952701369300485e-06,0.0038989773020148277,0.006774125620722771,0.000806117954198271,0.0007067540427669883,0.04255161034471182,0.07717586515102574,5.4086408615112305,3.0081403255462646,2.400500535964966,6.917634963989258,3.866046190261841,3.051588773727417,0.4015893042087555,0.05012819543480873,50,0.0005009968881495297,9.655705071054399e-05,0.0003132473895675503,0.16347526188734224,30,0.001027877675369382,0.0005268807872198522,0.0009508412913419306,0.0006808221805840731,0.0002225828357040882,
0832,31,0832.png,12,20,32,32,0.00020060734823346138,0.07231055200099945,0.00020060724637005478,0.0001922585256397724,0.00016590095280359188,0.00016039158799685538,31.094509885906735,32.391090342643906,0.7995587645543374,0.0008161384903360158,0.0007170543831307441,9.908410720527172e-05,0.0032705708872526884,0.005489993840456009,0.0006886458140797913,0.0005546934553422034,0.05601960998919741,0.061363354070681005,6.644186973571777,3.623136520385742,3.021050453186035,7.235762119293213,3.982766628265381,3.252995491027832,0.3638356924057007,0.047960929572582245,29,4.803529009222984e-06,0.0007332302047871053,0.0002989136293763294,0.16195817137026078,31,0.0013122536474838853,0.0013074501184746623,0.0007772290264256299,0.0005766216781921685,0.0001867187093012035,
0811,10,0811.png,16,88,32,32,0.00026063190307468176,0.05223127081990242,0.0002606321359053254,0.0002451867610216141,0.00023743890536328158,0.0002113602531608194,30.023111827679443,31.342681228750088,1.187928014745534,0.0008907344890758395,0.0006927209615241736,0.0001980135275516659,0.004074735566973686,0.0043364837765693665,0.0006552132545039058,0.0005122597794979811,0.08257974595683502,0.07949643037299642,5.128727436065674,2.8041868209838867,2.324540615081787,7.222106456756592,3.9308595657348633,3.2912468910217285,0.279951274394989,0.02706093341112137,7,0.0005103801959194243,0.00011309454566799104,0.0003213805597624742,0.16091905071222445,32,0.0011023451806977391,0.0005919649847783148,0.0009946924401447177,0.0007340605370700359,0.00021900741558056325,
0819,18,0819.png,12,76,32,32,0.00023923703702166677,0.06225725635886192,0.00023923718254081905,0.00022787565365433692,0.00021409751692165932,0.0001987410942092538,30.687102743965305,32.115259017994255,0.8160787761747663,0.0008550174243282527,0.0007006066152825952,0.00015441080904565752,0.003695277962833643,0.004996821284294128,0.0007242577848955989,0.0005819855141453445,0.03952556471884328,0.03770133486954043,6.303282737731934,3.986212968826294,2.3170697689056396,6.694693565368652,4.010675430297852,2.684018135070801,0.40653499960899353,0.03937216475605965,25,0.00035744381602853537,0.0003023521858267486,0.0003145203896565363,0.15925851473636154,33,0.0010955064790323377,0.0007380626630038023,0.0008536694222129881,0.0006144323851913214,0.00022600892407353967,
0840,39,0840.png,40,44,40,40,0.00021663977531716228,0.07254936695098876,0.00021450335043482482,0.00021663976833224296,0.00019700179756101634,0.00018212107534054667,31.03099564174038,32.4257397182006,1.1617413053144716,0.0007643508579349145,0.0005843456456204876,0.0001800052123144269,0.0035400744527578354,0.005498142912983894,0.0006403474253602326,0.0004831854021176696,0.057468380476430055,0.05905487084856485,7.207137584686279,4.218047142028809,2.9890904426574707,6.858570575714111,3.824273109436035,3.034297466278076,0.2745135724544525,0.044572338461875916,10,0.000332045485265553,0.0003920035087503493,0.00032994965149555353,0.15563930202089032,34,0.0011300657643005252,0.0007980202790349722,0.0007886792882345617,0.0005720395129173994,0.0001858957693912089,
0812,11,0812.png,80,88,32,32,0.00017338682664558291,0.07478410005569458,0.00017338711768388748,0.00015969695523381232,0.0001469439206024011,0.00013383509940467775,31.337529668865912,32.50615464215201,0.8307749944415264,0.0007071851287037134,0.0005829401925439015,0.00012424493615981191,0.0029158126562833786,0.0036392007023096085,0.0006398927071131766,0.0005277048330754042,0.030367121321213407,0.028327702514632527,6.13845682144165,3.523303985595703,2.6151528358459473,6.38144588470459,3.6211113929748535,2.7603344917297363,0.45645609498023987,0.03928641602396965,23,0.00032476946944370866,0.0005555157840717584,0.0003752541510039009,0.15248417502609027,35,0.0012794454814866185,0.0009546760120429099,0.0007349317893385887,0.0005615449626930058,0.0001934901811182499,
0835,34,0835.png,8,76,40,40,0.00018620130140334368,0.04432622909545898,0.00018343105330131948,0.0001862012967467308,0.00017184934889276823,0.00016298900300171226,31.333138392650696,32.60052872935324,0.9713539138673184,0.0008997783006634563,0.0007222884451039135,0.00017748985555954278,0.003068276448175311,0.005640216171741486,0.0006522238836623728,0.0005109891062602401,0.05663085510067858,0.05980451546627254,5.902444839477539,3.298527717590332,2.603917121887207,6.6022047996521,3.5914266109466553,3.0107781887054443,0.37259092926979065,0.03852778673171997,16,0.0006572661804966629,0.00025584452669136226,0.0004225556258461438,0.15167584352612296,36,0.0011339515913277864,0.0004766854108311236,0.0007356752757914364,0.0005494739743880928,0.00017979653785005212,
0805,4,0805.png,56,80,32,32,0.00022532575530931354,0.036937326192855835,0.0002253259881399572,0.00021807869896292687,0.0001933835188133849,0.00016152588068507612,31.507419641574337,33.17483465625291,0.91027129320738,0.0006992563139647245,0.0005815565673401579,0.00011769974662456661,0.0039389668963849545,0.004993187263607979,0.000601240317337215,0.0004715288523584604,0.04787292052889831,0.0538052168186022,5.124279975891113,2.788848876953125,2.3354310989379883,5.582841873168945,2.9860384464263916,2.5968034267425537,0.5749167799949646,0.039211541414260864,19,0.0006219671777216718,3.493173426249996e-05,0.00033717648802849003,0.13683138452950794,37,0.0008273269049823284,0.00020535972726065665,0.0007067373371683061,0.0004814115818589926,0.00014927574375178665,
0841,40,0841.png,60,12,32,32,0.0002468324382789433,0.055756550282239914,0.00024683267110958695,0.00022750692442059518,0.0002087156753987074,0.00019042387430090457,31.190309208332163,32.895105480898735,1.10740993000055,0.0007579139492008835,0.0005866141873411834,0.00017129976185970008,0.004023544955998659,0.006812257692217827,0.0006340735126286745,0.0004947173874825239,0.06998716912048805,0.05441851665532121,6.737977981567383,3.984156608581543,2.75382137298584,6.470221996307373,3.658116340637207,2.812105655670166,0.2665790617465973,0.02992689236998558,12,0.0002354211756028235,0.0002262974448967725,0.0002345101223909296,0.1363482337757612,38,0.0008574477396905422,0.0006220265640877187,0.0007602721452713013,0.000513439706992358,0.00016788906941656023,
0842,41,0842.png,40,76,32,32,0.00026032328605651855,0.02627742290496826,0.0002603234024718404,0.0002498871460556984,0.00023539110811220275,0.00019359641009941697,30.822948336677356,32.463732876284794,0.8605204232680634,0.0007654087530681863,0.0006174830923555419,0.00014792566071264446,0.004421738442033529,0.007621545344591141,0.0006228702841326594,0.000506517244502902,0.044092745025385884,0.041572329334242764,7.190127372741699,4.123696327209473,3.0664310455322266,6.739691257476807,3.6646156311035156,3.075075626373291,0.6015847325325012,0.03774707019329071,22,0.00043142781942151487,0.0,0.0002462071759509854,0.13153228407768866,39,0.0005848945002071559,0.00015346668078564107,0.0008273802814073861,0.0005670569953508675,0.0001688010524958372,
0828,27,0828.png,12,28,32,32,0.0001511001610197127,0.0645584762096405,0.00015110023377928883,0.00013762508518993854,0.00011387768770671553,9.266963024856523e-05,31.116235124346126,32.060347128287034,0.505711025541892,0.0007282535370904952,0.0006253314204514027,0.00010292211663909256,0.002289184834808111,0.0028131194412708282,0.0005612891400232911,0.000510448298882693,0.05898777414608061,0.04769123948252139,6.341337203979492,3.8243355751037598,2.5170016288757324,6.959243297576904,4.039220809936523,2.920022487640381,0.1899133324623108,0.03473580628633499,44,0.00037956476444378495,0.00045230487012304366,0.000359330880746711,0.12612240741685293,40,0.0008847730350680649,0.0012643377995118499,0.0007733507081866264,0.0006222505471669137,0.00021634803852066398,
0810,9,0810.png,56,8,40,40,0.00027409172616899014,0.035503807067871096,0.00027213507564738393,0.00027409160509705543,0.0002441059591041671,0.00022323823941405863,30.866851364617585,32.636300628827485,1.2395424795227825,0.0008347580005647615,0.0006310225726338103,0.00020373542793095112,0.00457331258803606,0.005812980234622955,0.0007205619476735592,0.0005253134295344353,0.04934514487801621,0.0631556649840712,5.200739860534668,3.0101330280303955,2.1906068325042725,6.1700639724731445,3.519545078277588,2.6505188941955566,0.4251464307308197,0.02727471850812435,4,0.00022450226242654026,0.0,0.00015584436332574116,0.11534154515971057,41,0.000526110699865967,0.0003016084374394268,0.0008190583903342485,0.0005449666641652584,0.00017914768250193447,
0801,0,0801.png,56,12,32,32,0.000212931539863348,0.07257021963596344,0.00021293167083058506,0.00020856019109487532,0.00017526951463272175,0.00015651083958800882,31.347365542632126,32.837147370485766,0.7611671707750176,0.0007036850292934105,0.000604088039835915,9.959698945749551e-05,0.003449931275099516,0.005932213738560677,0.0006089428788982332,0.00047917169285938144,0.05913849054079483,0.07372448222790462,6.345925807952881,3.9738245010375977,2.372101306915283,6.002140998840332,3.544329881668091,2.457811117172241,0.4834509789943695,0.04462282359600067,32,9.605730883777142e-05,0.0003356786910444498,0.00020329963881522418,0.11400054283711453,42,0.0009040450095199049,0.0008079877006821334,0.0007332692039199173,0.0005203376640565693,0.00018400784756522626,
0839,38,0839.png,60,56,32,32,0.0002741716452874243,0.0416407585144043,0.00027417170349508524,0.00024882256984710694,0.0002274267737650209,0.0002237039152532816,30.737946518701328,32.44459022581341,1.2943654315412552,0.0007802785694366321,0.0005909775063628331,0.00018930106307379901,0.004640226252377033,0.006336808204650879,0.0005851536989212036,0.00044334621634334326,0.11414738924295187,0.11039839067932923,5.844408988952637,3.131450653076172,2.712958335876465,6.70673942565918,3.6429178714752197,3.06382155418396,0.24716079235076904,0.026952747255563736,3,0.0001460959028918296,0.0,0.00012057748535880819,0.10562097886505366,43,0.0005779812345281243,0.0004318853316362947,0.0008437336073257029,0.0005695619620382786,0.00016829701780807227,
0804,3,0804.png,72,44,32,32,0.00017456349451094866,0.07233518362045288,0.0001745634654071182,0.00017036184668540956,0.00015519983652565215,0.00013841950567439198,31.17019455090881,32.29709199971184,0.7072207351570476,0.0007749446958769113,0.0006629127310588956,0.0001120319648180157,0.0027472791261970997,0.003062877804040909,0.0006703090621158481,0.0005751521093770862,0.028950641520935776,0.03777762590860508,6.322522163391113,3.7896556854248047,2.5328664779663086,6.2046098709106445,3.5524063110351562,2.6522035598754883,0.5133379101753235,0.048671506345272064,37,7.353955879807472e-05,0.00043704506242647767,0.00022097127221059053,0.10173442020562393,44,0.0010630529141053557,0.000989513355307281,0.0007638015667907894,0.0005892380722798407,0.0002056530211120844,
0830,29,0830.png,52,88,32,32,0.0002569670614320785,0.0375557541847229,0.000256967032328248,0.0002307862974703312,0.00021738680596980784,0.00020804317318834364,31.431573130984894,33.351499888767194,1.1683250885716845,0.0007732310623396188,0.000592167372815311,0.00018106368952430785,0.0045026130974292755,0.006389442831277847,0.0006543375202454627,0.0004997493233531713,0.038343436017998084,0.03147113056814121,5.758655071258545,3.496001720428467,2.262653350830078,5.743605613708496,3.378200054168701,2.365405559539795,0.5022552609443665,0.02561779133975506,9,0.00010546334669925272,3.4154814784415066e-05,0.00011080610347562471,0.0943824625248236,45,0.000549107848200947,0.0004436445015016943,0.0007191884214989841,0.0004622213600669056,0.000160757263074629,
0816,15,0816.png,8,56,40,40,0.0002330016577616334,0.05009637355804444,0.00023006949049886316,0.00023300165310502052,0.0002154738176614046,0.00020695588318631053,31.393298692551586,33.075470368717816,1.2053862953620786,0.0007148068398237228,0.0005444703856483102,0.00017033645417541265,0.004010168835520744,0.0052948687225580215,0.0006173774017952383,0.000467450066935271,0.042494614854600175,0.04768983702973638,6.532372951507568,3.938446044921875,2.5939269065856934,6.062523365020752,3.4840219020843506,2.5785014629364014,0.5161490440368652,0.0287901870906353,6,8.240767056122422e-05,8.32242367323488e-05,0.00011281226616119966,0.0831652713710399,46,0.0006169810658320785,0.0005345733952708542,0.0007255546515807509,0.0004925529938191175,0.00016493481234647334,
0813,12,0813.png,20,56,32,32,0.0001945231924764812,0.0715024396777153,0.00019452323613222688,0.00018574059009552002,0.00015665160026401281,0.0001352470862912014,31.25902638396997,32.56636027467853,0.2748913000002524,0.0009228794806404039,0.0009185075905406848,4.371890099719167e-06,0.003141131019219756,0.004667352885007858,0.0007026279927231371,0.0006177738541737199,0.07050796796978756,0.09633366156222568,6.632102966308594,4.159482955932617,2.4726200103759766,6.372519016265869,3.7322609424591064,2.6402580738067627,0.4564584791660309,0.03967069834470749,46,6.650760769844055e-05,0.00025076617021113634,0.0001566012215334922,0.0829560765026612,47,0.0007713264203630388,0.0008378340280614793,0.0007483372464776039,0.0005538140540011227,0.00019291811622679234,
0844,43,0844.png,12,28,40,40,0.00018016318790614605,0.0035044273734092714,0.00017977235256694257,0.0001801632158458233,0.00016408972442150116,0.00016036731540225446,31.14402296705849,32.304342845254794,0.25867437933082016,0.0009235794423148036,0.000887320187757723,3.625925455708057e-05,0.0032673426903784275,0.0038403328508138657,0.0007309925276786089,0.0006563406786881387,0.07079726635802125,0.06480485056794805,5.9200005531311035,3.3754632472991943,2.544537305831909,6.028929233551025,3.323366641998291,2.7055625915527344,0.7418401837348938,0.016573220491409302,47,0.0004749063555209432,0.0,0.00024974049756565364,0.08100138107522316,48,0.0005291707348078489,5.426437928690575e-05,0.000768418307416141,0.000588255119509995,0.00019788100325968117,
0845,44,0845.png,80,44,32,32,0.00019036803860217333,0.0054182857275009155,0.00019036815501749516,0.0001815740205347538,0.00016132126458817057,0.0001378395827487111,31.537533973310694,32.91166524222392,0.9126117104000215,0.0007200566324172541,0.0005872736219316721,0.00013278301048558205,0.00345016922801733,0.005799910053610802,0.0006171160493977368,0.0005038806702941656,0.03871281369463503,0.03919056648676728,6.082221984863281,3.8007144927978516,2.2815074920654297,5.622697353363037,3.350754499435425,2.2719428539276123,0.6150885820388794,0.036584313958883286,18,0.0003095327701885253,0.0,0.00017736335430527106,0.06750428007344066,49,0.0004424243525136262,0.0001328915823251009,0.0007018537144176662,0.0005114856758154929,0.00019657716620713472,
0827,26,0827.png,52,64,32,32,0.00014809309504926205,0.038046881556510925,0.00014809300773777068,0.00014425644651055335,0.00013461822850836648,0.00012152300769230351,31.099813374153506,32.01910793089707,0.7174767353117169,0.0006906999042257667,0.0005749308475060388,0.00011576905671972781,0.0025228476151823997,0.0026043839752674103,0.0005639127921313047,0.00047867544344626367,0.04722717072113629,0.04347169207443019,7.1287946701049805,4.352112293243408,2.7766823768615723,7.026902198791504,3.965266466140747,3.061635732650757,0.14246866106987,0.0149943633005023,35,0.0002654495765455067,0.0,0.00014907092845533042,0.03249949453383665,50,0.000734495057258755,0.00046904548071324825,0.000776280474383384,0.0006281873793341219,0.0002113828668370843,
