run,description,seed,training_mode,init_checkpoint,resume_checkpoint,latest_checkpoint,latest_epoch,configured_epochs,optimizer_in_checkpoint,image_size,payload_bits,crop_protocol,patch_size,stride,ratio,global_weight,local_weight,loss_mode,temperature,alpha,lr,batch,deterministic_config,single_gpu_required,actual_device_count,evaluation_role,resolved_checkpoint_mismatches,config_json
ablation_patch16_128_m64_crop,16×16/步长16，Top25%原始MSE均值；整图/局部权重=0.5/0.5,17,random_initialized_scratch,,,/mnt/wmcontent/GLX/icassp/MBRS/experiments/runs/ablation_patch16_128_m64_crop/checkpoint_0010.pth,10,100,True,128x128,64,"[""RandomCrop(0.3, 1.0)""]",16,16,0.25,0.5,0.5,topk,,,0.001,16,False,False,not persisted in checkpoint,exploratory only / not a registered main result,[],"{""name"": ""ablation_patch16_128_m64_crop"", ""dataset_path"": ""/mnt/wmcontent/GLX/icassp/MBRS/datasets"", ""H"": 128, ""W"": 128, ""message_length"": 64, ""batch_size"": 16, ""num_workers"": 0, ""epochs"": 100, ""lr"": 0.001, ""seed"": 17, ""noise_layers"": [""RandomCrop(0.3, 1.0)""], ""message_loss_weight"": 10.0, ""global_loss_weight"": 0.5, ""local_loss_weight"": 0.5, ""local_loss_mode"": ""topk"", ""local_patch_size"": 16, ""local_topk_ratio"": 0.25, ""save_every"": 10, ""device"": ""cuda""}"
ablation_patch64_128_m64_crop,64×64/步长64，Top25%原始MSE均值；整图/局部权重=0.5/0.5,17,random_initialized_scratch,,,/mnt/wmcontent/GLX/icassp/MBRS/experiments/runs/ablation_patch64_128_m64_crop/checkpoint_0010.pth,10,100,True,128x128,64,"[""RandomCrop(0.3, 1.0)""]",64,64,0.25,0.5,0.5,topk,,,0.001,16,False,False,not persisted in checkpoint,exploratory only / not a registered main result,[],"{""name"": ""ablation_patch64_128_m64_crop"", ""dataset_path"": ""/mnt/wmcontent/GLX/icassp/MBRS/datasets"", ""H"": 128, ""W"": 128, ""message_length"": 64, ""batch_size"": 16, ""num_workers"": 0, ""epochs"": 100, ""lr"": 0.001, ""seed"": 17, ""noise_layers"": [""RandomCrop(0.3, 1.0)""], ""message_loss_weight"": 10.0, ""global_loss_weight"": 0.5, ""local_loss_weight"": 0.5, ""local_loss_mode"": ""topk"", ""local_patch_size"": 64, ""local_topk_ratio"": 0.25, ""save_every"": 10, ""device"": ""cuda""}"
candidate_worst_patch16_weight25_seed17_128_m64_crop,16×16/步长16，Top25%原始MSE均值；整图/局部权重=0.75/0.25,17,random_initialized_scratch,,,/mnt/wmcontent/GLX/icassp/MBRS/experiments/runs/candidate_worst_patch16_weight25_seed17_128_m64_crop/checkpoint_0100.pth,100,100,True,128x128,64,"[""RandomCrop(0.3, 1.0)""]",16,16,0.25,0.75,0.25,topk,,,0.001,16,False,False,not persisted in checkpoint,exploratory only / not a registered main result,[],"{""name"": ""ablation_patch16_128_m64_crop"", ""dataset_path"": ""/mnt/wmcontent/GLX/icassp/MBRS/datasets"", ""H"": 128, ""W"": 128, ""message_length"": 64, ""batch_size"": 16, ""num_workers"": 0, ""epochs"": 100, ""lr"": 0.001, ""seed"": 17, ""noise_layers"": [""RandomCrop(0.3, 1.0)""], ""message_loss_weight"": 10.0, ""global_loss_weight"": 0.75, ""local_loss_weight"": 0.25, ""local_loss_mode"": ""topk"", ""local_patch_size"": 16, ""local_topk_ratio"": 0.25, ""save_every"": 10, ""device"": ""cuda""}"
candidate_worst_patch16_weight25_seed29_128_m64_crop,16×16/步长16，Top25%原始MSE均值；整图/局部权重=0.75/0.25,29,random_initialized_scratch,,,/mnt/wmcontent/GLX/icassp/MBRS/experiments/runs/candidate_worst_patch16_weight25_seed29_128_m64_crop/checkpoint_0100.pth,100,100,True,128x128,64,"[""RandomCrop(0.3, 1.0)""]",16,16,0.25,0.75,0.25,topk,,,0.001,16,False,False,not persisted in checkpoint,exploratory only / not a registered main result,[],"{""name"": ""ablation_patch16_128_m64_crop"", ""dataset_path"": ""/mnt/wmcontent/GLX/icassp/MBRS/datasets"", ""H"": 128, ""W"": 128, ""message_length"": 64, ""batch_size"": 16, ""num_workers"": 0, ""epochs"": 100, ""lr"": 0.001, ""seed"": 29, ""noise_layers"": [""RandomCrop(0.3, 1.0)""], ""message_loss_weight"": 10.0, ""global_loss_weight"": 0.75, ""local_loss_weight"": 0.25, ""local_loss_mode"": ""topk"", ""local_patch_size"": 16, ""local_topk_ratio"": 0.25, ""save_every"": 10, ""device"": ""cuda"", ""resume"": null, ""init_checkpoint"": null}"
candidate_worst_patch16_weight50_seed29_128_m64_crop,16×16/步长16，Top25%原始MSE均值；整图/局部权重=0.5/0.5,29,random_initialized_scratch,,,/mnt/wmcontent/GLX/icassp/MBRS/experiments/runs/candidate_worst_patch16_weight50_seed29_128_m64_crop/checkpoint_0100.pth,100,100,True,128x128,64,"[""RandomCrop(0.3, 1.0)""]",16,16,0.25,0.5,0.5,topk,,,0.001,16,False,False,not persisted in checkpoint,exploratory only / not a registered main result,[],"{""name"": ""candidate_worst_patch16_128_m64_crop"", ""dataset_path"": ""/mnt/wmcontent/GLX/icassp/MBRS/datasets"", ""H"": 128, ""W"": 128, ""message_length"": 64, ""batch_size"": 16, ""num_workers"": 0, ""epochs"": 100, ""lr"": 0.001, ""seed"": 29, ""noise_layers"": [""RandomCrop(0.3, 1.0)""], ""message_loss_weight"": 10.0, ""global_loss_weight"": 0.5, ""local_loss_weight"": 0.5, ""local_loss_mode"": ""topk"", ""local_patch_size"": 16, ""local_topk_ratio"": 0.25, ""save_every"": 10, ""device"": ""cuda""}"
candidate_worst_patch16_weight50_seed41_128_m64_crop,16×16/步长16，Top25%原始MSE均值；整图/局部权重=0.5/0.5,41,random_initialized_scratch,,,/mnt/wmcontent/GLX/icassp/MBRS/experiments/runs/candidate_worst_patch16_weight50_seed41_128_m64_crop/checkpoint_0100.pth,100,100,True,128x128,64,"[""RandomCrop(0.3, 1.0)""]",16,16,0.25,0.5,0.5,topk,,,0.001,16,False,False,not persisted in checkpoint,exploratory only / not a registered main result,[],"{""name"": ""candidate_worst_patch16_128_m64_crop"", ""dataset_path"": ""/mnt/wmcontent/GLX/icassp/MBRS/datasets"", ""H"": 128, ""W"": 128, ""message_length"": 64, ""batch_size"": 16, ""num_workers"": 0, ""epochs"": 100, ""lr"": 0.001, ""seed"": 41, ""noise_layers"": [""RandomCrop(0.3, 1.0)""], ""message_loss_weight"": 10.0, ""global_loss_weight"": 0.5, ""local_loss_weight"": 0.5, ""local_loss_mode"": ""topk"", ""local_patch_size"": 16, ""local_topk_ratio"": 0.25, ""save_every"": 10, ""device"": ""cuda""}"
candidate_worst_patch16_weight75_seed17_128_m64_crop,16×16/步长16，Top25%原始MSE均值；整图/局部权重=0.25/0.75,17,random_initialized_scratch,,,/mnt/wmcontent/GLX/icassp/MBRS/experiments/runs/candidate_worst_patch16_weight75_seed17_128_m64_crop/checkpoint_0100.pth,100,100,True,128x128,64,"[""RandomCrop(0.3, 1.0)""]",16,16,0.25,0.25,0.75,topk,,,0.001,16,False,False,not persisted in checkpoint,exploratory only / not a registered main result,[],"{""name"": ""candidate_worst_patch16_128_m64_crop"", ""dataset_path"": ""/mnt/wmcontent/GLX/icassp/MBRS/datasets"", ""H"": 128, ""W"": 128, ""message_length"": 64, ""batch_size"": 16, ""num_workers"": 0, ""epochs"": 100, ""lr"": 0.001, ""seed"": 17, ""noise_layers"": [""RandomCrop(0.3, 1.0)""], ""message_loss_weight"": 10.0, ""global_loss_weight"": 0.25, ""local_loss_weight"": 0.75, ""local_loss_mode"": ""topk"", ""local_patch_size"": 16, ""local_topk_ratio"": 0.25, ""save_every"": 10, ""device"": ""cuda""}"
candidate_worst_patch16_weight75_seed29_128_m64_crop,16×16/步长16，Top25%原始MSE均值；整图/局部权重=0.25/0.75,29,random_initialized_scratch,,,/mnt/wmcontent/GLX/icassp/MBRS/experiments/runs/candidate_worst_patch16_weight75_seed29_128_m64_crop/checkpoint_0100.pth,100,100,True,128x128,64,"[""RandomCrop(0.3, 1.0)""]",16,16,0.25,0.25,0.75,topk,,,0.001,16,False,False,not persisted in checkpoint,exploratory only / not a registered main result,[],"{""name"": ""candidate_worst_patch16_128_m64_crop"", ""dataset_path"": ""/mnt/wmcontent/GLX/icassp/MBRS/datasets"", ""H"": 128, ""W"": 128, ""message_length"": 64, ""batch_size"": 16, ""num_workers"": 0, ""epochs"": 100, ""lr"": 0.001, ""seed"": 29, ""noise_layers"": [""RandomCrop(0.3, 1.0)""], ""message_loss_weight"": 10.0, ""global_loss_weight"": 0.25, ""local_loss_weight"": 0.75, ""local_loss_mode"": ""topk"", ""local_patch_size"": 16, ""local_topk_ratio"": 0.25, ""save_every"": 10, ""device"": ""cuda""}"
candidate_worst_patch16_weight75_seed41_128_m64_crop,16×16/步长16，Top25%原始MSE均值；整图/局部权重=0.25/0.75,41,random_initialized_scratch,,,/mnt/wmcontent/GLX/icassp/MBRS/experiments/runs/candidate_worst_patch16_weight75_seed41_128_m64_crop/checkpoint_0100.pth,100,100,True,128x128,64,"[""RandomCrop(0.3, 1.0)""]",16,16,0.25,0.25,0.75,topk,,,0.001,16,False,False,not persisted in checkpoint,exploratory only / not a registered main result,[],"{""name"": ""candidate_worst_patch16_128_m64_crop"", ""dataset_path"": ""/mnt/wmcontent/GLX/icassp/MBRS/datasets"", ""H"": 128, ""W"": 128, ""message_length"": 64, ""batch_size"": 16, ""num_workers"": 0, ""epochs"": 100, ""lr"": 0.001, ""seed"": 41, ""noise_layers"": [""RandomCrop(0.3, 1.0)""], ""message_loss_weight"": 10.0, ""global_loss_weight"": 0.25, ""local_loss_weight"": 0.75, ""local_loss_mode"": ""topk"", ""local_patch_size"": 16, ""local_topk_ratio"": 0.25, ""save_every"": 10, ""device"": ""cuda""}"
candidate_worst_patch32_topk50_seed29_128_m64_crop,32×32/步长32，Top50%原始MSE均值；整图/局部权重=0.5/0.5,29,random_initialized_scratch,,,/mnt/wmcontent/GLX/icassp/MBRS/experiments/runs/candidate_worst_patch32_topk50_seed29_128_m64_crop/checkpoint_0100.pth,100,100,True,128x128,64,"[""RandomCrop(0.3, 1.0)""]",32,32,0.5,0.5,0.5,topk,,,0.001,16,False,False,not persisted in checkpoint,exploratory only / not a registered main result,[],"{""name"": ""ablation_topk50_128_m64_crop"", ""dataset_path"": ""/mnt/wmcontent/GLX/icassp/MBRS/datasets"", ""H"": 128, ""W"": 128, ""message_length"": 64, ""batch_size"": 16, ""num_workers"": 0, ""epochs"": 100, ""lr"": 0.001, ""seed"": 29, ""noise_layers"": [""RandomCrop(0.3, 1.0)""], ""message_loss_weight"": 10.0, ""global_loss_weight"": 0.5, ""local_loss_weight"": 0.5, ""local_loss_mode"": ""topk"", ""local_patch_size"": 32, ""local_topk_ratio"": 0.5, ""save_every"": 10, ""device"": ""cuda""}"
candidate_worst_patch32_topk50_seed41_128_m64_crop,32×32/步长32，Top50%原始MSE均值；整图/局部权重=0.5/0.5,41,random_initialized_scratch,,,/mnt/wmcontent/GLX/icassp/MBRS/experiments/runs/candidate_worst_patch32_topk50_seed41_128_m64_crop/checkpoint_0100.pth,100,100,True,128x128,64,"[""RandomCrop(0.3, 1.0)""]",32,32,0.5,0.5,0.5,topk,,,0.001,16,False,False,not persisted in checkpoint,exploratory only / not a registered main result,[],"{""name"": ""ablation_topk50_128_m64_crop"", ""dataset_path"": ""/mnt/wmcontent/GLX/icassp/MBRS/datasets"", ""H"": 128, ""W"": 128, ""message_length"": 64, ""batch_size"": 16, ""num_workers"": 0, ""epochs"": 100, ""lr"": 0.001, ""seed"": 41, ""noise_layers"": [""RandomCrop(0.3, 1.0)""], ""message_loss_weight"": 10.0, ""global_loss_weight"": 0.5, ""local_loss_weight"": 0.5, ""local_loss_mode"": ""topk"", ""local_patch_size"": 32, ""local_topk_ratio"": 0.5, ""save_every"": 10, ""device"": ""cuda""}"
candidate_worst_patch32_weight25_seed29_128_m64_crop,32×32/步长32，Top25%原始MSE均值；整图/局部权重=0.75/0.25,29,random_initialized_scratch,,,/mnt/wmcontent/GLX/icassp/MBRS/experiments/runs/candidate_worst_patch32_weight25_seed29_128_m64_crop/checkpoint_0100.pth,100,100,True,128x128,64,"[""RandomCrop(0.3, 1.0)""]",32,32,0.25,0.75,0.25,topk,,,0.001,16,False,False,not persisted in checkpoint,exploratory only / not a registered main result,[],"{""name"": ""worst_patch_128_m64_crop"", ""dataset_path"": ""/mnt/wmcontent/GLX/icassp/MBRS/datasets"", ""H"": 128, ""W"": 128, ""message_length"": 64, ""batch_size"": 16, ""num_workers"": 0, ""epochs"": 100, ""lr"": 0.001, ""seed"": 29, ""noise_layers"": [""RandomCrop(0.3, 1.0)""], ""message_loss_weight"": 10.0, ""global_loss_weight"": 0.75, ""local_loss_weight"": 0.25, ""local_loss_mode"": ""topk"", ""local_patch_size"": 32, ""local_topk_ratio"": 0.25, ""save_every"": 10, ""device"": ""cuda""}"
candidate_worst_patch32_weight25_seed41_128_m64_crop,32×32/步长32，Top25%原始MSE均值；整图/局部权重=0.75/0.25,41,random_initialized_scratch,,,/mnt/wmcontent/GLX/icassp/MBRS/experiments/runs/candidate_worst_patch32_weight25_seed41_128_m64_crop/checkpoint_0100.pth,100,100,True,128x128,64,"[""RandomCrop(0.3, 1.0)""]",32,32,0.25,0.75,0.25,topk,,,0.001,16,False,False,not persisted in checkpoint,exploratory only / not a registered main result,[],"{""name"": ""worst_patch_128_m64_crop"", ""dataset_path"": ""/mnt/wmcontent/GLX/icassp/MBRS/datasets"", ""H"": 128, ""W"": 128, ""message_length"": 64, ""batch_size"": 16, ""num_workers"": 0, ""epochs"": 100, ""lr"": 0.001, ""seed"": 41, ""noise_layers"": [""RandomCrop(0.3, 1.0)""], ""message_loss_weight"": 10.0, ""global_loss_weight"": 0.75, ""local_loss_weight"": 0.25, ""local_loss_mode"": ""topk"", ""local_patch_size"": 32, ""local_topk_ratio"": 0.25, ""save_every"": 10, ""device"": ""cuda""}"
controlled_seed17_excess_patch16_stride16_global_weight50_local_weight50,16×16/步长16，超均值平方惩罚，阈值1，倍率3；整图/局部权重=0.5/0.5,17,continuation_from_external_checkpoint,/mnt/wmcontent/GLX/icassp/MBRS/experiments/runs/optimization_global_seed17_128_m64_crop/checkpoint_0100.pth,,/mnt/wmcontent/GLX/icassp/MBRS/experiments/runs/controlled_seed17_excess_patch16_stride16_global_weight50_local_weight50/checkpoint_0020.pth,20,20,True,128x128,64,"[""RandomCrop(0.3, 1.0)""]",16,16,0.25,0.5,0.5,excess,,,0.0001,16,True,True,not persisted in checkpoint,controlled registered,[],"{""name"": ""controlled_seed17_excess_patch16_stride16_global_weight50_local_weight50_128_m64_crop"", ""dataset_path"": ""/mnt/wmcontent/GLX/icassp/MBRS/datasets"", ""H"": 128, ""W"": 128, ""message_length"": 64, ""batch_size"": 16, ""num_workers"": 0, ""epochs"": 20, ""lr"": 0.0001, ""seed"": 17, ""noise_layers"": [""RandomCrop(0.3, 1.0)""], ""message_loss_weight"": 10.0, ""global_loss_weight"": 0.5, ""local_loss_weight"": 0.5, ""local_loss_mode"": ""excess"", ""local_patch_size"": 16, ""local_patch_stride"": 16, ""local_topk_ratio"": 0.25, ""excess_threshold"": 1.0, ""excess_epsilon"": 1e-12, ""excess_loss_scale"": 3.0, ""deterministic"": true, ""deterministic_warn_only"": false, ""require_single_gpu"": true, ""save_every"": 5, ""device"": ""cuda"", ""resume"": null, ""init_checkpoint"": ""/mnt/wmcontent/GLX/icassp/MBRS/experiments/runs/optimization_global_seed17_128_m64_crop/checkpoint_0100.pth""}"
controlled_seed17_global_continuation,仅整图MSE，无局部项；整图/局部权重=1/0,17,continuation_from_external_checkpoint,/mnt/wmcontent/GLX/icassp/MBRS/experiments/runs/optimization_global_seed17_128_m64_crop/checkpoint_0100.pth,,/mnt/wmcontent/GLX/icassp/MBRS/experiments/runs/controlled_seed17_global_continuation/checkpoint_0020.pth,20,20,True,128x128,64,"[""RandomCrop(0.3, 1.0)""]",16,16,0.25,1.0,0.0,none,,,0.0001,16,True,True,not persisted in checkpoint,controlled registered,[],"{""name"": ""finetune_global_control_128_m64_crop"", ""dataset_path"": ""/mnt/wmcontent/GLX/icassp/MBRS/datasets"", ""H"": 128, ""W"": 128, ""message_length"": 64, ""batch_size"": 16, ""num_workers"": 0, ""epochs"": 20, ""lr"": 0.0001, ""seed"": 17, ""noise_layers"": [""RandomCrop(0.3, 1.0)""], ""message_loss_weight"": 10.0, ""global_loss_weight"": 1.0, ""local_loss_weight"": 0.0, ""local_loss_mode"": ""none"", ""local_patch_size"": 16, ""local_topk_ratio"": 0.25, ""deterministic"": true, ""deterministic_warn_only"": false, ""require_single_gpu"": true, ""save_every"": 5, ""device"": ""cuda"", ""resume"": null, ""init_checkpoint"": ""/mnt/wmcontent/GLX/icassp/MBRS/experiments/runs/optimization_global_seed17_128_m64_crop/checkpoint_0100.pth""}"
controlled_seed17_hard_p16_t25_l50,16×16/步长16，Top25%原始MSE均值；整图/局部权重=0.5/0.5,17,continuation_from_external_checkpoint,/mnt/wmcontent/GLX/icassp/MBRS/experiments/runs/optimization_global_seed17_128_m64_crop/checkpoint_0100.pth,,/mnt/wmcontent/GLX/icassp/MBRS/experiments/runs/controlled_seed17_hard_p16_t25_l50/checkpoint_0020.pth,20,20,True,128x128,64,"[""RandomCrop(0.3, 1.0)""]",16,16,0.25,0.5,0.5,topk,,,0.0001,16,True,True,not persisted in checkpoint,controlled registered,[],"{""name"": ""controlled_hard_patch16_top25_weight50_128_m64_crop"", ""dataset_path"": ""/mnt/wmcontent/GLX/icassp/MBRS/datasets"", ""H"": 128, ""W"": 128, ""message_length"": 64, ""batch_size"": 16, ""num_workers"": 0, ""epochs"": 20, ""lr"": 0.0001, ""seed"": 17, ""noise_layers"": [""RandomCrop(0.3, 1.0)""], ""message_loss_weight"": 10.0, ""global_loss_weight"": 0.5, ""local_loss_weight"": 0.5, ""local_loss_mode"": ""topk"", ""local_patch_size"": 16, ""local_topk_ratio"": 0.25, ""deterministic"": true, ""deterministic_warn_only"": false, ""require_single_gpu"": true, ""save_every"": 5, ""device"": ""cuda"", ""resume"": null, ""init_checkpoint"": ""/mnt/wmcontent/GLX/icassp/MBRS/experiments/runs/optimization_global_seed17_128_m64_crop/checkpoint_0100.pth""}"
controlled_seed17_hard_patch16_stride8_top10_global_weight50_local_weight50,16×16/步长8，Top10%原始MSE均值；整图/局部权重=0.5/0.5,17,continuation_from_external_checkpoint,/mnt/wmcontent/GLX/icassp/MBRS/experiments/runs/optimization_global_seed17_128_m64_crop/checkpoint_0100.pth,,/mnt/wmcontent/GLX/icassp/MBRS/experiments/runs/controlled_seed17_hard_patch16_stride8_top10_global_weight50_local_weight50/checkpoint_0020.pth,20,20,True,128x128,64,"[""RandomCrop(0.3, 1.0)""]",16,8,0.1,0.5,0.5,topk,,,0.0001,16,True,True,not persisted in checkpoint,controlled registered,[],"{""name"": ""controlled_seed17_hard_patch16_stride8_top10_global_weight50_local_weight50_128_m64_crop"", ""dataset_path"": ""/mnt/wmcontent/GLX/icassp/MBRS/datasets"", ""H"": 128, ""W"": 128, ""message_length"": 64, ""batch_size"": 16, ""num_workers"": 0, ""epochs"": 20, ""lr"": 0.0001, ""seed"": 17, ""noise_layers"": [""RandomCrop(0.3, 1.0)""], ""message_loss_weight"": 10.0, ""global_loss_weight"": 0.5, ""local_loss_weight"": 0.5, ""local_loss_mode"": ""topk"", ""local_patch_size"": 16, ""local_patch_stride"": 8, ""local_topk_ratio"": 0.1, ""deterministic"": true, ""deterministic_warn_only"": false, ""require_single_gpu"": true, ""save_every"": 5, ""device"": ""cuda"", ""resume"": null, ""init_checkpoint"": ""/mnt/wmcontent/GLX/icassp/MBRS/experiments/runs/optimization_global_seed17_128_m64_crop/checkpoint_0100.pth""}"
controlled_seed17_hard_patch16_stride8_top25_weight50,16×16/步长8，Top25%原始MSE均值；整图/局部权重=0.5/0.5,17,continuation_from_external_checkpoint,/mnt/wmcontent/GLX/icassp/MBRS/experiments/runs/optimization_global_seed17_128_m64_crop/checkpoint_0100.pth,,/mnt/wmcontent/GLX/icassp/MBRS/experiments/runs/controlled_seed17_hard_patch16_stride8_top25_weight50/checkpoint_0020.pth,20,20,True,128x128,64,"[""RandomCrop(0.3, 1.0)""]",16,8,0.25,0.5,0.5,topk,,,0.0001,16,True,True,not persisted in checkpoint,controlled registered,[],"{""name"": ""controlled_seed17_hard_patch16_stride8_top25_weight50_128_m64_crop"", ""dataset_path"": ""/mnt/wmcontent/GLX/icassp/MBRS/datasets"", ""H"": 128, ""W"": 128, ""message_length"": 64, ""batch_size"": 16, ""num_workers"": 0, ""epochs"": 20, ""lr"": 0.0001, ""seed"": 17, ""noise_layers"": [""RandomCrop(0.3, 1.0)""], ""message_loss_weight"": 10.0, ""global_loss_weight"": 0.5, ""local_loss_weight"": 0.5, ""local_loss_mode"": ""topk"", ""local_patch_size"": 16, ""local_patch_stride"": 8, ""local_topk_ratio"": 0.25, ""deterministic"": true, ""deterministic_warn_only"": false, ""require_single_gpu"": true, ""save_every"": 5, ""device"": ""cuda"", ""resume"": null, ""init_checkpoint"": ""/mnt/wmcontent/GLX/icassp/MBRS/experiments/runs/optimization_global_seed17_128_m64_crop/checkpoint_0100.pth""}"
controlled_seed17_multiscale_patch16_patch32_top25_weight70_weight30_global_weight50_local_weight50,0.7×16×16/步长16 Top25% + 0.3×32×32/步长32 Top25%；整图/局部权重=0.5/0.5,17,continuation_from_external_checkpoint,/mnt/wmcontent/GLX/icassp/MBRS/experiments/runs/optimization_global_seed17_128_m64_crop/checkpoint_0100.pth,,/mnt/wmcontent/GLX/icassp/MBRS/experiments/runs/controlled_seed17_multiscale_patch16_patch32_top25_weight70_weight30_global_weight50_local_weight50/checkpoint_0020.pth,20,20,True,128x128,64,"[""RandomCrop(0.3, 1.0)""]",16,16,0.25,0.5,0.5,multiscale,,,0.0001,16,True,True,not persisted in checkpoint,controlled registered,[],"{""name"": ""controlled_seed17_multiscale_patch16_patch32_top25_weight70_weight30_global_weight50_local_weight50_128_m64_crop"", ""dataset_path"": ""/mnt/wmcontent/GLX/icassp/MBRS/datasets"", ""H"": 128, ""W"": 128, ""message_length"": 64, ""batch_size"": 16, ""num_workers"": 0, ""epochs"": 20, ""lr"": 0.0001, ""seed"": 17, ""noise_layers"": [""RandomCrop(0.3, 1.0)""], ""message_loss_weight"": 10.0, ""global_loss_weight"": 0.5, ""local_loss_weight"": 0.5, ""local_loss_mode"": ""multiscale"", ""local_patch_size"": 16, ""local_patch_stride"": 16, ""local_topk_ratio"": 0.25, ""multi_scale_patch_sizes"": [16, 32], ""multi_scale_patch_strides"": [16, 32], ""multi_scale_weights"": [0.7, 0.3], ""deterministic"": true, ""deterministic_warn_only"": false, ""require_single_gpu"": true, ""save_every"": 5, ""device"": ""cuda"", ""resume"": null, ""init_checkpoint"": ""/mnt/wmcontent/GLX/icassp/MBRS/experiments/runs/optimization_global_seed17_128_m64_crop/checkpoint_0100.pth""}"
controlled_seed17_soft_p16_t025_l50,16×16/步长16，归一化softmax，温度0.25，detach=True；整图/局部权重=0.5/0.5,17,continuation_from_external_checkpoint,/mnt/wmcontent/GLX/icassp/MBRS/experiments/runs/optimization_global_seed17_128_m64_crop/checkpoint_0100.pth,,/mnt/wmcontent/GLX/icassp/MBRS/experiments/runs/controlled_seed17_soft_p16_t025_l50/checkpoint_0020.pth,20,20,True,128x128,64,"[""RandomCrop(0.3, 1.0)""]",16,16,0.25,0.5,0.5,soft_tail,0.25,,0.0001,16,True,True,not persisted in checkpoint,controlled registered,[],"{""name"": ""controlled_soft_tail_patch16_weight50_t025_128_m64_crop"", ""dataset_path"": ""/mnt/wmcontent/GLX/icassp/MBRS/datasets"", ""H"": 128, ""W"": 128, ""message_length"": 64, ""batch_size"": 16, ""num_workers"": 0, ""epochs"": 20, ""lr"": 0.0001, ""seed"": 17, ""noise_layers"": [""RandomCrop(0.3, 1.0)""], ""message_loss_weight"": 10.0, ""global_loss_weight"": 0.5, ""local_loss_weight"": 0.5, ""local_loss_mode"": ""soft_tail"", ""local_patch_size"": 16, ""local_topk_ratio"": 0.25, ""soft_tail_temperature"": 0.25, ""soft_tail_detach_weights"": true, ""deterministic"": true, ""deterministic_warn_only"": false, ""require_single_gpu"": true, ""save_every"": 5, ""device"": ""cuda"", ""resume"": null, ""init_checkpoint"": ""/mnt/wmcontent/GLX/icassp/MBRS/experiments/runs/optimization_global_seed17_128_m64_crop/checkpoint_0100.pth""}"
controlled_seed17_soft_p16_t05_l50,16×16/步长16，归一化softmax，温度0.5，detach=True；整图/局部权重=0.5/0.5,17,continuation_from_external_checkpoint,/mnt/wmcontent/GLX/icassp/MBRS/experiments/runs/optimization_global_seed17_128_m64_crop/checkpoint_0100.pth,,/mnt/wmcontent/GLX/icassp/MBRS/experiments/runs/controlled_seed17_soft_p16_t05_l50/checkpoint_0020.pth,20,20,True,128x128,64,"[""RandomCrop(0.3, 1.0)""]",16,16,0.25,0.5,0.5,soft_tail,0.5,,0.0001,16,True,True,not persisted in checkpoint,controlled registered,[],"{""name"": ""controlled_soft_tail_patch16_weight50_t05_128_m64_crop"", ""dataset_path"": ""/mnt/wmcontent/GLX/icassp/MBRS/datasets"", ""H"": 128, ""W"": 128, ""message_length"": 64, ""batch_size"": 16, ""num_workers"": 0, ""epochs"": 20, ""lr"": 0.0001, ""seed"": 17, ""noise_layers"": [""RandomCrop(0.3, 1.0)""], ""message_loss_weight"": 10.0, ""global_loss_weight"": 0.5, ""local_loss_weight"": 0.5, ""local_loss_mode"": ""soft_tail"", ""local_patch_size"": 16, ""local_topk_ratio"": 0.25, ""soft_tail_temperature"": 0.5, ""soft_tail_detach_weights"": true, ""deterministic"": true, ""deterministic_warn_only"": false, ""require_single_gpu"": true, ""save_every"": 5, ""device"": ""cuda"", ""resume"": null, ""init_checkpoint"": ""/mnt/wmcontent/GLX/icassp/MBRS/experiments/runs/optimization_global_seed17_128_m64_crop/checkpoint_0100.pth""}"
controlled_seed17_soft_p16_t10_l50,16×16/步长16，归一化softmax，温度1，detach=True；整图/局部权重=0.5/0.5,17,continuation_from_external_checkpoint,/mnt/wmcontent/GLX/icassp/MBRS/experiments/runs/optimization_global_seed17_128_m64_crop/checkpoint_0100.pth,,/mnt/wmcontent/GLX/icassp/MBRS/experiments/runs/controlled_seed17_soft_p16_t10_l50/checkpoint_0020.pth,20,20,True,128x128,64,"[""RandomCrop(0.3, 1.0)""]",16,16,0.25,0.5,0.5,soft_tail,1.0,,0.0001,16,True,True,not persisted in checkpoint,controlled registered,[],"{""name"": ""controlled_soft_tail_patch16_weight50_t10_128_m64_crop"", ""dataset_path"": ""/mnt/wmcontent/GLX/icassp/MBRS/datasets"", ""H"": 128, ""W"": 128, ""message_length"": 64, ""batch_size"": 16, ""num_workers"": 0, ""epochs"": 20, ""lr"": 0.0001, ""seed"": 17, ""noise_layers"": [""RandomCrop(0.3, 1.0)""], ""message_loss_weight"": 10.0, ""global_loss_weight"": 0.5, ""local_loss_weight"": 0.5, ""local_loss_mode"": ""soft_tail"", ""local_patch_size"": 16, ""local_topk_ratio"": 0.25, ""soft_tail_temperature"": 1.0, ""soft_tail_detach_weights"": true, ""deterministic"": true, ""deterministic_warn_only"": false, ""require_single_gpu"": true, ""save_every"": 5, ""device"": ""cuda"", ""resume"": null, ""init_checkpoint"": ""/mnt/wmcontent/GLX/icassp/MBRS/experiments/runs/optimization_global_seed17_128_m64_crop/checkpoint_0100.pth""}"
fixed_ablation_patch16_128_m64_crop,16×16/步长16，Top25%原始MSE均值；整图/局部权重=0.5/0.5,17,random_initialized_scratch,,,/mnt/wmcontent/GLX/icassp/MBRS/experiments/runs/fixed_ablation_patch16_128_m64_crop/checkpoint_0100.pth,100,100,True,128x128,64,"[""RandomCrop(0.3, 1.0)""]",16,16,0.25,0.5,0.5,topk,,,0.001,16,False,False,not persisted in checkpoint,exploratory only / not a registered main result,[],"{""name"": ""ablation_patch16_128_m64_crop"", ""dataset_path"": ""/mnt/wmcontent/GLX/icassp/MBRS/datasets"", ""H"": 128, ""W"": 128, ""message_length"": 64, ""batch_size"": 16, ""num_workers"": 0, ""epochs"": 100, ""lr"": 0.001, ""seed"": 17, ""noise_layers"": [""RandomCrop(0.3, 1.0)""], ""message_loss_weight"": 10.0, ""global_loss_weight"": 0.5, ""local_loss_weight"": 0.5, ""local_loss_mode"": ""topk"", ""local_patch_size"": 16, ""local_topk_ratio"": 0.25, ""save_every"": 10, ""device"": ""cuda""}"
fixed_ablation_patch64_128_m64_crop,64×64/步长64，Top25%原始MSE均值；整图/局部权重=0.5/0.5,17,random_initialized_scratch,,,/mnt/wmcontent/GLX/icassp/MBRS/experiments/runs/fixed_ablation_patch64_128_m64_crop/checkpoint_0100.pth,100,100,True,128x128,64,"[""RandomCrop(0.3, 1.0)""]",64,64,0.25,0.5,0.5,topk,,,0.001,16,False,False,not persisted in checkpoint,exploratory only / not a registered main result,[],"{""name"": ""ablation_patch64_128_m64_crop"", ""dataset_path"": ""/mnt/wmcontent/GLX/icassp/MBRS/datasets"", ""H"": 128, ""W"": 128, ""message_length"": 64, ""batch_size"": 16, ""num_workers"": 0, ""epochs"": 100, ""lr"": 0.001, ""seed"": 17, ""noise_layers"": [""RandomCrop(0.3, 1.0)""], ""message_loss_weight"": 10.0, ""global_loss_weight"": 0.5, ""local_loss_weight"": 0.5, ""local_loss_mode"": ""topk"", ""local_patch_size"": 64, ""local_topk_ratio"": 0.25, ""save_every"": 10, ""device"": ""cuda""}"
fixed_ablation_topk10_128_m64_crop,32×32/步长32，Top10%原始MSE均值；整图/局部权重=0.5/0.5,17,random_initialized_scratch,,,/mnt/wmcontent/GLX/icassp/MBRS/experiments/runs/fixed_ablation_topk10_128_m64_crop/checkpoint_0100.pth,100,100,True,128x128,64,"[""RandomCrop(0.3, 1.0)""]",32,32,0.1,0.5,0.5,topk,,,0.001,16,False,False,not persisted in checkpoint,exploratory only / not a registered main result,[],"{""name"": ""ablation_topk10_128_m64_crop"", ""dataset_path"": ""/mnt/wmcontent/GLX/icassp/MBRS/datasets"", ""H"": 128, ""W"": 128, ""message_length"": 64, ""batch_size"": 16, ""num_workers"": 0, ""epochs"": 100, ""lr"": 0.001, ""seed"": 17, ""noise_layers"": [""RandomCrop(0.3, 1.0)""], ""message_loss_weight"": 10.0, ""global_loss_weight"": 0.5, ""local_loss_weight"": 0.5, ""local_loss_mode"": ""topk"", ""local_patch_size"": 32, ""local_topk_ratio"": 0.1, ""save_every"": 10, ""device"": ""cuda""}"
fixed_ablation_topk50_128_m64_crop,32×32/步长32，Top50%原始MSE均值；整图/局部权重=0.5/0.5,17,random_initialized_scratch,,,/mnt/wmcontent/GLX/icassp/MBRS/experiments/runs/fixed_ablation_topk50_128_m64_crop/checkpoint_0100.pth,100,100,True,128x128,64,"[""RandomCrop(0.3, 1.0)""]",32,32,0.5,0.5,0.5,topk,,,0.001,16,False,False,not persisted in checkpoint,exploratory only / not a registered main result,[],"{""name"": ""ablation_topk50_128_m64_crop"", ""dataset_path"": ""/mnt/wmcontent/GLX/icassp/MBRS/datasets"", ""H"": 128, ""W"": 128, ""message_length"": 64, ""batch_size"": 16, ""num_workers"": 0, ""epochs"": 100, ""lr"": 0.001, ""seed"": 17, ""noise_layers"": [""RandomCrop(0.3, 1.0)""], ""message_loss_weight"": 10.0, ""global_loss_weight"": 0.5, ""local_loss_weight"": 0.5, ""local_loss_mode"": ""topk"", ""local_patch_size"": 32, ""local_topk_ratio"": 0.5, ""save_every"": 10, ""device"": ""cuda""}"
fixed_global_128_m64_crop,仅整图MSE，无局部项；整图/局部权重=1/0,17,random_initialized_scratch,,,/mnt/wmcontent/GLX/icassp/MBRS/experiments/runs/fixed_global_128_m64_crop/checkpoint_0100.pth,100,100,True,128x128,64,"[""RandomCrop(0.3, 1.0)""]",32,32,0.25,1.0,0.0,none,,,0.001,16,False,False,not persisted in checkpoint,exploratory only / not a registered main result,[],"{""name"": ""global_128_m64_crop"", ""dataset_path"": ""/mnt/wmcontent/GLX/icassp/MBRS/datasets"", ""H"": 128, ""W"": 128, ""message_length"": 64, ""batch_size"": 16, ""num_workers"": 0, ""epochs"": 100, ""lr"": 0.001, ""seed"": 17, ""noise_layers"": [""RandomCrop(0.3, 1.0)""], ""message_loss_weight"": 10.0, ""global_loss_weight"": 1.0, ""local_loss_weight"": 0.0, ""local_loss_mode"": ""none"", ""local_patch_size"": 32, ""local_topk_ratio"": 0.25, ""save_every"": 10, ""device"": ""cuda""}"
fixed_patch_mean_128_m64_crop,32×32/步长32，全部块平均MSE；整图/局部权重=0/1,17,random_initialized_scratch,,,/mnt/wmcontent/GLX/icassp/MBRS/experiments/runs/fixed_patch_mean_128_m64_crop/checkpoint_0100.pth,100,100,True,128x128,64,"[""RandomCrop(0.3, 1.0)""]",32,32,0.25,0.0,1.0,mean,,,0.001,16,False,False,not persisted in checkpoint,exploratory only / not a registered main result,[],"{""name"": ""patch_mean_128_m64_crop"", ""dataset_path"": ""/mnt/wmcontent/GLX/icassp/MBRS/datasets"", ""H"": 128, ""W"": 128, ""message_length"": 64, ""batch_size"": 16, ""num_workers"": 0, ""epochs"": 100, ""lr"": 0.001, ""seed"": 17, ""noise_layers"": [""RandomCrop(0.3, 1.0)""], ""message_loss_weight"": 10.0, ""global_loss_weight"": 0.0, ""local_loss_weight"": 1.0, ""local_loss_mode"": ""mean"", ""local_patch_size"": 32, ""local_topk_ratio"": 0.25, ""save_every"": 10, ""device"": ""cuda""}"
fixed_worst_128_m64_crop,32×32/步长32，Top25%原始MSE均值；整图/局部权重=0.5/0.5,17,random_initialized_scratch,,,/mnt/wmcontent/GLX/icassp/MBRS/experiments/runs/fixed_worst_128_m64_crop/checkpoint_0100.pth,100,100,True,128x128,64,"[""RandomCrop(0.3, 1.0)""]",32,32,0.25,0.5,0.5,topk,,,0.001,16,False,False,not persisted in checkpoint,exploratory only / not a registered main result,[],"{""name"": ""worst_patch_128_m64_crop"", ""dataset_path"": ""/mnt/wmcontent/GLX/icassp/MBRS/datasets"", ""H"": 128, ""W"": 128, ""message_length"": 64, ""batch_size"": 16, ""num_workers"": 0, ""epochs"": 100, ""lr"": 0.001, ""seed"": 17, ""noise_layers"": [""RandomCrop(0.3, 1.0)""], ""message_loss_weight"": 10.0, ""global_loss_weight"": 0.5, ""local_loss_weight"": 0.5, ""local_loss_mode"": ""topk"", ""local_patch_size"": 32, ""local_topk_ratio"": 0.25, ""save_every"": 10, ""device"": ""cuda""}"
global_128_m64_crop,仅整图MSE，无局部项；整图/局部权重=1/0,17,random_initialized_scratch,,,/mnt/wmcontent/GLX/icassp/MBRS/experiments/runs/global_128_m64_crop/checkpoint_0100.pth,100,100,True,128x128,64,"[""RandomCrop(0.3, 1.0)""]",32,32,0.25,1.0,0.0,none,,,0.001,16,False,False,not persisted in checkpoint,exploratory only / not a registered main result,[],"{""name"": ""global_128_m64_crop"", ""dataset_path"": ""/mnt/wmcontent/GLX/icassp/MBRS/datasets"", ""H"": 128, ""W"": 128, ""message_length"": 64, ""batch_size"": 16, ""num_workers"": 0, ""epochs"": 100, ""lr"": 0.001, ""seed"": 17, ""noise_layers"": [""RandomCrop(0.3, 1.0)""], ""message_loss_weight"": 10.0, ""global_loss_weight"": 1.0, ""local_loss_weight"": 0.0, ""local_loss_mode"": ""none"", ""local_patch_size"": 32, ""local_topk_ratio"": 0.25, ""save_every"": 10, ""device"": ""cuda""}"
nocrop_global_128_m64,仅整图MSE，无局部项；整图/局部权重=1/0,17,random_initialized_scratch,,,/mnt/wmcontent/GLX/icassp/MBRS/experiments/runs/nocrop_global_128_m64/checkpoint_0100.pth,100,100,True,128x128,64,"[""Identity()""]",32,32,0.25,1.0,0.0,none,,,0.001,16,False,False,not persisted in checkpoint,exploratory only / not a registered main result,[],"{""name"": ""nocrop_global_128_m64"", ""dataset_path"": ""/mnt/wmcontent/GLX/icassp/MBRS/datasets"", ""H"": 128, ""W"": 128, ""message_length"": 64, ""batch_size"": 16, ""num_workers"": 0, ""epochs"": 100, ""lr"": 0.001, ""seed"": 17, ""noise_layers"": [""Identity()""], ""message_loss_weight"": 10.0, ""global_loss_weight"": 1.0, ""local_loss_weight"": 0.0, ""local_loss_mode"": ""none"", ""local_patch_size"": 32, ""local_topk_ratio"": 0.25, ""save_every"": 10, ""device"": ""cuda""}"
optimization_global_seed17_128_m64_crop,仅整图MSE，无局部项；整图/局部权重=1/0,17,random_initialized_scratch,,,/mnt/wmcontent/GLX/icassp/MBRS/experiments/runs/optimization_global_seed17_128_m64_crop/checkpoint_0100.pth,100,100,True,128x128,64,"[""RandomCrop(0.3, 1.0)""]",32,32,0.25,1.0,0.0,none,,,0.001,16,False,False,not persisted in checkpoint,exploratory only / not a registered main result,[],"{""name"": ""global_128_m64_crop"", ""dataset_path"": ""/mnt/wmcontent/GLX/icassp/MBRS/datasets"", ""H"": 128, ""W"": 128, ""message_length"": 64, ""batch_size"": 16, ""num_workers"": 0, ""epochs"": 100, ""lr"": 0.001, ""seed"": 17, ""noise_layers"": [""RandomCrop(0.3, 1.0)""], ""message_loss_weight"": 10.0, ""global_loss_weight"": 1.0, ""local_loss_weight"": 0.0, ""local_loss_mode"": ""none"", ""local_patch_size"": 32, ""local_topk_ratio"": 0.25, ""save_every"": 10, ""device"": ""cuda""}"
optimization_global_seed29_128_m64_crop,仅整图MSE，无局部项；整图/局部权重=1/0,29,random_initialized_scratch,,,/mnt/wmcontent/GLX/icassp/MBRS/experiments/runs/optimization_global_seed29_128_m64_crop/checkpoint_0100.pth,100,100,True,128x128,64,"[""RandomCrop(0.3, 1.0)""]",32,32,0.25,1.0,0.0,none,,,0.001,16,False,False,not persisted in checkpoint,exploratory only / not a registered main result,[],"{""name"": ""global_128_m64_crop"", ""dataset_path"": ""/mnt/wmcontent/GLX/icassp/MBRS/datasets"", ""H"": 128, ""W"": 128, ""message_length"": 64, ""batch_size"": 16, ""num_workers"": 0, ""epochs"": 100, ""lr"": 0.001, ""seed"": 29, ""noise_layers"": [""RandomCrop(0.3, 1.0)""], ""message_loss_weight"": 10.0, ""global_loss_weight"": 1.0, ""local_loss_weight"": 0.0, ""local_loss_mode"": ""none"", ""local_patch_size"": 32, ""local_topk_ratio"": 0.25, ""save_every"": 10, ""device"": ""cuda""}"
optimization_global_seed41_128_m64_crop,仅整图MSE，无局部项；整图/局部权重=1/0,41,random_initialized_scratch,,,/mnt/wmcontent/GLX/icassp/MBRS/experiments/runs/optimization_global_seed41_128_m64_crop/checkpoint_0100.pth,100,100,True,128x128,64,"[""RandomCrop(0.3, 1.0)""]",32,32,0.25,1.0,0.0,none,,,0.001,16,False,False,not persisted in checkpoint,exploratory only / not a registered main result,[],"{""name"": ""global_128_m64_crop"", ""dataset_path"": ""/mnt/wmcontent/GLX/icassp/MBRS/datasets"", ""H"": 128, ""W"": 128, ""message_length"": 64, ""batch_size"": 16, ""num_workers"": 0, ""epochs"": 100, ""lr"": 0.001, ""seed"": 41, ""noise_layers"": [""RandomCrop(0.3, 1.0)""], ""message_loss_weight"": 10.0, ""global_loss_weight"": 1.0, ""local_loss_weight"": 0.0, ""local_loss_mode"": ""none"", ""local_patch_size"": 32, ""local_topk_ratio"": 0.25, ""save_every"": 10, ""device"": ""cuda""}"
optimization_patch_mean_seed17_128_m64_crop,32×32/步长32，全部块平均MSE；整图/局部权重=0/1,17,random_initialized_scratch,,,/mnt/wmcontent/GLX/icassp/MBRS/experiments/runs/optimization_patch_mean_seed17_128_m64_crop/checkpoint_0100.pth,100,100,True,128x128,64,"[""RandomCrop(0.3, 1.0)""]",32,32,0.25,0.0,1.0,mean,,,0.001,16,False,False,not persisted in checkpoint,exploratory only / not a registered main result,[],"{""name"": ""patch_mean_128_m64_crop"", ""dataset_path"": ""/mnt/wmcontent/GLX/icassp/MBRS/datasets"", ""H"": 128, ""W"": 128, ""message_length"": 64, ""batch_size"": 16, ""num_workers"": 0, ""epochs"": 100, ""lr"": 0.001, ""seed"": 17, ""noise_layers"": [""RandomCrop(0.3, 1.0)""], ""message_loss_weight"": 10.0, ""global_loss_weight"": 0.0, ""local_loss_weight"": 1.0, ""local_loss_mode"": ""mean"", ""local_patch_size"": 32, ""local_topk_ratio"": 0.25, ""save_every"": 10, ""device"": ""cuda""}"
optimization_patch_mean_seed29_128_m64_crop,32×32/步长32，全部块平均MSE；整图/局部权重=0/1,29,random_initialized_scratch,,,/mnt/wmcontent/GLX/icassp/MBRS/experiments/runs/optimization_patch_mean_seed29_128_m64_crop/checkpoint_0100.pth,100,100,True,128x128,64,"[""RandomCrop(0.3, 1.0)""]",32,32,0.25,0.0,1.0,mean,,,0.001,16,False,False,not persisted in checkpoint,exploratory only / not a registered main result,[],"{""name"": ""patch_mean_128_m64_crop"", ""dataset_path"": ""/mnt/wmcontent/GLX/icassp/MBRS/datasets"", ""H"": 128, ""W"": 128, ""message_length"": 64, ""batch_size"": 16, ""num_workers"": 0, ""epochs"": 100, ""lr"": 0.001, ""seed"": 29, ""noise_layers"": [""RandomCrop(0.3, 1.0)""], ""message_loss_weight"": 10.0, ""global_loss_weight"": 0.0, ""local_loss_weight"": 1.0, ""local_loss_mode"": ""mean"", ""local_patch_size"": 32, ""local_topk_ratio"": 0.25, ""save_every"": 10, ""device"": ""cuda""}"
optimization_patch_mean_seed41_128_m64_crop,32×32/步长32，全部块平均MSE；整图/局部权重=0/1,41,random_initialized_scratch,,,/mnt/wmcontent/GLX/icassp/MBRS/experiments/runs/optimization_patch_mean_seed41_128_m64_crop/checkpoint_0100.pth,100,100,True,128x128,64,"[""RandomCrop(0.3, 1.0)""]",32,32,0.25,0.0,1.0,mean,,,0.001,16,False,False,not persisted in checkpoint,exploratory only / not a registered main result,[],"{""name"": ""patch_mean_128_m64_crop"", ""dataset_path"": ""/mnt/wmcontent/GLX/icassp/MBRS/datasets"", ""H"": 128, ""W"": 128, ""message_length"": 64, ""batch_size"": 16, ""num_workers"": 0, ""epochs"": 100, ""lr"": 0.001, ""seed"": 41, ""noise_layers"": [""RandomCrop(0.3, 1.0)""], ""message_loss_weight"": 10.0, ""global_loss_weight"": 0.0, ""local_loss_weight"": 1.0, ""local_loss_mode"": ""mean"", ""local_patch_size"": 32, ""local_topk_ratio"": 0.25, ""save_every"": 10, ""device"": ""cuda""}"
optimization_worst_seed17_128_m64_crop,32×32/步长32，Top25%原始MSE均值；整图/局部权重=0.5/0.5,17,random_initialized_scratch,,,/mnt/wmcontent/GLX/icassp/MBRS/experiments/runs/optimization_worst_seed17_128_m64_crop/checkpoint_0100.pth,100,100,True,128x128,64,"[""RandomCrop(0.3, 1.0)""]",32,32,0.25,0.5,0.5,topk,,,0.001,16,False,False,not persisted in checkpoint,exploratory only / not a registered main result,[],"{""name"": ""worst_patch_128_m64_crop"", ""dataset_path"": ""/mnt/wmcontent/GLX/icassp/MBRS/datasets"", ""H"": 128, ""W"": 128, ""message_length"": 64, ""batch_size"": 16, ""num_workers"": 0, ""epochs"": 100, ""lr"": 0.001, ""seed"": 17, ""noise_layers"": [""RandomCrop(0.3, 1.0)""], ""message_loss_weight"": 10.0, ""global_loss_weight"": 0.5, ""local_loss_weight"": 0.5, ""local_loss_mode"": ""topk"", ""local_patch_size"": 32, ""local_topk_ratio"": 0.25, ""save_every"": 10, ""device"": ""cuda""}"
optimization_worst_seed29_128_m64_crop,32×32/步长32，Top25%原始MSE均值；整图/局部权重=0.5/0.5,29,random_initialized_scratch,,,/mnt/wmcontent/GLX/icassp/MBRS/experiments/runs/optimization_worst_seed29_128_m64_crop/checkpoint_0100.pth,100,100,True,128x128,64,"[""RandomCrop(0.3, 1.0)""]",32,32,0.25,0.5,0.5,topk,,,0.001,16,False,False,not persisted in checkpoint,exploratory only / not a registered main result,[],"{""name"": ""worst_patch_128_m64_crop"", ""dataset_path"": ""/mnt/wmcontent/GLX/icassp/MBRS/datasets"", ""H"": 128, ""W"": 128, ""message_length"": 64, ""batch_size"": 16, ""num_workers"": 0, ""epochs"": 100, ""lr"": 0.001, ""seed"": 29, ""noise_layers"": [""RandomCrop(0.3, 1.0)""], ""message_loss_weight"": 10.0, ""global_loss_weight"": 0.5, ""local_loss_weight"": 0.5, ""local_loss_mode"": ""topk"", ""local_patch_size"": 32, ""local_topk_ratio"": 0.25, ""save_every"": 10, ""device"": ""cuda""}"
optimization_worst_seed41_128_m64_crop,32×32/步长32，Top25%原始MSE均值；整图/局部权重=0.5/0.5,41,random_initialized_scratch,,,/mnt/wmcontent/GLX/icassp/MBRS/experiments/runs/optimization_worst_seed41_128_m64_crop/checkpoint_0100.pth,100,100,True,128x128,64,"[""RandomCrop(0.3, 1.0)""]",32,32,0.25,0.5,0.5,topk,,,0.001,16,False,False,not persisted in checkpoint,exploratory only / not a registered main result,[],"{""name"": ""worst_patch_128_m64_crop"", ""dataset_path"": ""/mnt/wmcontent/GLX/icassp/MBRS/datasets"", ""H"": 128, ""W"": 128, ""message_length"": 64, ""batch_size"": 16, ""num_workers"": 0, ""epochs"": 100, ""lr"": 0.001, ""seed"": 41, ""noise_layers"": [""RandomCrop(0.3, 1.0)""], ""message_loss_weight"": 10.0, ""global_loss_weight"": 0.5, ""local_loss_weight"": 0.5, ""local_loss_mode"": ""topk"", ""local_patch_size"": 32, ""local_topk_ratio"": 0.25, ""save_every"": 10, ""device"": ""cuda""}"
optimization_worst_weight25_seed17_128_m64_crop,32×32/步长32，Top25%原始MSE均值；整图/局部权重=0.75/0.25,17,random_initialized_scratch,,,/mnt/wmcontent/GLX/icassp/MBRS/experiments/runs/optimization_worst_weight25_seed17_128_m64_crop/checkpoint_0100.pth,100,100,True,128x128,64,"[""RandomCrop(0.3, 1.0)""]",32,32,0.25,0.75,0.25,topk,,,0.001,16,False,False,not persisted in checkpoint,exploratory only / not a registered main result,[],"{""name"": ""worst_patch_128_m64_crop"", ""dataset_path"": ""/mnt/wmcontent/GLX/icassp/MBRS/datasets"", ""H"": 128, ""W"": 128, ""message_length"": 64, ""batch_size"": 16, ""num_workers"": 0, ""epochs"": 100, ""lr"": 0.001, ""seed"": 17, ""noise_layers"": [""RandomCrop(0.3, 1.0)""], ""message_loss_weight"": 10.0, ""global_loss_weight"": 0.75, ""local_loss_weight"": 0.25, ""local_loss_mode"": ""topk"", ""local_patch_size"": 32, ""local_topk_ratio"": 0.25, ""save_every"": 10, ""device"": ""cuda""}"
optimization_worst_weight75_seed17_128_m64_crop,32×32/步长32，Top25%原始MSE均值；整图/局部权重=0.25/0.75,17,random_initialized_scratch,,,/mnt/wmcontent/GLX/icassp/MBRS/experiments/runs/optimization_worst_weight75_seed17_128_m64_crop/checkpoint_0100.pth,100,100,True,128x128,64,"[""RandomCrop(0.3, 1.0)""]",32,32,0.25,0.25,0.75,topk,,,0.001,16,False,False,not persisted in checkpoint,exploratory only / not a registered main result,[],"{""name"": ""worst_patch_128_m64_crop"", ""dataset_path"": ""/mnt/wmcontent/GLX/icassp/MBRS/datasets"", ""H"": 128, ""W"": 128, ""message_length"": 64, ""batch_size"": 16, ""num_workers"": 0, ""epochs"": 100, ""lr"": 0.001, ""seed"": 17, ""noise_layers"": [""RandomCrop(0.3, 1.0)""], ""message_loss_weight"": 10.0, ""global_loss_weight"": 0.25, ""local_loss_weight"": 0.75, ""local_loss_mode"": ""topk"", ""local_patch_size"": 32, ""local_topk_ratio"": 0.25, ""save_every"": 10, ""device"": ""cuda""}"
parallel_patch8_topk10_weight50_seed17_128_m64_crop,8×8/步长8，Top10%原始MSE均值；整图/局部权重=0.5/0.5,17,random_initialized_scratch,,,/mnt/wmcontent/GLX/icassp/MBRS/experiments/runs/parallel_patch8_topk10_weight50_seed17_128_m64_crop/checkpoint_0100.pth,100,100,True,128x128,64,"[""RandomCrop(0.3, 1.0)""]",8,8,0.1,0.5,0.5,topk,,,0.001,16,False,False,not persisted in checkpoint,exploratory only / not a registered main result,[],"{""name"": ""candidate_worst_patch8_topk10_128_m64_crop"", ""dataset_path"": ""/mnt/wmcontent/GLX/icassp/MBRS/datasets"", ""H"": 128, ""W"": 128, ""message_length"": 64, ""batch_size"": 16, ""num_workers"": 0, ""epochs"": 100, ""lr"": 0.001, ""seed"": 17, ""noise_layers"": [""RandomCrop(0.3, 1.0)""], ""message_loss_weight"": 10.0, ""global_loss_weight"": 0.5, ""local_loss_weight"": 0.5, ""local_loss_mode"": ""topk"", ""local_patch_size"": 8, ""local_topk_ratio"": 0.1, ""save_every"": 10, ""device"": ""cuda""}"
parallel_patch8_topk10_weight50_seed29_128_m64_crop,8×8/步长8，Top10%原始MSE均值；整图/局部权重=0.5/0.5,29,random_initialized_scratch,,,/mnt/wmcontent/GLX/icassp/MBRS/experiments/runs/parallel_patch8_topk10_weight50_seed29_128_m64_crop/checkpoint_0100.pth,100,100,True,128x128,64,"[""RandomCrop(0.3, 1.0)""]",8,8,0.1,0.5,0.5,topk,,,0.001,16,False,False,not persisted in checkpoint,exploratory only / not a registered main result,[],"{""name"": ""candidate_worst_patch8_topk10_128_m64_crop"", ""dataset_path"": ""/mnt/wmcontent/GLX/icassp/MBRS/datasets"", ""H"": 128, ""W"": 128, ""message_length"": 64, ""batch_size"": 16, ""num_workers"": 0, ""epochs"": 100, ""lr"": 0.001, ""seed"": 29, ""noise_layers"": [""RandomCrop(0.3, 1.0)""], ""message_loss_weight"": 10.0, ""global_loss_weight"": 0.5, ""local_loss_weight"": 0.5, ""local_loss_mode"": ""topk"", ""local_patch_size"": 8, ""local_topk_ratio"": 0.1, ""save_every"": 10, ""device"": ""cuda""}"
parallel_patch8_topk10_weight50_seed41_128_m64_crop,8×8/步长8，Top10%原始MSE均值；整图/局部权重=0.5/0.5,41,random_initialized_scratch,,,/mnt/wmcontent/GLX/icassp/MBRS/experiments/runs/parallel_patch8_topk10_weight50_seed41_128_m64_crop/checkpoint_0100.pth,100,100,True,128x128,64,"[""RandomCrop(0.3, 1.0)""]",8,8,0.1,0.5,0.5,topk,,,0.001,16,False,False,not persisted in checkpoint,exploratory only / not a registered main result,[],"{""name"": ""candidate_worst_patch8_topk10_128_m64_crop"", ""dataset_path"": ""/mnt/wmcontent/GLX/icassp/MBRS/datasets"", ""H"": 128, ""W"": 128, ""message_length"": 64, ""batch_size"": 16, ""num_workers"": 0, ""epochs"": 100, ""lr"": 0.001, ""seed"": 41, ""noise_layers"": [""RandomCrop(0.3, 1.0)""], ""message_loss_weight"": 10.0, ""global_loss_weight"": 0.5, ""local_loss_weight"": 0.5, ""local_loss_mode"": ""topk"", ""local_patch_size"": 8, ""local_topk_ratio"": 0.1, ""save_every"": 10, ""device"": ""cuda""}"
parallel_patch8_topk50_weight50_seed17_128_m64_crop,8×8/步长8，Top50%原始MSE均值；整图/局部权重=0.5/0.5,17,random_initialized_scratch,,,/mnt/wmcontent/GLX/icassp/MBRS/experiments/runs/parallel_patch8_topk50_weight50_seed17_128_m64_crop/checkpoint_0100.pth,100,100,True,128x128,64,"[""RandomCrop(0.3, 1.0)""]",8,8,0.5,0.5,0.5,topk,,,0.001,16,False,False,not persisted in checkpoint,exploratory only / not a registered main result,[],"{""name"": ""candidate_worst_patch8_topk50_128_m64_crop"", ""dataset_path"": ""/mnt/wmcontent/GLX/icassp/MBRS/datasets"", ""H"": 128, ""W"": 128, ""message_length"": 64, ""batch_size"": 16, ""num_workers"": 0, ""epochs"": 100, ""lr"": 0.001, ""seed"": 17, ""noise_layers"": [""RandomCrop(0.3, 1.0)""], ""message_loss_weight"": 10.0, ""global_loss_weight"": 0.5, ""local_loss_weight"": 0.5, ""local_loss_mode"": ""topk"", ""local_patch_size"": 8, ""local_topk_ratio"": 0.5, ""save_every"": 10, ""device"": ""cuda""}"
parallel_patch8_topk50_weight50_seed29_128_m64_crop,8×8/步长8，Top50%原始MSE均值；整图/局部权重=0.5/0.5,29,random_initialized_scratch,,,/mnt/wmcontent/GLX/icassp/MBRS/experiments/runs/parallel_patch8_topk50_weight50_seed29_128_m64_crop/checkpoint_0100.pth,100,100,True,128x128,64,"[""RandomCrop(0.3, 1.0)""]",8,8,0.5,0.5,0.5,topk,,,0.001,16,False,False,not persisted in checkpoint,exploratory only / not a registered main result,[],"{""name"": ""candidate_worst_patch8_topk50_128_m64_crop"", ""dataset_path"": ""/mnt/wmcontent/GLX/icassp/MBRS/datasets"", ""H"": 128, ""W"": 128, ""message_length"": 64, ""batch_size"": 16, ""num_workers"": 0, ""epochs"": 100, ""lr"": 0.001, ""seed"": 29, ""noise_layers"": [""RandomCrop(0.3, 1.0)""], ""message_loss_weight"": 10.0, ""global_loss_weight"": 0.5, ""local_loss_weight"": 0.5, ""local_loss_mode"": ""topk"", ""local_patch_size"": 8, ""local_topk_ratio"": 0.5, ""save_every"": 10, ""device"": ""cuda""}"
parallel_patch8_topk50_weight50_seed41_128_m64_crop,8×8/步长8，Top50%原始MSE均值；整图/局部权重=0.5/0.5,41,random_initialized_scratch,,,/mnt/wmcontent/GLX/icassp/MBRS/experiments/runs/parallel_patch8_topk50_weight50_seed41_128_m64_crop/checkpoint_0100.pth,100,100,True,128x128,64,"[""RandomCrop(0.3, 1.0)""]",8,8,0.5,0.5,0.5,topk,,,0.001,16,False,False,not persisted in checkpoint,exploratory only / not a registered main result,[],"{""name"": ""candidate_worst_patch8_topk50_128_m64_crop"", ""dataset_path"": ""/mnt/wmcontent/GLX/icassp/MBRS/datasets"", ""H"": 128, ""W"": 128, ""message_length"": 64, ""batch_size"": 16, ""num_workers"": 0, ""epochs"": 100, ""lr"": 0.001, ""seed"": 41, ""noise_layers"": [""RandomCrop(0.3, 1.0)""], ""message_loss_weight"": 10.0, ""global_loss_weight"": 0.5, ""local_loss_weight"": 0.5, ""local_loss_mode"": ""topk"", ""local_patch_size"": 8, ""local_topk_ratio"": 0.5, ""save_every"": 10, ""device"": ""cuda""}"
parallel_patch8_worst_weight25_seed17_128_m64_crop,8×8/步长8，Top25%原始MSE均值；整图/局部权重=0.75/0.25,17,random_initialized_scratch,,,/mnt/wmcontent/GLX/icassp/MBRS/experiments/runs/parallel_patch8_worst_weight25_seed17_128_m64_crop/checkpoint_0100.pth,100,100,True,128x128,64,"[""RandomCrop(0.3, 1.0)""]",8,8,0.25,0.75,0.25,topk,,,0.001,16,False,False,not persisted in checkpoint,exploratory only / not a registered main result,[],"{""name"": ""candidate_worst_patch8_128_m64_crop"", ""dataset_path"": ""/mnt/wmcontent/GLX/icassp/MBRS/datasets"", ""H"": 128, ""W"": 128, ""message_length"": 64, ""batch_size"": 16, ""num_workers"": 0, ""epochs"": 100, ""lr"": 0.001, ""seed"": 17, ""noise_layers"": [""RandomCrop(0.3, 1.0)""], ""message_loss_weight"": 10.0, ""global_loss_weight"": 0.75, ""local_loss_weight"": 0.25, ""local_loss_mode"": ""topk"", ""local_patch_size"": 8, ""local_topk_ratio"": 0.25, ""save_every"": 10, ""device"": ""cuda""}"
parallel_patch8_worst_weight25_seed29_128_m64_crop,8×8/步长8，Top25%原始MSE均值；整图/局部权重=0.75/0.25,29,random_initialized_scratch,,,/mnt/wmcontent/GLX/icassp/MBRS/experiments/runs/parallel_patch8_worst_weight25_seed29_128_m64_crop/checkpoint_0100.pth,100,100,True,128x128,64,"[""RandomCrop(0.3, 1.0)""]",8,8,0.25,0.75,0.25,topk,,,0.001,16,False,False,not persisted in checkpoint,exploratory only / not a registered main result,[],"{""name"": ""candidate_worst_patch8_128_m64_crop"", ""dataset_path"": ""/mnt/wmcontent/GLX/icassp/MBRS/datasets"", ""H"": 128, ""W"": 128, ""message_length"": 64, ""batch_size"": 16, ""num_workers"": 0, ""epochs"": 100, ""lr"": 0.001, ""seed"": 29, ""noise_layers"": [""RandomCrop(0.3, 1.0)""], ""message_loss_weight"": 10.0, ""global_loss_weight"": 0.75, ""local_loss_weight"": 0.25, ""local_loss_mode"": ""topk"", ""local_patch_size"": 8, ""local_topk_ratio"": 0.25, ""save_every"": 10, ""device"": ""cuda""}"
parallel_patch8_worst_weight25_seed41_128_m64_crop,8×8/步长8，Top25%原始MSE均值；整图/局部权重=0.75/0.25,41,random_initialized_scratch,,,/mnt/wmcontent/GLX/icassp/MBRS/experiments/runs/parallel_patch8_worst_weight25_seed41_128_m64_crop/checkpoint_0100.pth,100,100,True,128x128,64,"[""RandomCrop(0.3, 1.0)""]",8,8,0.25,0.75,0.25,topk,,,0.001,16,False,False,not persisted in checkpoint,exploratory only / not a registered main result,[],"{""name"": ""candidate_worst_patch8_128_m64_crop"", ""dataset_path"": ""/mnt/wmcontent/GLX/icassp/MBRS/datasets"", ""H"": 128, ""W"": 128, ""message_length"": 64, ""batch_size"": 16, ""num_workers"": 0, ""epochs"": 100, ""lr"": 0.001, ""seed"": 41, ""noise_layers"": [""RandomCrop(0.3, 1.0)""], ""message_loss_weight"": 10.0, ""global_loss_weight"": 0.75, ""local_loss_weight"": 0.25, ""local_loss_mode"": ""topk"", ""local_patch_size"": 8, ""local_topk_ratio"": 0.25, ""save_every"": 10, ""device"": ""cuda""}"
parallel_patch8_worst_weight50_seed17_128_m64_crop,8×8/步长8，Top25%原始MSE均值；整图/局部权重=0.5/0.5,17,random_initialized_scratch,,,/mnt/wmcontent/GLX/icassp/MBRS/experiments/runs/parallel_patch8_worst_weight50_seed17_128_m64_crop/checkpoint_0100.pth,100,100,True,128x128,64,"[""RandomCrop(0.3, 1.0)""]",8,8,0.25,0.5,0.5,topk,,,0.001,16,False,False,not persisted in checkpoint,exploratory only / not a registered main result,[],"{""name"": ""candidate_worst_patch8_128_m64_crop"", ""dataset_path"": ""/mnt/wmcontent/GLX/icassp/MBRS/datasets"", ""H"": 128, ""W"": 128, ""message_length"": 64, ""batch_size"": 16, ""num_workers"": 0, ""epochs"": 100, ""lr"": 0.001, ""seed"": 17, ""noise_layers"": [""RandomCrop(0.3, 1.0)""], ""message_loss_weight"": 10.0, ""global_loss_weight"": 0.5, ""local_loss_weight"": 0.5, ""local_loss_mode"": ""topk"", ""local_patch_size"": 8, ""local_topk_ratio"": 0.25, ""save_every"": 10, ""device"": ""cuda""}"
parallel_patch8_worst_weight50_seed29_128_m64_crop,8×8/步长8，Top25%原始MSE均值；整图/局部权重=0.5/0.5,29,random_initialized_scratch,,,/mnt/wmcontent/GLX/icassp/MBRS/experiments/runs/parallel_patch8_worst_weight50_seed29_128_m64_crop/checkpoint_0100.pth,100,100,True,128x128,64,"[""RandomCrop(0.3, 1.0)""]",8,8,0.25,0.5,0.5,topk,,,0.001,16,False,False,not persisted in checkpoint,exploratory only / not a registered main result,[],"{""name"": ""candidate_worst_patch8_128_m64_crop"", ""dataset_path"": ""/mnt/wmcontent/GLX/icassp/MBRS/datasets"", ""H"": 128, ""W"": 128, ""message_length"": 64, ""batch_size"": 16, ""num_workers"": 0, ""epochs"": 100, ""lr"": 0.001, ""seed"": 29, ""noise_layers"": [""RandomCrop(0.3, 1.0)""], ""message_loss_weight"": 10.0, ""global_loss_weight"": 0.5, ""local_loss_weight"": 0.5, ""local_loss_mode"": ""topk"", ""local_patch_size"": 8, ""local_topk_ratio"": 0.25, ""save_every"": 10, ""device"": ""cuda""}"
parallel_patch8_worst_weight50_seed41_128_m64_crop,8×8/步长8，Top25%原始MSE均值；整图/局部权重=0.5/0.5,41,random_initialized_scratch,,,/mnt/wmcontent/GLX/icassp/MBRS/experiments/runs/parallel_patch8_worst_weight50_seed41_128_m64_crop/checkpoint_0100.pth,100,100,True,128x128,64,"[""RandomCrop(0.3, 1.0)""]",8,8,0.25,0.5,0.5,topk,,,0.001,16,False,False,not persisted in checkpoint,exploratory only / not a registered main result,[],"{""name"": ""candidate_worst_patch8_128_m64_crop"", ""dataset_path"": ""/mnt/wmcontent/GLX/icassp/MBRS/datasets"", ""H"": 128, ""W"": 128, ""message_length"": 64, ""batch_size"": 16, ""num_workers"": 0, ""epochs"": 100, ""lr"": 0.001, ""seed"": 41, ""noise_layers"": [""RandomCrop(0.3, 1.0)""], ""message_loss_weight"": 10.0, ""global_loss_weight"": 0.5, ""local_loss_weight"": 0.5, ""local_loss_mode"": ""topk"", ""local_patch_size"": 8, ""local_topk_ratio"": 0.25, ""save_every"": 10, ""device"": ""cuda""}"
parallel_patch8_worst_weight75_seed17_128_m64_crop,8×8/步长8，Top25%原始MSE均值；整图/局部权重=0.25/0.75,17,random_initialized_scratch,,,/mnt/wmcontent/GLX/icassp/MBRS/experiments/runs/parallel_patch8_worst_weight75_seed17_128_m64_crop/checkpoint_0100.pth,100,100,True,128x128,64,"[""RandomCrop(0.3, 1.0)""]",8,8,0.25,0.25,0.75,topk,,,0.001,16,False,False,not persisted in checkpoint,exploratory only / not a registered main result,[],"{""name"": ""candidate_worst_patch8_128_m64_crop"", ""dataset_path"": ""/mnt/wmcontent/GLX/icassp/MBRS/datasets"", ""H"": 128, ""W"": 128, ""message_length"": 64, ""batch_size"": 16, ""num_workers"": 0, ""epochs"": 100, ""lr"": 0.001, ""seed"": 17, ""noise_layers"": [""RandomCrop(0.3, 1.0)""], ""message_loss_weight"": 10.0, ""global_loss_weight"": 0.25, ""local_loss_weight"": 0.75, ""local_loss_mode"": ""topk"", ""local_patch_size"": 8, ""local_topk_ratio"": 0.25, ""save_every"": 10, ""device"": ""cuda""}"
parallel_patch8_worst_weight75_seed29_128_m64_crop,8×8/步长8，Top25%原始MSE均值；整图/局部权重=0.25/0.75,29,random_initialized_scratch,,,/mnt/wmcontent/GLX/icassp/MBRS/experiments/runs/parallel_patch8_worst_weight75_seed29_128_m64_crop/checkpoint_0100.pth,100,100,True,128x128,64,"[""RandomCrop(0.3, 1.0)""]",8,8,0.25,0.25,0.75,topk,,,0.001,16,False,False,not persisted in checkpoint,exploratory only / not a registered main result,[],"{""name"": ""candidate_worst_patch8_128_m64_crop"", ""dataset_path"": ""/mnt/wmcontent/GLX/icassp/MBRS/datasets"", ""H"": 128, ""W"": 128, ""message_length"": 64, ""batch_size"": 16, ""num_workers"": 0, ""epochs"": 100, ""lr"": 0.001, ""seed"": 29, ""noise_layers"": [""RandomCrop(0.3, 1.0)""], ""message_loss_weight"": 10.0, ""global_loss_weight"": 0.25, ""local_loss_weight"": 0.75, ""local_loss_mode"": ""topk"", ""local_patch_size"": 8, ""local_topk_ratio"": 0.25, ""save_every"": 10, ""device"": ""cuda""}"
parallel_patch8_worst_weight75_seed41_128_m64_crop,8×8/步长8，Top25%原始MSE均值；整图/局部权重=0.25/0.75,41,random_initialized_scratch,,,/mnt/wmcontent/GLX/icassp/MBRS/experiments/runs/parallel_patch8_worst_weight75_seed41_128_m64_crop/checkpoint_0100.pth,100,100,True,128x128,64,"[""RandomCrop(0.3, 1.0)""]",8,8,0.25,0.25,0.75,topk,,,0.001,16,False,False,not persisted in checkpoint,exploratory only / not a registered main result,[],"{""name"": ""candidate_worst_patch8_128_m64_crop"", ""dataset_path"": ""/mnt/wmcontent/GLX/icassp/MBRS/datasets"", ""H"": 128, ""W"": 128, ""message_length"": 64, ""batch_size"": 16, ""num_workers"": 0, ""epochs"": 100, ""lr"": 0.001, ""seed"": 41, ""noise_layers"": [""RandomCrop(0.3, 1.0)""], ""message_loss_weight"": 10.0, ""global_loss_weight"": 0.25, ""local_loss_weight"": 0.75, ""local_loss_mode"": ""topk"", ""local_patch_size"": 8, ""local_topk_ratio"": 0.25, ""save_every"": 10, ""device"": ""cuda""}"
parallel_worst_patch16_weight50_seed29_128_m64_crop,16×16/步长16，Top25%原始MSE均值；整图/局部权重=0.5/0.5,29,random_initialized_scratch,,,/mnt/wmcontent/GLX/icassp/MBRS/experiments/runs/parallel_worst_patch16_weight50_seed29_128_m64_crop/checkpoint_0100.pth,100,100,True,128x128,64,"[""RandomCrop(0.3, 1.0)""]",16,16,0.25,0.5,0.5,topk,,,0.001,16,False,False,not persisted in checkpoint,exploratory only / not a registered main result,[],"{""name"": ""ablation_patch16_128_m64_crop"", ""dataset_path"": ""/mnt/wmcontent/GLX/icassp/MBRS/datasets"", ""H"": 128, ""W"": 128, ""message_length"": 64, ""batch_size"": 16, ""num_workers"": 0, ""epochs"": 100, ""lr"": 0.001, ""seed"": 29, ""noise_layers"": [""RandomCrop(0.3, 1.0)""], ""message_loss_weight"": 10.0, ""global_loss_weight"": 0.5, ""local_loss_weight"": 0.5, ""local_loss_mode"": ""topk"", ""local_patch_size"": 16, ""local_topk_ratio"": 0.25, ""save_every"": 10, ""device"": ""cuda""}"
parallel_worst_patch16_weight50_seed41_128_m64_crop,16×16/步长16，Top25%原始MSE均值；整图/局部权重=0.5/0.5,41,random_initialized_scratch,,,/mnt/wmcontent/GLX/icassp/MBRS/experiments/runs/parallel_worst_patch16_weight50_seed41_128_m64_crop/checkpoint_0100.pth,100,100,True,128x128,64,"[""RandomCrop(0.3, 1.0)""]",16,16,0.25,0.5,0.5,topk,,,0.001,16,False,False,not persisted in checkpoint,exploratory only / not a registered main result,[],"{""name"": ""ablation_patch16_128_m64_crop"", ""dataset_path"": ""/mnt/wmcontent/GLX/icassp/MBRS/datasets"", ""H"": 128, ""W"": 128, ""message_length"": 64, ""batch_size"": 16, ""num_workers"": 0, ""epochs"": 100, ""lr"": 0.001, ""seed"": 41, ""noise_layers"": [""RandomCrop(0.3, 1.0)""], ""message_loss_weight"": 10.0, ""global_loss_weight"": 0.5, ""local_loss_weight"": 0.5, ""local_loss_mode"": ""topk"", ""local_patch_size"": 16, ""local_topk_ratio"": 0.25, ""save_every"": 10, ""device"": ""cuda""}"
parallel_worst_patch32_weight25_seed29_128_m64_crop,32×32/步长32，Top25%原始MSE均值；整图/局部权重=0.75/0.25,29,random_initialized_scratch,,,/mnt/wmcontent/GLX/icassp/MBRS/experiments/runs/parallel_worst_patch32_weight25_seed29_128_m64_crop/checkpoint_0100.pth,100,100,True,128x128,64,"[""RandomCrop(0.3, 1.0)""]",32,32,0.25,0.75,0.25,topk,,,0.001,16,False,False,not persisted in checkpoint,exploratory only / not a registered main result,[],"{""name"": ""worst_patch_128_m64_crop"", ""dataset_path"": ""/mnt/wmcontent/GLX/icassp/MBRS/datasets"", ""H"": 128, ""W"": 128, ""message_length"": 64, ""batch_size"": 16, ""num_workers"": 0, ""epochs"": 100, ""lr"": 0.001, ""seed"": 29, ""noise_layers"": [""RandomCrop(0.3, 1.0)""], ""message_loss_weight"": 10.0, ""global_loss_weight"": 0.75, ""local_loss_weight"": 0.25, ""local_loss_mode"": ""topk"", ""local_patch_size"": 32, ""local_topk_ratio"": 0.25, ""save_every"": 10, ""device"": ""cuda""}"
parallel_worst_patch32_weight25_seed41_128_m64_crop,32×32/步长32，Top25%原始MSE均值；整图/局部权重=0.75/0.25,41,random_initialized_scratch,,,/mnt/wmcontent/GLX/icassp/MBRS/experiments/runs/parallel_worst_patch32_weight25_seed41_128_m64_crop/checkpoint_0100.pth,100,100,True,128x128,64,"[""RandomCrop(0.3, 1.0)""]",32,32,0.25,0.75,0.25,topk,,,0.001,16,False,False,not persisted in checkpoint,exploratory only / not a registered main result,[],"{""name"": ""worst_patch_128_m64_crop"", ""dataset_path"": ""/mnt/wmcontent/GLX/icassp/MBRS/datasets"", ""H"": 128, ""W"": 128, ""message_length"": 64, ""batch_size"": 16, ""num_workers"": 0, ""epochs"": 100, ""lr"": 0.001, ""seed"": 41, ""noise_layers"": [""RandomCrop(0.3, 1.0)""], ""message_loss_weight"": 10.0, ""global_loss_weight"": 0.75, ""local_loss_weight"": 0.25, ""local_loss_mode"": ""topk"", ""local_patch_size"": 32, ""local_topk_ratio"": 0.25, ""save_every"": 10, ""device"": ""cuda""}"
patch_mean_128_m64_crop,32×32/步长32，全部块平均MSE；整图/局部权重=0/1,17,random_initialized_scratch,,,/mnt/wmcontent/GLX/icassp/MBRS/experiments/runs/patch_mean_128_m64_crop/checkpoint_0100.pth,100,100,True,128x128,64,"[""RandomCrop(0.3, 1.0)""]",32,32,0.25,0.0,1.0,mean,,,0.001,16,False,False,not persisted in checkpoint,exploratory only / not a registered main result,[],"{""name"": ""patch_mean_128_m64_crop"", ""dataset_path"": ""/mnt/wmcontent/GLX/icassp/MBRS/datasets"", ""H"": 128, ""W"": 128, ""message_length"": 64, ""batch_size"": 16, ""num_workers"": 0, ""epochs"": 100, ""lr"": 0.001, ""seed"": 17, ""noise_layers"": [""RandomCrop(0.3, 1.0)""], ""message_loss_weight"": 10.0, ""global_loss_weight"": 0.0, ""local_loss_weight"": 1.0, ""local_loss_mode"": ""mean"", ""local_patch_size"": 32, ""local_topk_ratio"": 0.25, ""save_every"": 10, ""device"": ""cuda""}"
seed17_contentaware_gradient_patch16_stride8_top10_alpha1_global0.5_local0.5,16×16/步长8，Top10%原始MSE均值，按梯度分数选块，alpha=1；整图/局部权重=0.5/0.5,17,continuation_from_external_checkpoint,/mnt/wmcontent/GLX/icassp/MBRS/experiments/runs/optimization_global_seed17_128_m64_crop/checkpoint_0100.pth,,/mnt/wmcontent/GLX/icassp/MBRS/experiments/runs/seed17_contentaware_gradient_patch16_stride8_top10_alpha1_global0.5_local0.5/checkpoint_0020.pth,20,20,True,128x128,64,"[""RandomCrop(0.3, 1.0)""]",16,8,0.1,0.5,0.5,contentaware_gradient,,,0.0001,16,True,True,not persisted in checkpoint,exploratory only / not a registered main result,[],"{""name"": ""seed17_contentaware_gradient_patch16_stride8_top10_alpha1_global0.5_local0.5"", ""dataset_path"": ""/mnt/wmcontent/GLX/icassp/MBRS/datasets"", ""H"": 128, ""W"": 128, ""message_length"": 64, ""batch_size"": 16, ""num_workers"": 0, ""epochs"": 20, ""lr"": 0.0001, ""seed"": 17, ""noise_layers"": [""RandomCrop(0.3, 1.0)""], ""message_loss_weight"": 10.0, ""global_loss_weight"": 0.5, ""local_loss_weight"": 0.5, ""local_loss_mode"": ""contentaware_gradient"", ""local_patch_size"": 16, ""local_patch_stride"": 8, ""local_topk_ratio"": 0.1, ""deterministic"": true, ""deterministic_warn_only"": false, ""require_single_gpu"": true, ""save_every"": 5, ""device"": ""cuda"", ""resume"": null, ""init_checkpoint"": ""/mnt/wmcontent/GLX/icassp/MBRS/experiments/runs/optimization_global_seed17_128_m64_crop/checkpoint_0100.pth""}"
seed17_contentaware_gradient_patch16_stride8_top10_alpha2_global0.5_local0.5,16×16/步长8，Top10%原始MSE均值，按梯度分数选块，alpha=2；整图/局部权重=0.5/0.5,17,continuation_from_external_checkpoint,/mnt/wmcontent/GLX/icassp/MBRS/experiments/runs/optimization_global_seed17_128_m64_crop/checkpoint_0100.pth,,/mnt/wmcontent/GLX/icassp/MBRS/experiments/runs/seed17_contentaware_gradient_patch16_stride8_top10_alpha2_global0.5_local0.5/checkpoint_0020.pth,20,20,True,128x128,64,"[""RandomCrop(0.3, 1.0)""]",16,8,0.1,0.5,0.5,contentaware_gradient,,2.0,0.0001,16,True,True,not persisted in checkpoint,controlled registered,[],"{""name"": ""seed17_contentaware_gradient_patch16_stride8_top10_alpha2_global0.5_local0.5"", ""dataset_path"": ""/mnt/wmcontent/GLX/icassp/MBRS/datasets"", ""H"": 128, ""W"": 128, ""message_length"": 64, ""batch_size"": 16, ""num_workers"": 0, ""epochs"": 20, ""lr"": 0.0001, ""seed"": 17, ""noise_layers"": [""RandomCrop(0.3, 1.0)""], ""message_loss_weight"": 10.0, ""global_loss_weight"": 0.5, ""local_loss_weight"": 0.5, ""local_loss_mode"": ""contentaware_gradient"", ""local_patch_size"": 16, ""local_patch_stride"": 8, ""local_topk_ratio"": 0.1, ""content_selector_feature"": ""gradient"", ""content_selector_alpha"": 2.0, ""deterministic"": true, ""deterministic_warn_only"": false, ""require_single_gpu"": true, ""save_every"": 5, ""device"": ""cuda"", ""resume"": null, ""init_checkpoint"": ""/mnt/wmcontent/GLX/icassp/MBRS/experiments/runs/optimization_global_seed17_128_m64_crop/checkpoint_0100.pth""}"
worst_128_m64_crop,32×32/步长32，Top25%原始MSE均值；整图/局部权重=0.5/0.5,17,random_initialized_scratch,,,/mnt/wmcontent/GLX/icassp/MBRS/experiments/runs/worst_128_m64_crop/checkpoint_0100.pth,100,100,True,128x128,64,"[""RandomCrop(0.3, 1.0)""]",32,32,0.25,0.5,0.5,topk,,,0.001,16,False,False,not persisted in checkpoint,exploratory only / not a registered main result,[],"{""name"": ""worst_patch_128_m64_crop"", ""dataset_path"": ""/mnt/wmcontent/GLX/icassp/MBRS/datasets"", ""H"": 128, ""W"": 128, ""message_length"": 64, ""batch_size"": 16, ""num_workers"": 0, ""epochs"": 100, ""lr"": 0.001, ""seed"": 17, ""noise_layers"": [""RandomCrop(0.3, 1.0)""], ""message_loss_weight"": 10.0, ""global_loss_weight"": 0.5, ""local_loss_weight"": 0.5, ""local_loss_mode"": ""topk"", ""local_patch_size"": 32, ""local_topk_ratio"": 0.25, ""save_every"": 10, ""device"": ""cuda""}"
