method,image_index,global_mse,global_psnr,global_ssim,global_ms_ssim,global_dists,global_gmsd,full_lpips,patch_ssim_mean,patch_ssim_median,patch_ssim_p10,patch_ssim_bottom10_mean,patch_ssim_min,ssim_tail_gap,patch_lpips_top10_mean,patch_lpips_max,patch_mse_top25,patch_mse_p95,top25_local_psnr,gini,cv,top10_over_mean,top10_energy_share,global_ciede2000_mean,patch_ciede2000_mean,patch_ciede2000_p95,top10_patch_ciede2000,max_patch_ciede2000,mean_signed_delta_a,mean_signed_delta_b
JPEG Global,0,0.000303949840599671,35.171980800364125,0.8794584274291992,0.9581946134567261,nan,nan,0.0031001619063317776,0.8664445281028748,0.8598647713661194,0.8140127956867218,0.7996083498001099,0.7919656038284302,0.06025642156600952,0.0025521237403154373,0.002902843290939927,0.00034466799115762115,0.00035061016387771815,34.62599047050691,0.05518898248469295,0.09728249662392702,1.1659938566417933,0.14574923208022417,4.9394989013671875,5.013532638549805,6.636313557624817,6.832253456115723,10.041881561279297,-0.8547372221946716,0.5908758640289307
JPEG Global,1,0.00025794203975237906,35.884778701747,0.9694168567657471,0.9892656207084656,nan,nan,0.0014636018313467503,0.965912938117981,0.9784294366836548,0.9264447093009949,0.9174351692199707,0.9167346954345703,0.06099426746368408,0.0009739763336256146,0.0014278368325904012,0.0002995515242218971,0.00031921219488140196,35.23528466227263,0.06688609896082082,0.1220217595039809,1.2474398080613995,0.15592997600767494,4.238167762756348,4.291440486907959,5.803148984909058,5.910131931304932,7.9085893630981445,-0.18034851551055908,0.005256563425064087
JPEG Global,2,0.00028308553737588227,35.48082317841863,0.9820936918258667,0.9939197301864624,nan,nan,0.0033441996201872826,0.9762459993362427,0.9792446494102478,0.9632408320903778,0.9508249759674072,0.9440871477127075,0.028419673442840576,0.000719491159543395,0.0007658067625015974,0.0003175073070451617,0.00032152142375707626,34.98246275496805,0.06525119769717162,0.1202681416336409,1.1489031198896442,0.14361288998620553,4.321907997131348,4.373777389526367,5.942829489707947,6.070728302001953,8.207996368408203,-0.19498580694198608,0.20942044258117676
JPEG Global,3,0.00023800042981747538,36.23422258627567,0.958459734916687,0.9853982329368591,nan,nan,0.002731395186856389,0.955024778842926,0.9585319757461548,0.926383763551712,0.9210621118545532,0.9204250574111938,0.03746986389160156,0.001647890079766512,0.001953558064997196,0.0002631904208101332,0.00026384874945506454,35.79729921536074,0.045161715829179466,0.0799031884003035,1.1098501530917344,0.1387312691364668,4.844799995422363,4.923981189727783,6.482244491577148,6.5879034996032715,8.516283988952637,-0.21781028807163239,0.1526927947998047
JPEG Global,4,0.00023023621179163456,36.378263690447355,0.9511882662773132,0.9831395149230957,nan,nan,0.0025582010857760906,0.9425091743469238,0.9590293169021606,0.868015468120575,0.8628332018852234,0.8619723320007324,0.09619611501693726,0.0017050645546987653,0.001976418774574995,0.0002580521395429969,0.0002592360760900192,35.88292535788506,0.05822855471916448,0.10501053734116451,1.157396033416042,0.14467450417700525,4.0963544845581055,4.158119201660156,5.834780216217041,5.945972442626953,7.464160919189453,-0.35808008909225464,0.3159758448600769
JPEG Global,5,0.00028159719659015536,35.50371673079238,0.9684799909591675,0.989140510559082,nan,nan,0.0038627898320555687,0.9607793092727661,0.9653826355934143,0.9427966773509979,0.9285192489624023,0.9167017936706543,0.03686338663101196,0.0014693746343255043,0.001520601217634976,0.00034308494650758803,0.0003488677684799768,34.64598337006816,0.09182106041390094,0.16110488814006607,1.2392453801119003,0.15490567251398754,4.45231819152832,4.498933792114258,6.16143536567688,6.273606300354004,8.821310997009277,-0.4822996258735657,0.2534427046775818
JPEG Global,6,0.00032627637847326696,34.86414366819101,0.9517008662223816,0.9832921028137207,nan,nan,0.0024265239480882883,0.9415988922119141,0.9379727244377136,0.9277878105640411,0.9221491813659668,0.919562816619873,0.015823543071746826,0.000975840026512742,0.0011863835388794541,0.00046538293827325106,0.0005095354426885024,33.32189542728716,0.1651112577983841,0.33256870339166683,1.7198239930380792,0.2149779991297599,3.969698429107666,4.009536266326904,5.749632120132446,5.863179683685303,8.0743408203125,0.13487212359905243,-0.0258572306483984
JPEG Global,7,0.0003230359870940447,34.90749093378574,0.9127933382987976,0.9699721336364746,nan,nan,0.002650225767865777,0.9011659026145935,0.9061840772628784,0.8589631915092468,0.8439343571662903,0.8291422128677368,0.062249720096588135,0.0015230143908411264,0.001669977675192058,0.00043319829273968935,0.00046378641127375886,33.633132636238024,0.1244181756054096,0.2826597132599007,1.6164608748269687,0.20205760935337108,4.125701904296875,4.203401565551758,6.07052743434906,6.206220626831055,8.323253631591797,-0.43963390588760376,0.4239308834075928
JPEG Global,8,0.00023183890152722597,36.34813689592856,0.971873939037323,0.9902400970458984,nan,nan,0.0018075278494507074,0.9653944373130798,0.9644655585289001,0.9538968205451965,0.9488662481307983,0.9462752342224121,0.015599310398101807,0.0011712007690221071,0.0014115243684500456,0.00026730375248007476,0.0002758933260338381,35.72994944461005,0.06168261016959339,0.10910154559694935,1.190549455296663,0.14881868191208286,5.174587726593018,5.256931304931641,6.770926237106323,6.873860836029053,8.733670234680176,-0.68771892786026,0.6479042172431946
JPEG Global,9,0.0003443429304752499,34.63008828860178,0.9723483324050903,0.9894800186157227,nan,nan,0.003432647092267871,0.9682488441467285,0.9684199690818787,0.9593510925769806,0.9576961994171143,0.9562181234359741,0.010723769664764404,0.0006930887466296554,0.0007224816945381463,0.0004511472652666271,0.00046308863238664344,33.456816708646755,0.11983474133096825,0.21186822438089506,1.3584137541936925,0.16980171927421156,4.192695617675781,4.250009536743164,6.229317307472229,6.3611884117126465,8.172281265258789,-0.5800900459289551,0.4335295557975769
JPEG Global,10,0.00023678014986217022,36.25654708902965,0.9404114484786987,0.9794992804527283,nan,nan,0.0014286087825894356,0.9312894344329834,0.9290728569030762,0.9087361097335815,0.8884994387626648,0.868635892868042,0.04057341814041138,0.0008112915093079209,0.0008414211915805936,0.0002678301534615457,0.00027044006856158376,35.721405298454464,0.06210276034122939,0.10901313746140318,1.1441595194189618,0.14301993992737022,4.863624572753906,4.939264297485352,6.38882577419281,6.491027355194092,8.390213966369629,-0.07748585194349289,0.23504918813705444
JPEG Global,11,0.0002707231615204364,35.674745868958624,0.9221689701080322,0.9727870225906372,nan,nan,0.0025318320840597153,0.917219340801239,0.9304593801498413,0.8346975147724152,0.791451096534729,0.7853312492370605,0.1390082836151123,0.0025629429146647453,0.0031075053848326206,0.00030065717874094844,0.00031133415905060247,35.21928422118298,0.041714764780549037,0.0760786367326511,1.1528177749685782,0.14410222187107227,4.314568042755127,4.372470855712891,6.032849669456482,6.130342483520508,7.732263565063477,-0.2262396216392517,0.1326727271080017
JPEG Global,12,0.0002278035826748237,36.42439450038871,0.9521559476852417,0.983690619468689,nan,nan,0.0024584196507930756,0.9421715140342712,0.9417576789855957,0.8967328667640686,0.8799299001693726,0.8721141815185547,0.061827778816223145,0.003976215608417988,0.005266908556222916,0.00028121666400693357,0.00028928800020366907,35.50958947977143,0.08680411301908192,0.15971864331687594,1.2912468213049841,0.16140585266312302,4.723769187927246,4.80225133895874,6.349034905433655,6.493834018707275,8.939949035644531,-0.2173609733581543,0.19810357689857483
JPEG Global,13,0.0003390108176972717,34.697864434155775,0.976470410823822,0.9903594851493835,nan,nan,0.002160631585866213,0.9732387065887451,0.9748937487602234,0.9630763530731201,0.9607279300689697,0.9600638747215271,0.014165818691253662,0.002020907588303089,0.0022868148516863585,0.00042148723150603473,0.00044394287397153676,33.75215577315549,0.09475132733901369,0.1694779333678324,1.3103051076829775,0.16378813846037218,4.078547477722168,4.103410720825195,5.800643444061279,5.900155544281006,7.8432464599609375,-0.5778745412826538,0.4495907723903656
JPEG Global,14,0.0002339984057471156,36.30787101468443,0.8958792686462402,0.963250994682312,nan,nan,0.0035994243808090687,0.8892970085144043,0.8942914009094238,0.8373538851737976,0.8225680589675903,0.8095414042472839,0.0717233419418335,0.002164775040000677,0.0025619009975343943,0.00026264291955158114,0.00026366233942098916,35.80634302613113,0.058697582831179373,0.10402277367362013,1.1272003750999275,0.14090004688749094,3.610442876815796,3.6655220985412598,5.028767466545105,5.155946254730225,7.382035732269287,-0.5075628757476807,0.4440757632255554
JPEG Global,15,0.0003267148567829281,34.85831116298543,0.9775989055633545,0.9920617938041687,nan,nan,0.0019263934809714556,0.971744179725647,0.976366400718689,0.950607568025589,0.9487414360046387,0.9477750062942505,0.027624964714050293,0.0009130322723649442,0.0009409021586179733,0.00037834548857063055,0.00038505555858137086,34.2211144023629,0.07726956193564463,0.1364079743012708,1.179176346774921,0.14739704334686513,4.403765678405762,4.444047451019287,6.395403742790222,6.530208110809326,9.190740585327148,-0.18001846969127655,0.07826009392738342
JPEG Global,16,0.00024277767806779593,36.14791246499719,0.9462288618087769,0.9808354377746582,nan,nan,0.0031929113902151585,0.9389153122901917,0.9487206935882568,0.888683557510376,0.8784005045890808,0.8775609731674194,0.07032018899917603,0.0009328763699159026,0.0010054127778857946,0.00029779080068692565,0.0003020845615537837,35.260887225429244,0.09663110428546902,0.1705674247894501,1.2860844443922141,0.16076055554902677,4.540150165557861,4.60341215133667,6.266319394111633,6.377645015716553,8.438407897949219,-0.23735681176185608,0.21280477941036224
JPEG Global,17,0.00024436929379589856,36.11953366239648,0.8967509269714355,0.9624655246734619,nan,nan,0.0029556849040091038,0.8902879953384399,0.9135159254074097,0.7839059233665466,0.7760881185531616,0.7711212038993835,0.13742780685424805,0.0019298134138807654,0.002183883683755994,0.0002896623045671731,0.0002909091199398972,35.381080183745766,0.0886066067005626,0.15548534432657685,1.1996693504608176,0.1499586688076022,3.6678972244262695,3.7330105304718018,5.383843302726746,5.535072326660156,8.337074279785156,-0.08481655269861221,0.08143533021211624
JPEG Global,18,0.00032980050309561193,34.81748686194588,0.974897563457489,0.9906966090202332,nan,nan,0.0025631741154938936,0.9710925817489624,0.9722450375556946,0.9576300978660583,0.949424147605896,0.9461191892623901,0.022820889949798584,0.0008273232378996909,0.0009058972937054932,0.0003921097668353468,0.00041427071118960157,34.06592339975056,0.086818094094748,0.15612563745117317,1.2657487375299554,0.15821859219124443,3.7961103916168213,3.7975924015045166,6.111334443092346,6.2591962814331055,8.268566131591797,-0.6524782776832581,0.5386947393417358
JPEG Global,19,0.0004941223305650055,33.061655188650505,0.9759652018547058,0.9907057285308838,nan,nan,0.0028949338011443615,0.9716007709503174,0.9734475016593933,0.9602671265602112,0.9565117359161377,0.9538611173629761,0.016935765743255615,0.00103917031083256,0.0010767157655209303,0.0006478808354586363,0.0006605570233659819,31.885048664471114,0.1231237903447602,0.2323789192794079,1.4457426220670655,0.1807178277583832,3.3802900314331055,3.3789446353912354,5.416951775550842,5.580776691436768,8.033916473388672,-0.7157091498374939,0.5326197743415833
JPEG Global,20,0.00024678654153831303,36.07678528168046,0.9596900939941406,0.9863206744194031,nan,nan,0.002082978840917349,0.9520056247711182,0.964070200920105,0.9201925098896027,0.9005895256996155,0.8852688670158386,0.0634806752204895,0.0007289507775567472,0.0007803654298186302,0.0002714778238441795,0.00027271763246972114,35.66265640754523,0.05124765994564868,0.09196901597787124,1.108436484832377,0.1385545606040471,4.067670822143555,4.134441375732422,5.7423059940338135,5.8828253746032715,8.150470733642578,0.060415662825107574,-0.14736562967300415
JPEG Global,21,0.00042238374589942396,33.74292802600214,0.9727703928947449,0.9903992414474487,nan,nan,0.0031836291309446096,0.9656319618225098,0.9692420363426208,0.9480539262294769,0.9188308715820312,0.9008949995040894,0.0504111647605896,0.0009885957697406411,0.0010264415759593248,0.0005259097670204937,0.0005640043236780912,32.7908876353962,0.11979504108983856,0.21510986960267067,1.3394532228161042,0.16743165285201303,4.046058654785156,4.059121608734131,6.352043271064758,6.49131965637207,9.347064971923828,0.6921391487121582,0.18440885841846466
JPEG Global,22,0.0002703035424929112,35.68148262569709,0.9387006759643555,0.9782273173332214,nan,nan,0.0018742810934782028,0.9315327405929565,0.9353344440460205,0.8916159570217133,0.889397144317627,0.8891819715499878,0.045937299728393555,0.0007657399983145297,0.0007782153552398086,0.0003553341666702181,0.00037103978684172034,34.493630315116995,0.1287083874660029,0.22563053363805508,1.3905545697685937,0.1738193212210742,3.9923038482666016,3.9880340099334717,5.941475987434387,6.0558013916015625,8.94145393371582,-0.08003992587327957,0.028076082468032837
JPEG Global,23,0.0002948825713247061,35.30350895136185,0.919875979423523,0.9718031883239746,nan,nan,0.001957629807293415,0.9124574661254883,0.9227675795555115,0.8399514257907867,0.8257103562355042,0.8139634132385254,0.09705722332000732,0.0013308634515851736,0.0018203952349722385,0.00033659962355159223,0.00033940831053769216,34.72886374068922,0.0655233634998394,0.1146832111738636,1.1548115998020385,0.14435144997525481,3.490962028503418,3.5605833530426025,6.032983422279358,6.156430244445801,8.613851547241211,-0.61775141954422,0.420518696308136
JPEG Global,24,0.0002631645475048572,35.79772617565922,0.9267348051071167,0.9753562808036804,nan,nan,0.0022250963374972343,0.9147522449493408,0.9174874424934387,0.8858245015144348,0.8750494718551636,0.8724414706230164,0.042437970638275146,0.0008435790659859776,0.0009223888628184795,0.0003029914223589003,0.0003049284059670754,35.18569666134418,0.05895528487692205,0.10515036969137605,1.1643456679221098,0.14554320849026373,3.857415199279785,3.9053776264190674,5.292210102081299,5.436339855194092,8.103564262390137,-0.2191910296678543,0.31150656938552856
JPEG Global,25,0.0002789771242532879,35.54431406826316,0.9366155862808228,0.9785827398300171,nan,nan,0.0026474464684724808,0.9272638559341431,0.9238260984420776,0.8974570631980896,0.8944953083992004,0.8918022513389587,0.029330790042877197,0.005539114121347666,0.006760412827134132,0.0003888183564413339,0.0004055079334648326,34.102532398543254,0.14707146227346302,0.26924638244286836,1.51803238916312,0.18975404864539,4.171655178070068,4.187443733215332,5.867558002471924,5.976325511932373,7.979734897613525,-1.0580124855041504,0.6863837242126465
JPEG Global,26,0.0002871985489036888,35.4181775873584,0.9199279546737671,0.9692192077636719,nan,nan,0.0037733411882072687,0.9159864783287048,0.9254827499389648,0.8709567487239838,0.8569319248199463,0.8480472564697266,0.06855082511901855,0.0016663869610056281,0.002059658756479621,0.00035464216489344835,0.00036636264849221334,34.50209630574025,0.0997542506456685,0.17431735698621628,1.2820027975083672,0.1602503496885459,4.922554016113281,4.97873592376709,6.615650773048401,6.725627899169922,8.687995910644531,-0.5547489523887634,0.08963833749294281
JPEG Global,27,0.0002996711991727352,35.233549942628905,0.9058996438980103,0.9658358097076416,nan,nan,0.0022031418047845364,0.8973724842071533,0.936738133430481,0.7798771560192108,0.7716997861862183,0.7668718695640564,0.1650383472442627,0.0012192762224003673,0.0012581583578139544,0.0003397714754100889,0.00034478105953894556,34.68813083948391,0.06405264635967678,0.11371739895672042,1.1655344615156245,0.14569180768945306,3.8485054969787598,3.925520658493042,6.488754034042358,6.628596305847168,9.272466659545898,-0.3971630930900574,0.4186619222164154
JPEG Global,28,0.00025266167358495295,35.97460631498937,0.950248122215271,0.9822869300842285,nan,nan,0.002468202030286193,0.9435930252075195,0.9504438638687134,0.9188862442970276,0.9019086360931396,0.8943876028060913,0.04853522777557373,0.0014183365274220705,0.0014433538308367133,0.00029980187537148595,0.0003074305132031441,35.23165654806817,0.06770194433984147,0.124203010724602,1.233289294796999,0.15416116184962486,4.211258888244629,4.2312211990356445,5.854184985160828,5.989216327667236,8.533527374267578,-0.5735086798667908,0.5679440498352051
JPEG Global,29,0.00021266972180455923,36.722943370329936,0.9480665922164917,0.9823979735374451,nan,nan,0.0017145213205367327,0.9411738514900208,0.9362881183624268,0.9183233678340912,0.9086617827415466,0.9060532450675964,0.027626335620880127,0.001452236669138074,0.0017479290254414082,0.0002613349643070251,0.00026718478329712525,35.8280248162452,0.0992602075082256,0.1759716545705012,1.2776414550922104,0.1597051818865263,4.332308769226074,4.4015350341796875,6.035796284675598,6.157654285430908,8.396795272827148,-0.397627055644989,0.21643510460853577
JPEG Global,30,0.00023714634880889207,36.24983557515831,0.9744593501091003,0.9913505911827087,nan,nan,0.0027758581563830376,0.9677922129631042,0.9665930271148682,0.9592039585113525,0.9523811936378479,0.9498889446258545,0.014211833477020264,0.0007078878115862608,0.0007619561511091888,0.00027182031772099435,0.00027243943623034284,35.657180842322006,0.06846894001583699,0.12049441814275881,1.1520794090761561,0.14400992613451952,4.712958335876465,4.781371116638184,6.046920418739319,6.163398742675781,8.132272720336914,-0.36019253730773926,0.2684398889541626
JPEG Global,31,0.00025602139066904783,35.917237477294165,0.978449821472168,0.9922801852226257,nan,nan,0.0021547258365899324,0.9731429219245911,0.9736459255218506,0.9626885056495667,0.9579366445541382,0.95489501953125,0.015709280967712402,0.0008995757671073079,0.0009070983505807817,0.00030184866045601666,0.0003051164385396987,35.202107471182806,0.07619205528843886,0.1340826024025699,1.1993575709743862,0.14991969637179828,4.100933074951172,4.155722618103027,5.809340596199036,5.93791389465332,8.506524085998535,0.0015873070806264877,0.015139441937208176
JPEG Global,32,0.00024375955399591476,36.13038353408333,0.9402970671653748,0.9791145324707031,nan,nan,0.0024081456940621138,0.9337934255599976,0.9594423174858093,0.8228123784065247,0.8119314908981323,0.8116257190704346,0.147510826587677,0.002760533709079027,0.002855774015188217,0.00026524608256295323,0.00027257153851678595,35.76351021503364,0.03597389301602728,0.06381938572343022,1.1207120314339474,0.14008900392924342,4.0091705322265625,4.055130481719971,5.577694773674011,5.708429336547852,7.8059258460998535,-0.3679856061935425,0.27494779229164124
JPEG Global,33,0.00024595146533101797,36.09150585654845,0.914219081401825,0.9687246680259705,nan,nan,0.003367779077962041,0.9062901735305786,0.9005916118621826,0.8821682929992676,0.8775837421417236,0.8771185278892517,0.023007869720458984,0.0013818638399243355,0.0014351930003613234,0.000275917787803337,0.00027875947853317484,35.59220300623324,0.05427535079329951,0.09522470626926666,1.1342355782840325,0.14177944728550407,4.925765037536621,4.9650115966796875,6.524651527404785,6.636325836181641,8.358611106872559,-0.5205848217010498,0.3165256381034851
JPEG Global,34,0.00024185876827687025,36.16438163205307,0.976805567741394,0.9921513795852661,nan,nan,0.0011713585117831826,0.9708151817321777,0.976214587688446,0.9503853917121887,0.9299237728118896,0.9154412746429443,0.046290814876556396,0.0006290355231612921,0.0006362023996189237,0.0002698913449421525,0.0002738968614721671,35.68811042468803,0.04938892802124845,0.08702191685028818,1.1348874534524194,0.14186093168155242,4.5477447509765625,4.634725570678711,6.308033227920532,6.425534248352051,8.263052940368652,-0.34013092517852783,0.3870207667350769
JPEG Global,35,0.0003590053820516914,34.44899040619926,0.8888821005821228,0.9586584568023682,nan,nan,0.004321244079619646,0.8842044472694397,0.8816882371902466,0.8348227441310883,0.8322622179985046,0.8306878805160522,0.04942601919174194,0.0014814878813922405,0.0014845160767436028,0.0005557698896154761,0.0005742898356402293,32.551049860366525,0.23095504120718208,0.41866826648767347,1.7285410084376462,0.21606762605470578,4.1848225593566895,4.216874122619629,6.248030066490173,6.404144287109375,9.044829368591309,-0.11619779467582703,0.25586915016174316
JPEG Global,36,0.0002472777559887618,36.0681494908888,0.960269570350647,0.9859592914581299,nan,nan,0.002657113363966346,0.955156683921814,0.9585068225860596,0.9410501420497894,0.9336856603622437,0.9283725619316101,0.024821162223815918,0.0008649434894323349,0.000926716485992074,0.0002879615349229425,0.00029979366809129715,35.40665520179577,0.0635449491234463,0.11331479585089002,1.216217953041047,0.15202724413013088,4.559804439544678,4.614411354064941,6.207959175109863,6.309919357299805,8.305940628051758,-0.3543963134288788,0.356987863779068
JPEG Global,37,0.00035944339470006526,34.44369492777639,0.9516252279281616,0.9824023246765137,nan,nan,0.0015895082615315914,0.9427567720413208,0.9371353983879089,0.9232056736946106,0.9055728912353516,0.8929452896118164,0.03156250715255737,0.0006803126307204366,0.0007319655269384384,0.0004121799429412931,0.0004184543140581809,33.84913145215347,0.06655443345339779,0.11960652501787578,1.1854991191263475,0.14818738989079344,3.0702624320983887,3.080195426940918,4.263542056083679,4.4045729637146,7.508435249328613,-0.942736029624939,0.8515161275863647
JPEG Global,38,0.000515177845954895,32.880428210877064,0.9465492963790894,0.9800583720207214,nan,nan,0.0030680315103381872,0.9379436373710632,0.9454323053359985,0.8889007270336151,0.8463059663772583,0.8246748447418213,0.09912633895874023,0.0009342730045318604,0.0010828747181221843,0.0006315800710581243,0.0006419165438273922,31.99571582219849,0.10245630244644031,0.18139873425354652,1.2512920799092913,0.1564115099886614,3.44612455368042,3.4627387523651123,6.595636248588562,6.711747646331787,9.248615264892578,1.3352757692337036,0.5309545993804932
JPEG Global,39,0.0002183535398216918,36.60839763153832,0.8942488431930542,0.9680718779563904,nan,nan,0.0046402160078287125,0.88529372215271,0.898662269115448,0.827486127614975,0.7599376440048218,0.7338687777519226,0.13872462511062622,0.0008247311925515532,0.0008524866425432265,0.00030878843972459435,0.000339159436407499,35.10338966943152,0.1605835351976517,0.3130242341386482,1.673368056584789,0.20917100707309863,3.5360512733459473,3.5770797729492188,5.427109956741333,5.587112903594971,9.039756774902344,-0.2039465755224228,0.13571032881736755
JPEG Global,40,0.00030510095530189574,35.155564325355925,0.9831231832504272,0.9937634468078613,nan,nan,0.002192599233239889,0.9789869785308838,0.9813538789749146,0.9675555229187012,0.9660752415657043,0.9654494524002075,0.015278637409210205,0.0011386256664991379,0.0014107914175838232,0.0003433350648265332,0.00034840390435419977,34.64281839792997,0.04994538838623395,0.09017173678694211,1.1664619609602958,0.14580774512003697,4.86565637588501,4.900709629058838,6.56861412525177,6.694406986236572,9.301024436950684,-0.09254738688468933,0.22657811641693115
JPEG Global,41,0.00037096012965776026,34.306727653178804,0.8470252752304077,0.942817211151123,nan,nan,0.003603129182010889,0.8411681056022644,0.8265038132667542,0.7820165157318115,0.7727527618408203,0.7647933959960938,0.05375105142593384,0.0018366111908107996,0.0018958186265081167,0.0005040968535467982,0.0005447163130156696,32.97486013316715,0.1325419754350908,0.24202286656852398,1.4762426053751676,0.18453032567189595,2.339871883392334,2.3550679683685303,4.0062724351882935,4.18304967880249,7.0136823654174805,-0.3530183434486389,0.3706434369087219
JPEG Global,42,0.00023995799710974097,36.19864771704651,0.9313279986381531,0.9766759276390076,nan,nan,0.0026216900441795588,0.9213342666625977,0.9160110950469971,0.8771069645881653,0.8713388442993164,0.8681144118309021,0.044672250747680664,0.0022569866850972176,0.002420212607830763,0.00027358453371562064,0.0002827733987942338,35.62908457799211,0.06914560417966571,0.12335471605543578,1.1852231480755653,0.14815289350944566,4.286286354064941,4.376216411590576,5.924916744232178,6.032571792602539,7.807314872741699,-0.29466867446899414,0.2409963756799698
JPEG Global,43,0.0003015135007444769,35.20693236865267,0.8279299736022949,0.9362465739250183,nan,nan,0.009982776828110218,0.8268094062805176,0.7930193543434143,0.7730485498905182,0.7677700519561768,0.7642948031425476,0.02524930238723755,0.00467576552182436,0.0047288089990615845,0.00034349231282249093,0.00034904129279311746,34.64082977778027,0.0594025447461734,0.10451251225812297,1.1717624591310565,0.14647030739138206,5.003687381744385,5.067004680633545,6.33459198474884,6.4395341873168945,8.673471450805664,-0.6906551122665405,0.4473108947277069
JPEG Global,44,0.0003218352503608912,34.92366389700022,0.9052621722221375,0.9694568514823914,nan,nan,0.0019039746839553118,0.8976309895515442,0.8832465410232544,0.8381741642951965,0.8274458646774292,0.8170811533927917,0.055800676345825195,0.0006029937067069113,0.0006448498461395502,0.00038435403257608414,0.000403888727305457,34.15268558028163,0.0952211640648932,0.17540681840089303,1.2732787169111646,0.15915983961389557,3.2091710567474365,3.227015972137451,5.445157289505005,5.600011348724365,8.163138389587402,-0.7472857236862183,0.6031501293182373
JPEG Global,45,0.0002104276791214943,36.76897134769745,0.9525155425071716,0.9837543368339539,nan,nan,0.002501321956515312,0.9463484287261963,0.9441957473754883,0.9290605187416077,0.9243062734603882,0.9235321879386902,0.019889473915100098,0.001950891688466072,0.0023300331085920334,0.00024341544485650957,0.00024760278029134497,36.136518689853695,0.07082811944559633,0.12542968856152434,1.192970258647947,0.14912128233099337,4.055225372314453,4.119421482086182,5.630169987678528,5.751559257507324,7.766794204711914,-0.37721264362335205,0.16020703315734863
JPEG Global,46,0.0004661647544708103,33.314605654732794,0.9832834005355835,0.9927329421043396,nan,nan,0.002081985352560878,0.9820429086685181,0.9826008081436157,0.9804803431034088,0.9771018028259277,0.9738981127738953,0.005499005317687988,0.0008854978950694203,0.0009871609508991241,0.0005209344089962542,0.00052879803115502,32.83216955403436,0.05436907394112898,0.09687604758541951,1.1346469032734117,0.14183086290917646,4.568256378173828,4.592987060546875,5.707754015922546,5.810235977172852,8.42095947265625,-0.4188362956047058,0.45524275302886963
JPEG Global,47,0.00021998780721332878,36.57601389208303,0.9144734144210815,0.9697107076644897,nan,nan,0.003488641232252121,0.9064213633537292,0.8964710235595703,0.8469496965408325,0.8394604921340942,0.838847815990448,0.057010531425476074,0.00772362295538187,0.008793008513748646,0.0002500667469576001,0.00026126502780243754,36.01944055462528,0.051246807408742844,0.09473810091274189,1.197373496608205,0.14967168707602563,4.4752116203308105,4.564912796020508,6.234181880950928,6.353838920593262,8.425987243652344,-0.3798394799232483,0.3835885226726532
JPEG Global,48,0.00035767219378612936,34.465148215358084,0.9763965606689453,0.9910029172897339,nan,nan,0.0025780494324862957,0.9708027839660645,0.9722184538841248,0.9619648158550262,0.9588027000427246,0.9585592150688171,0.013415753841400146,0.0015222507063299417,0.0015434687957167625,0.0004238201363477856,0.0004297562627471052,33.72818413134948,0.09644857609293966,0.1748270855444437,1.2023781070903712,0.1502972633862964,4.558341979980469,4.591782093048096,6.432045102119446,6.552584648132324,8.327829360961914,-0.21715719997882843,0.1745024174451828
JPEG Global,49,0.0002608293725643307,35.83643503337658,0.9611219167709351,0.9863694906234741,nan,nan,0.002949836663901806,0.9539835453033447,0.9691709876060486,0.9003209173679352,0.8920465707778931,0.8915469646453857,0.07712441682815552,0.0008965135202743113,0.000966276740655303,0.00029149200418032706,0.000300543280900456,35.353733537282565,0.044357320625994526,0.08302342577272771,1.1746103190531958,0.14682628988164947,4.418150901794434,4.495522499084473,6.148383736610413,6.277682304382324,9.147517204284668,-0.6780731081962585,0.611453652381897
JPEG OKLab-tail,0,0.00032424027449451387,34.891330416022804,0.9417836666107178,0.979546070098877,nan,nan,0.0052913399413228035,0.9346850514411926,0.9352294206619263,0.9044846892356873,0.8960679173469543,0.8922101259231567,0.039161503314971924,0.004775865003466606,0.004997253883630037,0.0004314637917559594,0.00045098895498085767,33.65055644213863,0.1454252639333273,0.2536237371206013,1.3920143109871963,0.17400178887339954,3.858107089996338,3.8900020122528076,4.932029724121094,4.968472003936768,5.860640048980713,-1.9650561809539795,-0.43213969469070435
JPEG OKLab-tail,1,0.00013979362847749144,38.545126224395915,0.9846452474594116,0.9945489764213562,nan,nan,0.0013908077962696552,0.9829115271568298,0.9877557754516602,0.9644381999969482,0.9562880396842957,0.9553340673446655,0.0314677357673645,0.0004737078561447561,0.0005143262096680701,0.00015949113003443927,0.00016384744958486408,37.97263464858923,0.0650631861695594,0.11639579253644221,1.184036612538639,0.14800457656732988,2.4350013732910156,2.4410581588745117,3.3208303451538086,3.369685173034668,4.346805095672607,-0.1789913773536682,-0.12294045835733414
JPEG OKLab-tail,2,0.0001474087912356481,38.31476615043593,0.9905437231063843,0.9967696666717529,nan,nan,0.0013149144360795617,0.9876883029937744,0.9890415072441101,0.9822918176651001,0.9784165620803833,0.9759477972984314,0.010624945163726807,0.0006798620452173054,0.0008110828930512071,0.00016648630844429135,0.0001668859003984835,37.78621476341371,0.07239170472486209,0.14045445974675405,1.1640849557664523,0.14551061947080654,2.456603527069092,2.4723927974700928,3.2223469614982605,3.283083438873291,4.436825275421143,-0.17023199796676636,-0.10560484230518341
JPEG OKLab-tail,3,0.00012961900210939348,38.87331326348785,0.9806470274925232,0.9931153059005737,nan,nan,0.0016311764484271407,0.9791762828826904,0.9812018275260925,0.9696690142154694,0.9678698778152466,0.9661538004875183,0.013331949710845947,0.0009985733777284622,0.001085122930817306,0.0001446015521651134,0.00014733173520653509,38.398270452633014,0.04804478571868818,0.08482808327620378,1.149977818881159,0.14374722736014486,2.792020797729492,2.8073980808258057,3.574506461620331,3.6216301918029785,4.456959247589111,0.35184091329574585,-0.7775209546089172
JPEG OKLab-tail,4,0.00011237268336117268,39.49339248440739,0.9786600470542908,0.9925739169120789,nan,nan,0.002546827308833599,0.9750388860702515,0.9811860918998718,0.9469644129276276,0.942284882068634,0.9400107860565186,0.03890120983123779,0.001404251204803586,0.0016455564182251692,0.00012749567395076156,0.00012933801917824894,38.945045510040394,0.05794160576001649,0.1017925958041831,1.152411342301691,0.14405141778771138,2.2658329010009766,2.2876691818237305,3.248286247253418,3.290168523788452,4.0849928855896,0.31353065371513367,-0.6060397624969482
JPEG OKLab-tail,5,0.00015277786587830633,38.15939560833726,0.9846361875534058,0.9946913123130798,nan,nan,0.00213516503572464,0.9811562299728394,0.9832066297531128,0.970356285572052,0.9681127071380615,0.9662156105041504,0.01509392261505127,0.0007117121713235974,0.0007892698049545288,0.00019037727906834334,0.00019819197768811136,37.20384884544249,0.09790145104230169,0.17393602725232868,1.3015517194355326,0.16269396492944158,2.603919506072998,2.6308679580688477,3.6854124069213867,3.767958402633667,5.4672532081604,-0.01152612641453743,-0.4082490801811218
JPEG OKLab-tail,6,0.00015892231022007763,37.98815130323577,0.962309718132019,0.9872170686721802,nan,nan,0.0019811238162219524,0.9574159383773804,0.9570084810256958,0.9433524012565613,0.941002607345581,0.9403392672538757,0.016005873680114746,0.0006219653878360987,0.0006511546671390533,0.00023982179118320346,0.000278760795481503,36.201113576815104,0.18739209636451779,0.3900301805894647,1.904726974429504,0.238090871803688,1.9388551712036133,1.933845043182373,2.844284951686859,2.942735195159912,4.825401782989502,0.058285318315029144,-0.0832032561302185
JPEG OKLab-tail,7,0.00016929663252085447,37.7135168035625,0.9583408236503601,0.9855015277862549,nan,nan,0.0016873952699825168,0.9531975984573364,0.9550432562828064,0.9248619377613068,0.9165047407150269,0.9125176668167114,0.03853851556777954,0.0014893265906721354,0.0015950006200000644,0.0002315652382094413,0.00024014601149247028,36.35326634870803,0.15145090781595028,0.29199217013383905,1.561959799181517,0.19524497489768963,2.531144142150879,2.5579023361206055,3.691373825073242,3.752210855484009,4.655022621154785,-0.17071138322353363,-0.5294830799102783
JPEG OKLab-tail,8,0.00010575047781458125,39.75717661666705,0.9883483648300171,0.9959582090377808,nan,nan,0.0008727319072932005,0.9859355688095093,0.9858319163322449,0.982172816991806,0.9792590141296387,0.9768220782279968,0.006572902202606201,0.0007001048652455211,0.0007413704879581928,0.00011573835217859596,0.0001180616563942749,39.365227051834395,0.04090970708751717,0.0767427382878164,1.1474578077412865,0.1434322259676608,2.730750322341919,2.764683485031128,3.483852744102478,3.5338640213012695,4.524378299713135,0.29678136110305786,-0.7942229509353638
JPEG OKLab-tail,9,0.000201496368390508,36.957327768289545,0.9825459718704224,0.9932388067245483,nan,nan,0.002821097383275628,0.9802110195159912,0.9806376695632935,0.9719052910804749,0.9653805494308472,0.9632238149642944,0.015257120132446289,0.0006061341846361756,0.0007882385398261249,0.00027146106003783643,0.0002808470744639635,35.66292459347955,0.14669520897231558,0.2570738221107129,1.4309188529144417,0.1788648566143052,2.5575785636901855,2.546980619430542,3.479443907737732,3.5597851276397705,5.149157524108887,0.09910054504871368,-0.09372829645872116
JPEG OKLab-tail,10,0.00011610189540078864,39.35160690206437,0.9676524996757507,0.988757312297821,nan,nan,0.0026356177404522896,0.9636830687522888,0.9610179662704468,0.9499712586402893,0.9445558786392212,0.9409796595573425,0.016462087631225586,0.001419329084455967,0.0014518985990434885,0.00013365437916945666,0.00013435282744467258,38.74016807068514,0.06460122887644977,0.12141635647705928,1.2149120098244501,0.15186400122805627,2.699902057647705,2.712587833404541,3.5362581610679626,3.597945213317871,4.691690444946289,0.11513562500476837,-0.3190467655658722
JPEG OKLab-tail,11,0.00016239519754890352,37.89426818129634,0.9601306915283203,0.9860574007034302,nan,nan,0.0019823950715363026,0.9579787254333496,0.9648930430412292,0.9172991514205933,0.8943437337875366,0.8908880949020386,0.07054930925369263,0.0021759644150733948,0.0023879692889750004,0.00020040520757902414,0.000208820329135051,36.98090997408337,0.10088286602133383,0.17791374099673238,1.2950844473176266,0.16188555591470333,2.5945072174072266,2.5955734252929688,3.5764917135238647,3.61849308013916,4.277456283569336,-0.32782140374183655,-0.28758591413497925
JPEG OKLab-tail,12,0.00011369714047759771,39.442504578313226,0.9757346510887146,0.9917823672294617,nan,nan,0.00233543966896832,0.971096396446228,0.9743890166282654,0.9494698643684387,0.9377924799919128,0.9289304614067078,0.03659653663635254,0.006033335346728563,0.010149982757866383,0.00013255723752081394,0.00013387783110374585,38.77596555146715,0.08013605666707554,0.14533554929418563,1.2244382201815218,0.15305477752269023,2.5477519035339355,2.5746471881866455,3.361388087272644,3.4023754596710205,4.169742107391357,-0.13690495491027832,-0.2509608268737793
JPEG OKLab-tail,13,0.00017418204515706748,37.58996614489617,0.9897040128707886,0.9955238103866577,nan,nan,0.002028738148510456,0.9880973100662231,0.9895602464675903,0.982358992099762,0.9793103933334351,0.9775614738464355,0.010249853134155273,0.0010884611401706934,0.0014617831911891699,0.00020759308245033026,0.0002159578216378577,36.82787122421384,0.0741819004992957,0.1336850857936068,1.2566136654858255,0.1570767081857282,2.47511625289917,2.4778475761413574,3.5567315220832825,3.641998291015625,5.105253219604492,0.23664987087249756,-0.8715583086013794
JPEG OKLab-tail,14,0.00011443815310485661,39.41429159804575,0.9515374898910522,0.9830424189567566,nan,nan,0.003560149110853672,0.9489120244979858,0.9511592388153076,0.9288653135299683,0.9170412421226501,0.9061754941940308,0.03411799669265747,0.0056084031239151955,0.007199225481599569,0.00013621435209643096,0.00013994234541314654,38.65777130984884,0.08367908920166914,0.14596852197367768,1.2357814289623084,0.15447267862028854,1.9304405450820923,1.9555991888046265,2.625335931777954,2.6833009719848633,3.632899522781372,0.10239685326814651,-0.24306997656822205
JPEG OKLab-tail,15,0.00018122908659279346,37.41772098419763,0.9887754917144775,0.9959791898727417,nan,nan,0.0017197602428495884,0.9859151840209961,0.9880042672157288,0.9758143424987793,0.9736501574516296,0.9735702276229858,0.014354109764099121,0.0008178413845598698,0.0011039517121389508,0.00022865577193442732,0.0002344259701203555,36.408178312934325,0.11308262844503282,0.1979919914081367,1.3023994571689868,0.16279993214612334,2.655935764312744,2.6702935695648193,3.818411946296692,3.977186441421509,6.828158378601074,0.429147869348526,-0.644776463508606
JPEG OKLab-tail,16,0.00013736482651438564,38.62124458006293,0.9638702869415283,0.9886814951896667,nan,nan,0.002939532743766904,0.9597742557525635,0.9699090719223022,0.9175969958305359,0.9020144939422607,0.8971461057662964,0.0678945779800415,0.0010344518814235926,0.0010692313080653548,0.00015704170800745487,0.00016182275430765003,38.03984989935184,0.06109646995224774,0.11005251775097738,1.195201160293362,0.14940014503667026,2.493618965148926,2.5248773097991943,3.5362104177474976,3.585599660873413,4.4769086837768555,0.031515415757894516,-0.16603317856788635
JPEG OKLab-tail,17,0.00013992024469189346,38.541194440364826,0.9600070714950562,0.9856101274490356,nan,nan,0.0038403647486120462,0.9577136635780334,0.9624240398406982,0.9260776937007904,0.9224849939346313,0.9224638938903809,0.039939045906066895,0.0051429313607513905,0.00594561081379652,0.00016923781367950141,0.0001734546312945895,37.71502593793717,0.09450867236881257,0.1658882059087019,1.240560946844625,0.15507011835557813,2.213139057159424,2.231745958328247,3.0506805181503296,3.1056153774261475,4.409008026123047,1.1459767818450928,-1.3196589946746826
JPEG OKLab-tail,18,0.00017783524526748806,37.499821617671046,0.9855329990386963,0.9945701360702515,nan,nan,0.0020275525748729706,0.9837394952774048,0.9838817119598389,0.9771190881729126,0.9743462800979614,0.9733356237411499,0.009535431861877441,0.000766729936003685,0.0008308621472679079,0.00021791926701553166,0.0002251082769362256,36.61704370540277,0.11014736585478704,0.19710127749455028,1.2987517437146445,0.16234396796433057,2.2645645141601562,2.2447941303253174,3.571014642715454,3.69633412361145,5.4759931564331055,0.16561518609523773,-0.09703031927347183
JPEG OKLab-tail,19,0.00028580159414559603,35.43935353128306,0.9866628646850586,0.9947700500488281,nan,nan,0.0018490628572180867,0.9841850996017456,0.9847406148910522,0.9791598916053772,0.978325605392456,0.9776517152786255,0.006415009498596191,0.0007069969433359802,0.0007922060322016478,0.0003796367673203349,0.0003819046978605911,34.20631733359923,0.1290881573386915,0.2555140835644372,1.4848723279728104,0.1856090409966013,2.2768545150756836,2.2362091541290283,3.7162229418754578,3.896477460861206,6.9997663497924805,0.32878127694129944,-0.3250426948070526
JPEG OKLab-tail,20,0.00013696284440811723,38.63397233260364,0.9784256815910339,0.9925286173820496,nan,nan,0.002578316256403923,0.9744517803192139,0.9802775382995605,0.9554316103458405,0.94719398021698,0.9443682432174683,0.033083558082580566,0.0012833098880946636,0.0017015187768265605,0.00015406800957862288,0.00015653425725759007,38.122875280938125,0.056942767316082644,0.1018153857839963,1.144833621229993,0.14310420265374912,2.3306734561920166,2.341054916381836,2.966640830039978,3.0203964710235596,4.045095443725586,-0.38023641705513,0.028156956657767296
JPEG OKLab-tail,21,0.0002293149591423571,36.39567613560192,0.9860653877258301,0.9951357841491699,nan,nan,0.0021173986606299877,0.9822628498077393,0.984161913394928,0.9704296886920929,0.9608834981918335,0.9544268846511841,0.023278415203094482,0.0004778615548275411,0.00048469752073287964,0.00029285522759892046,0.00029508119041565806,35.333470192129326,0.12898111049994246,0.23063291115967488,1.3538410435077455,0.16923013043846818,2.6092700958251953,2.6056394577026367,4.084689378738403,4.216762542724609,6.218087673187256,0.5001527667045593,-0.3243757486343384
JPEG OKLab-tail,22,0.0001371788966935128,38.62712694419988,0.95521080493927,0.9854077100753784,nan,nan,0.0013608213048428297,0.9517615437507629,0.9531803131103516,0.9232470989227295,0.9166415929794312,0.9132701754570007,0.03653872013092041,0.0007354174740612507,0.0008551653590984643,0.00018416675447952002,0.00019399849043111317,37.34788765285798,0.1339610649529697,0.23800684164398664,1.4379556800779751,0.1797444600097469,1.965842366218567,1.9666264057159424,2.877070188522339,2.927611827850342,3.7196009159088135,-0.08083592355251312,-0.09190841764211655
JPEG OKLab-tail,23,0.000147382277646102,38.31554736173314,0.9549371004104614,0.9841222763061523,nan,nan,0.001730509102344513,0.951384961605072,0.9497412443161011,0.928181529045105,0.92087322473526,0.9162553548812866,0.028868019580841064,0.0006818934343755245,0.000752127671148628,0.0001810285757528618,0.0001860482298070565,37.422528653947005,0.10228428371596009,0.17955335137308293,1.2645501327065483,0.15806876658831853,2.023347854614258,2.0369579792022705,3.5509853959083557,3.5962631702423096,4.557263374328613,0.3389144539833069,-0.30300644040107727
JPEG OKLab-tail,24,0.00014172089868225157,38.48566102376785,0.968908429145813,0.9894387125968933,nan,nan,0.004212088882923126,0.9643751382827759,0.9661720991134644,0.949255496263504,0.9479631781578064,0.9469391703605652,0.01820892095565796,0.004021747969090939,0.005070301238447428,0.0001584889250807464,0.00015989865642040968,38.00001080098373,0.060008503243324005,0.11096978012193842,1.157398609601161,0.14467482620014513,2.6235384941101074,2.62066650390625,3.453435182571411,3.5422613620758057,4.8567352294921875,1.284470796585083,-1.487097978591919
JPEG OKLab-tail,25,0.00014589809870813042,38.35950367640117,0.9671157598495483,0.988978385925293,nan,nan,0.003391790669411421,0.9626880288124084,0.9594569206237793,0.9488803446292877,0.9449646472930908,0.9444155693054199,0.014492273330688477,0.004710306879132986,0.004824057221412659,0.0002177280402975157,0.0002274578255310189,36.620856363595145,0.19450158576734358,0.3553301400805814,1.6631162924820786,0.20788953656025982,2.291767120361328,2.287269115447998,3.4994192123413086,3.5982766151428223,5.253171443939209,0.11512413620948792,-0.23666250705718994
JPEG OKLab-tail,26,0.0001489343703724444,38.270050662465785,0.961944043636322,0.9853055477142334,nan,nan,0.005089553073048592,0.9606418013572693,0.9638216495513916,0.9429998993873596,0.9364128112792969,0.9316997528076172,0.027408838272094727,0.003680482041090727,0.004666144028306007,0.00017684292106423527,0.000182819629117148,37.52412320097303,0.0802555654746371,0.1416165036228564,1.2417985613527314,0.15522482016909142,3.2136077880859375,3.230700969696045,4.054052352905273,4.122069835662842,5.212488174438477,0.7108574509620667,-1.295494794845581
JPEG OKLab-tail,27,0.00015388049359899014,38.128164292863694,0.968087911605835,0.9887685775756836,nan,nan,0.0022471435368061066,0.9647737741470337,0.9792509078979492,0.9263309836387634,0.9241933822631836,0.9233266711235046,0.055057525634765625,0.0026109456084668636,0.0026956088840961456,0.0001765535125741735,0.0001769050031725783,37.531236376228,0.08208914951584306,0.15074954809426885,1.165362136713847,0.14567026708923086,2.3458733558654785,2.384455442428589,3.6209240555763245,3.674135446548462,4.777711868286133,1.330390453338623,-1.2337679862976074
JPEG OKLab-tail,28,0.00012331946345511824,39.08968373492954,0.9661589860916138,0.9878290891647339,nan,nan,0.0017601433210074902,0.9630623459815979,0.966608464717865,0.9476374089717865,0.9418712854385376,0.9392328262329102,0.024737179279327393,0.000973647809587419,0.001309752813540399,0.00014913594350218773,0.0001521744234196376,38.264176738950574,0.07750019486887554,0.1395026751894295,1.2554487174003122,0.15693108967503902,2.333904504776001,2.3378825187683105,3.140685260295868,3.189955472946167,4.4302778244018555,-0.06781008094549179,-0.14479254186153412
JPEG OKLab-tail,29,0.00011574800737434998,39.36486476714097,0.9721850156784058,0.9907035827636719,nan,nan,0.0016523308586329222,0.9689056873321533,0.9660149216651917,0.9555747509002686,0.9471969604492188,0.9435672163963318,0.0188179612159729,0.0021186424419283867,0.0021721997763961554,0.00013382211909629405,0.00013957052578916773,38.7347209727425,0.06697769759043226,0.11796738021000898,1.2085934693568574,0.15107418366960718,2.425107479095459,2.448101043701172,3.148413300514221,3.2048733234405518,4.4849724769592285,-0.1182042807340622,-0.31158050894737244
JPEG OKLab-tail,30,0.00012567405065055937,39.0075438677449,0.9887744784355164,0.9960974454879761,nan,nan,0.0015871215146034956,0.985780656337738,0.9854604005813599,0.9824844002723694,0.9799671173095703,0.9778496623039246,0.005493283271789551,0.00060632498934865,0.0006427272455766797,0.00013858237070962787,0.00013914382725488394,38.58292013522865,0.04886772493503984,0.08699116764765524,1.129452472712563,0.14118155908907037,2.8119730949401855,2.856149196624756,3.6346689462661743,3.6850998401641846,4.639181137084961,-0.197464257478714,-0.11741774529218674
JPEG OKLab-tail,31,0.00013075741298962384,38.835336804398274,0.988299548625946,0.9957687258720398,nan,nan,0.0008945041336119175,0.9858304858207703,0.9868096113204956,0.9811710119247437,0.9767805337905884,0.9739708304405212,0.010029077529907227,0.00036347354762256145,0.00036982950405217707,0.0001547300926176831,0.00015908922796370462,38.10425214504522,0.07990627806470929,0.1414739154198994,1.2195008106911278,0.15243760133639098,2.139016628265381,2.1535661220550537,2.9597299695014954,3.038637161254883,4.98514461517334,-0.16443270444869995,-0.03923885524272919
JPEG OKLab-tail,32,0.00012561432959046215,39.00960815160212,0.9711770415306091,0.9898015856742859,nan,nan,0.0015839338302612305,0.9684760570526123,0.9783617854118347,0.9235138297080994,0.9097157716751099,0.9037882685661316,0.06864601373672485,0.001775947050191462,0.0020541043486446142,0.00015101084136404097,0.00015209158664220013,38.20991872736204,0.0873116139871144,0.15459745663602328,1.2122787424648391,0.1515348428081049,2.285428524017334,2.2976837158203125,3.0896449089050293,3.1390738487243652,3.890901565551758,-0.13505740463733673,-0.21534207463264465
JPEG OKLab-tail,33,0.00012516608694568276,39.025133248591615,0.95381760597229,0.9827949404716492,nan,nan,0.003714239690452814,0.9513384103775024,0.9490638375282288,0.9396113157272339,0.9364830255508423,0.935417652130127,0.012580811977386475,0.001285982085391879,0.0015478349523618817,0.00013862320338375866,0.0001434991972928401,38.581640694492826,0.044838574162632004,0.08013892207181553,1.1509629900172917,0.14387037375216147,2.900477409362793,2.907125949859619,3.6556286215782166,3.7035224437713623,4.639612197875977,0.15499627590179443,-0.7128347158432007
JPEG OKLab-tail,34,0.00011995508248219267,39.209813463021646,0.9895340800285339,0.996408224105835,nan,nan,0.0010311345104128122,0.9869503974914551,0.9897087812423706,0.9761560261249542,0.971078634262085,0.9665240049362183,0.018630146980285645,0.0004952438757754862,0.0005261256592348218,0.00013664504513144493,0.00013958780618850142,38.64406111582633,0.06177577113210767,0.11051050715158589,1.1938325740183113,0.14922907175228892,2.5504846572875977,2.5823798179626465,3.5125508904457092,3.567413806915283,4.807218551635742,0.10177023708820343,-0.33401721715927124
JPEG OKLab-tail,35,0.00019796132983174175,37.03419637419744,0.943203866481781,0.9794833660125732,nan,nan,0.0039853909984230995,0.9411669373512268,0.9399401545524597,0.9151099920272827,0.903596043586731,0.8961064219474792,0.03634411096572876,0.00272555323317647,0.002824960509315133,0.0002957350807264447,0.00031255804060492665,35.29097155479785,0.19674565746879943,0.35301087145619087,1.6514801414503766,0.20643501768129707,2.560300350189209,2.5708484649658203,3.943272054195404,4.060765743255615,5.882256984710693,0.42670974135398865,-0.4031566381454468
JPEG OKLab-tail,36,0.00012129411334171891,39.16160275846077,0.9761566519737244,0.992247462272644,nan,nan,0.002006299328058958,0.9736020565032959,0.9772663712501526,0.959055483341217,0.9525980949401855,0.9510523080825806,0.02466827630996704,0.0005986207397654653,0.0006024013855494559,0.00013968558050692081,0.0001435737794963643,38.54848423016014,0.06458415147933926,0.11407519480490985,1.1939337897631237,0.14924172372039046,2.2945473194122314,2.295814037322998,3.1481147408485413,3.211256980895996,4.4350972175598145,0.24667690694332123,-0.2851451337337494
JPEG OKLab-tail,37,0.00019767798949033022,37.040416846319566,0.9653644561767578,0.9872702956199646,nan,nan,0.002229391597211361,0.9598068594932556,0.9568182826042175,0.9458207488059998,0.9380623698234558,0.932260274887085,0.01875591278076172,0.0005633960827253759,0.0005741844652220607,0.0002392906171735376,0.0002410347806289792,36.21074330177398,0.09224129789640827,0.16116520213507454,1.2228530047378998,0.15285662559223748,2.0212647914886475,1.988378643989563,2.9962944984436035,3.0846824645996094,4.8755927085876465,0.1484123021364212,0.0983099639415741
JPEG OKLab-tail,38,0.0002728882827796042,35.64015111576013,0.9725381731987,0.9893789291381836,nan,nan,0.0019227451412007213,0.9678853750228882,0.9729272127151489,0.9404369592666626,0.914536714553833,0.9036307334899902,0.05839049816131592,0.0010285309981554747,0.0012003023875877261,0.00035212887451052666,0.0003687599892145954,34.53298361392654,0.13383366154870127,0.23513540764622384,1.3602232436418409,0.1700279054552301,2.301177501678467,2.287365436553955,3.7780120968818665,3.8787662982940674,5.962441444396973,0.5121423006057739,-0.17810854315757751
JPEG OKLab-tail,39,9.583696373738348e-05,40.184669538548874,0.9494869112968445,0.9858485460281372,nan,nan,0.004171842243522406,0.9471920728683472,0.943200945854187,0.9353605806827545,0.9307001829147339,0.9275144338607788,0.012500762939453125,0.0018396663945168257,0.002459549345076084,0.00014861561066936702,0.00015591435658279806,38.279355696367865,0.22327486902189167,0.41573436057432867,1.7621190526463155,0.22026488158078944,1.5869417190551758,1.6172970533370972,2.565761089324951,2.652120351791382,3.891951084136963,0.33603501319885254,-0.4195297658443451
JPEG OKLab-tail,40,0.0001479743659729138,38.298135121775644,0.9901442527770996,0.9964525103569031,nan,nan,0.0009758148808032274,0.9877899885177612,0.9897409677505493,0.9798491597175598,0.9792630672454834,0.9791134595870972,0.010477900505065918,0.0003502331383060664,0.00039749444113112986,0.00016578493523411453,0.0001687956137175206,37.80454936041141,0.045829791528278895,0.08432261996048304,1.1649648270331459,0.14562060337914323,2.6086056232452393,2.620546817779541,3.5092400908470154,3.5855000019073486,5.278215408325195,0.15150493383407593,-0.27810364961624146
JPEG OKLab-tail,41,0.00019049715774599463,37.20111499696704,0.9344692230224609,0.9763862490653992,nan,nan,0.0035052732564508915,0.9324063062667847,0.9272992610931396,0.9066158831119537,0.9009790420532227,0.8957697749137878,0.026320219039916992,0.0026202513836324215,0.002640537219122052,0.00024682882940396667,0.00025833538529695943,36.076041164384655,0.1191817724045401,0.21070745632681934,1.3805066264405268,0.17256332830506585,1.6027464866638184,1.6193287372589111,2.746355652809143,2.8495030403137207,4.505075931549072,1.4368469715118408,-1.1243138313293457
JPEG OKLab-tail,42,0.00012889450590591878,38.897655939390276,0.9664296507835388,0.9883689880371094,nan,nan,0.003503586631268263,0.9621387720108032,0.9578362107276917,0.9394340217113495,0.9352874755859375,0.9342978000640869,0.02254873514175415,0.004017008002847433,0.005395468324422836,0.00014432769967243075,0.00014903100600349717,38.40650310206438,0.06127963584335683,0.11238414386115628,1.1706251262273077,0.14632814077841347,2.5177416801452637,2.550121545791626,3.3615338802337646,3.416259527206421,4.652729034423828,-0.023429278284311295,-0.33460164070129395
JPEG OKLab-tail,43,0.0003265515260864049,34.8604828229258,0.913806676864624,0.968352198600769,nan,nan,0.01270842831581831,0.9133782982826233,0.8946404457092285,0.8843146562576294,0.8833389282226562,0.8830161094665527,0.011301517486572266,0.007920547388494015,0.008103813976049423,0.00037803969462402165,0.0003804356965702027,34.22462596323949,0.09964906226019604,0.1974753921822943,1.1716810524401278,0.14646013155501597,4.641508102416992,4.668294906616211,5.575394630432129,5.613758563995361,6.464382171630859,-2.391587257385254,-0.24413147568702698
JPEG OKLab-tail,44,0.00024348469742108136,36.13528328225191,0.9113306403160095,0.983228325843811,nan,nan,0.0021253391169011593,0.905571699142456,0.9009782075881958,0.8403781950473785,0.8319554328918457,0.8286536931991577,0.0690227746963501,0.0017227905336767435,0.0017935456708073616,0.00037331521161831915,0.00042687675886554644,34.27924313349078,0.19357237710010722,0.3641718700670539,1.7883094448215193,0.22353868060268992,2.2133357524871826,2.2331652641296387,3.1597887873649597,3.2263033390045166,4.433736801147461,2.1831212043762207,-1.79207444190979
JPEG OKLab-tail,45,0.00011976077075814828,39.21685417617129,0.9758526682853699,0.9916185140609741,nan,nan,0.002502563875168562,0.972700834274292,0.9750160574913025,0.9643380641937256,0.9613534212112427,0.9590875506401062,0.013662636280059814,0.0008618113351985812,0.0010277966503053904,0.00013173226034268737,0.00013259582556202076,38.80307856221692,0.047926950499568764,0.08856431753327297,1.144691525946008,0.143086440743251,2.3099002838134766,2.3224539756774902,3.1238688230514526,3.1902525424957275,4.3667378425598145,-0.23712211847305298,-0.09833309054374695
JPEG OKLab-tail,46,0.00026631864602677524,35.745984258139714,0.986598014831543,0.9941429495811462,nan,nan,0.0018935425905510783,0.9858430027961731,0.9860241413116455,0.9837739169597626,0.9815186858177185,0.979449450969696,0.004505455493927002,0.0008459053351543844,0.0008903797133825719,0.0002955371455755085,0.00030105802579782903,35.293879255962004,0.04996809785677129,0.08772741216861255,1.1404273359976917,0.14255341699971147,3.0419492721557617,3.032245635986328,3.749454140663147,3.796813488006592,5.238963603973389,0.20020118355751038,0.1833326518535614
JPEG OKLab-tail,47,0.00010786682105390355,39.67112120183534,0.9643134474754333,0.9876741170883179,nan,nan,0.004170970991253853,0.9611380100250244,0.9564682245254517,0.9369882047176361,0.9314178824424744,0.9311057925224304,0.025050342082977295,0.01214536838233471,0.015201397240161896,0.00012932030949741602,0.00013515587852452882,38.88333264678645,0.07809937149091838,0.14058575336334317,1.2631744775618436,0.15789680969523046,2.392721652984619,2.4343414306640625,3.344303011894226,3.4004008769989014,4.48507022857666,0.31922250986099243,-0.6274585723876953
JPEG OKLab-tail,48,0.00019028510723728687,37.205952006660254,0.9860401153564453,0.9947757720947266,nan,nan,0.0012383952271193266,0.9828341603279114,0.9830986857414246,0.9765896201133728,0.975357174873352,0.9753422141075134,0.00774151086807251,0.001026376150548458,0.0011438112705945969,0.00023315619910135865,0.0002390821900917217,36.32353033137981,0.11389897124934385,0.20450838310236985,1.2571736142789354,0.15714670178486692,2.702960252761841,2.711237668991089,3.8951395750045776,4.0202202796936035,5.570775032043457,0.023780621588230133,-0.32036229968070984
JPEG OKLab-tail,49,0.00013004826905671507,38.858954238919445,0.9826159477233887,0.99391770362854,nan,nan,0.002342012943699956,0.9796674251556396,0.9870239496231079,0.9573785662651062,0.9555298089981079,0.9537009596824646,0.031494140625,0.0009913024259731174,0.0010704468004405499,0.0001459614431951195,0.00014751290291314945,38.35761851195454,0.0485862732498877,0.08896001930780027,1.16179132860432,0.14522391607554,2.507582187652588,2.5425679683685303,3.4058406949043274,3.4692718982696533,4.543379306793213,0.7303262948989868,-1.094442367553711
