method,image_index,global_ciede2000,ciede2000_top10,ciede2000_p95,global_chroma,chroma_top10,chroma_p95,global_mse,global_psnr,global_ssim,global_ms_ssim,full_lpips,top25_local_psnr,patch_mse_p95,gini,cv,top10_over_mean,top10_energy_share,ber50,ber40,ber30
Hard Top10 incumbent,0,4.076123237609863,5.4470133781433105,5.381059646606445,0.009926673956215382,0.01334632933139801,0.013135079760104418,0.00018162495689466596,37.40824475765696,0.9784901142120361,0.9928147792816162,0.0024879968259483576,36.646978811921,0.00022088269179221243,0.08206917053596566,0.14355418555144484,1.2257110333725727,0.1532138791715716,0.0125,0.0375,0.1125
Hard Top10 incumbent,1,2.8822531700134277,4.5232768058776855,4.4011160135269165,0.012403959408402443,0.017840158194303513,0.017403867095708847,0.00041680040885694325,33.80071863690712,0.9747650027275085,0.9913520216941833,0.0022959569469094276,33.30412110077794,0.000469049351522699,0.049694953978436915,0.08844890038487627,1.1294419027643103,0.1411802378455388,0.0125,0.05,0.11875
Hard Top10 incumbent,2,2.868485450744629,5.741281509399414,5.531330704689026,0.012808471918106079,0.022606996819376945,0.021726615261286497,0.0004317543935030699,33.64763234387183,0.9528807997703552,0.982941746711731,0.0027716560289263725,32.020686895905946,0.0006668597779935226,0.170142983299291,0.3055941864687122,1.545166356599734,0.19314579457496675,0.015625,0.046875,0.109375
Hard Top10 incumbent,3,3.7057104110717773,5.015528678894043,4.932538151741028,0.010759197175502777,0.015214952640235424,0.014519758988171816,0.00024186588416341692,36.164253857285104,0.9824622869491577,0.9940563440322876,0.0027064441237598658,35.36652893752235,0.0002920573970186524,0.07869602628308889,0.14295342963357854,1.2395571442250422,0.15494464302813027,0.015625,0.04375,0.115625
Hard Top10 incumbent,4,3.5902035236358643,4.985129356384277,4.913462400436401,0.009528782218694687,0.014338070526719093,0.012915779370814562,0.0001742931635817513,37.58719647181163,0.9729529619216919,0.9910751581192017,0.0012454601237550378,36.9178210387052,0.00020817456970689818,0.06753927250949018,0.11992405771525105,1.2136377646490109,0.15170472058112636,0.0125,0.034375,0.078125
Hard Top10 incumbent,5,3.119865655899048,4.848857879638672,4.760980248451233,0.01007882785052061,0.013633551076054573,0.013371298089623451,0.00022181541135068983,36.54008283110003,0.948971152305603,0.9837803244590759,0.0014353584265336394,35.86161664720192,0.00026456745399627835,0.06958948771369489,0.12469058028786952,1.2274161541444615,0.15342701926805768,0.015625,0.059375,0.084375
Hard Top10 incumbent,6,3.2197885513305664,5.198159217834473,5.016276717185974,0.012345557101070881,0.018584560602903366,0.01796987932175398,0.00036805530544370413,34.3408691761902,0.9508849382400513,0.9829318523406982,0.004021580331027508,32.657412865978515,0.00055378170509357,0.19764440705121195,0.3494907743170053,1.5425550990067314,0.19281938737584142,0.00625,0.021875,0.065625
Hard Top10 incumbent,7,2.9410769939422607,4.915959358215332,4.8308128118515015,0.010030913166701794,0.01393391378223896,0.013639278942719102,0.00021505857876036316,36.6744322860872,0.9293341636657715,0.9757668375968933,0.0023286629002541304,35.91413571583396,0.00026065364363603294,0.08508590491281358,0.1601964317144704,1.2836453241594403,0.16045566551993004,0.0125,0.05,0.128125
Hard Top10 incumbent,8,3.190973997116089,5.220807075500488,5.132696270942688,0.010677500627934933,0.013574252836406231,0.013403452234342694,0.0002436069044051692,36.13310406915302,0.962427020072937,0.98686283826828,0.001727286376990378,35.06094355372478,0.0003201654981239699,0.11478971764586833,0.2020620420028008,1.3209793693753953,0.1651224211719244,0.009375,0.034375,0.103125
Hard Top10 incumbent,9,3.2974202632904053,5.327218055725098,5.229811310768127,0.0099820327013731,0.013564595021307468,0.01331855054013431,0.00019342017185408622,37.13498235175021,0.9562244415283203,0.9853336215019226,0.002034291857853532,36.45934396285651,0.0002288616742589511,0.06925176147893759,0.12290888680831094,1.211923822410623,0.15149047780132788,0.009375,0.04375,0.13125
Hard Top10 incumbent,10,3.706392288208008,5.365856170654297,5.253622531890869,0.010455336421728134,0.014020553790032864,0.013748274883255363,0.00018251904111821204,37.386918215022874,0.9519518613815308,0.9834449291229248,0.0025147104170173407,36.69428378690209,0.00022305468883132562,0.06864717023929573,0.12226998735005222,1.229636427935347,0.1537045534919184,0.009375,0.025,0.096875
Hard Top10 incumbent,11,3.5808167457580566,5.412829399108887,5.305062532424927,0.010377835482358932,0.013827567920088768,0.013504100497812033,0.00019924425578210503,37.0061419047436,0.9609479308128357,0.9869364500045776,0.0008085357258096337,36.698057930409945,0.0002164824072679039,0.03669444351438231,0.06757095384283761,1.0961227455607678,0.13701534319509598,0.01875,0.025,0.096875
Hard Top10 incumbent,12,3.802635431289673,5.3530659675598145,5.254103660583496,0.011197016574442387,0.017064306885004044,0.016303181182593107,0.00025585299590602517,35.92009493298714,0.958317220211029,0.9863563776016235,0.0017482067923992872,34.210929338247446,0.0004649666225304827,0.16313351072519838,0.33986075288450696,1.8324209575108292,0.22905261968885365,0.015625,0.0375,0.09375
Hard Top10 incumbent,13,3.8201489448547363,5.000199794769287,4.935299754142761,0.0106132123619318,0.013578377664089203,0.0133987320587039,0.00019051360141020268,37.200740131299305,0.9065389633178711,0.9668663740158081,0.004970905836671591,36.60801907299964,0.0002234946223325096,0.06877170398304461,0.12218837109355657,1.1770759154735393,0.1471344894341924,0.009375,0.028125,0.09375
Hard Top10 incumbent,14,3.8838930130004883,5.615691661834717,5.488884329795837,0.011527569964528084,0.016308899968862534,0.01579247834160924,0.00023754971334710717,36.24245489310634,0.9704107642173767,0.9896060824394226,0.0017845297697931528,35.272558200370014,0.00030811463511781767,0.11108201528815026,0.19378200165754927,1.3037333078437154,0.16296666348046443,0.00625,0.025,0.0875
Hard Top10 incumbent,15,3.8654143810272217,5.133393287658691,5.045266509056091,0.009502642787992954,0.01260879822075367,0.012379949446767569,0.00017291567928623408,37.62165624894054,0.9619514346122742,0.9873957633972168,0.0020408136770129204,37.10548563133789,0.00019784730102401227,0.05905982681825045,0.1037546196728701,1.1601712272233728,0.1450214034029216,0.021875,0.05,0.128125
Hard Top10 incumbent,16,3.6400232315063477,5.329873561859131,5.189571976661682,0.012060385197401047,0.01701662316918373,0.016187951434403658,0.0003576750459615141,34.4651135836726,0.9447396993637085,0.9803667068481445,0.0022316821850836277,32.9510766638176,0.0005379961658036336,0.17335434418636178,0.30593770406062365,1.530878233514253,0.19135977918928163,0.0125,0.0625,0.125
Hard Top10 incumbent,17,3.5176658630371094,5.17667293548584,5.061671733856201,0.010749908164143562,0.016923818737268448,0.016191093251109123,0.0002198835281888023,36.578073030841736,0.9548587799072266,0.985002875328064,0.0019400521414354444,35.83495194463039,0.0002679001772776246,0.0750179884762404,0.1381385623659083,1.2597108900627603,0.15746386125784503,0.015625,0.0625,0.125
Hard Top10 incumbent,18,3.842578411102295,5.642043590545654,5.551815152168274,0.011226112022995949,0.014925358816981316,0.014640267239883542,0.00023359981423709542,36.315275069185276,0.9699134230613708,0.9896965026855469,0.003880521282553673,35.37112737263758,0.00030331355083035305,0.09131945763464754,0.17443700441794865,1.3601601406472332,0.17002001758090415,0.015625,0.040625,0.096875
Hard Top10 incumbent,19,3.9583492279052734,5.348326206207275,5.262198328971863,0.010381803847849369,0.013770382851362228,0.01350145461037755,0.00020422077795956284,36.899000737372695,0.9801609516143799,0.9932574033737183,0.001265326514840126,36.21048818256013,0.0002481076880940236,0.07509024764334686,0.13366113510859542,1.2280292478877588,0.15350365598596985,0.00625,0.04375,0.09375
Hard Top10 incumbent,20,3.909498691558838,5.378070831298828,5.279219269752502,0.011806147173047066,0.016391269862651825,0.015907349530607462,0.0002676465956028551,35.724382763616156,0.9875869750976562,0.995768666267395,0.0007642418495379388,34.97953300838709,0.0003226096960133873,0.09172276400306259,0.1697289087495318,1.2668033514347117,0.15835041892933896,0.021875,0.0375,0.125
Hard Top10 incumbent,21,3.022379159927368,4.326700687408447,4.214774250984192,0.011107809841632843,0.014865128323435783,0.01432458939962089,0.00023110199254006147,36.361963100577874,0.9760794043540955,0.9916032552719116,0.0014143635053187609,35.8233010957145,0.0002696907758945599,0.0640606013760265,0.11315897565861344,1.171657503169794,0.14645718789622425,0.009375,0.05625,0.121875
Hard Top10 incumbent,22,3.121354818344116,4.949790954589844,4.855913400650024,0.009704142808914185,0.013219984248280525,0.012983005726709962,0.00021288990683387965,36.71844928088491,0.9318479299545288,0.9765529036521912,0.0020295786671340466,36.084451013077214,0.00024802701955195516,0.07345646435523309,0.1281155578103804,1.1795912152172723,0.14744890190215904,0.0125,0.034375,0.10625
Hard Top10 incumbent,23,3.800455093383789,5.273794174194336,5.177358627319336,0.01028553955256939,0.013561978004872799,0.013325338019058108,0.0002072642819257453,36.834755338882424,0.9508842825889587,0.9834994077682495,0.001113520236685872,35.9847980389607,0.00026202477602055296,0.08703065076831652,0.15476207587174745,1.2652181677104657,0.1581522709638082,0.0125,0.040625,0.11875
Hard Top10 incumbent,24,3.8363077640533447,5.217921733856201,5.12283992767334,0.011111631989479065,0.01541067473590374,0.015106776729226112,0.00023883242101874202,36.21906718942124,0.9833125472068787,0.9941905736923218,0.0020416472107172012,35.154672892596125,0.00031279160612029955,0.12206161730180363,0.2291212158052392,1.4165542814444625,0.1770692851805578,0.009375,0.05,0.109375
Hard Top10 incumbent,25,3.588120937347412,5.263232707977295,5.140643000602722,0.011130324564874172,0.016446145251393318,0.016064738854765892,0.0002417759969830513,36.1658681718595,0.9587985873222351,0.9861146807670593,0.0020700350869446993,34.826493775967826,0.0003358091926202178,0.12907485728645615,0.23806371212324068,1.4469453967679582,0.18086817459599477,0.015625,0.05,0.121875
Hard Top10 incumbent,26,4.31631326675415,5.790628433227539,5.6887946128845215,0.011627543717622757,0.015294562093913555,0.015048214234411716,0.00016851512191351503,37.73361121089845,0.9227298498153687,0.973137378692627,0.002060108119621873,37.05255147041707,0.00020290620159357786,0.06151940099358108,0.12010426367099576,1.2505866106050796,0.15632332632563495,0.021875,0.0625,0.13125
Hard Top10 incumbent,27,3.1646523475646973,5.051907539367676,4.948616981506348,0.012132258154451847,0.016631705686450005,0.016414891462773085,0.00020830125140491873,36.81308120947029,0.9313461184501648,0.9791260957717896,0.0009216431062668562,36.29573926052237,0.00024051282525761053,0.04781304410806353,0.08630740187566008,1.1592669563706517,0.14490836954633146,0.0125,0.065625,0.121875
Hard Top10 incumbent,28,3.269686698913574,5.7668137550354,5.6507368087768555,0.012554185464978218,0.01791541464626789,0.01746562635526061,0.0003528970992192626,34.52351911484874,0.93914794921875,0.9774324297904968,0.002671614056453109,34.00410751740121,0.00040421860467176884,0.06447080974521117,0.11378782428745102,1.146251937968833,0.14328149224610412,0.015625,0.065625,0.13125
Hard Top10 incumbent,29,3.584611415863037,5.113766193389893,5.023734450340271,0.009869232773780823,0.012934737838804722,0.012703459011390805,0.00018999601888936013,37.212554990076804,0.9446812868118286,0.9812860488891602,0.0016636868240311742,36.65492620763236,0.0002212120707554277,0.07182848200784864,0.12827199131412925,1.167757073899795,0.1459696342374744,0.009375,0.071875,0.128125
Hard Top10 incumbent,30,3.787559986114502,5.317046642303467,5.217154383659363,0.011669635772705078,0.01770715042948723,0.016890806145966053,0.0002217334695160389,36.54168747440163,0.970526397228241,0.989859938621521,0.002253596903756261,35.451804836332286,0.00031998577469494194,0.10738470546308682,0.2027580247250103,1.4478159758642035,0.18097699698302544,0.015625,0.046875,0.121875
Hard Top10 incumbent,31,3.890197515487671,5.394260883331299,5.303711175918579,0.011022425256669521,0.015139983035624027,0.014812881592661142,0.0002131623768946156,36.71289445747413,0.9742658138275146,0.9914482831954956,0.0020840680226683617,35.961694327939526,0.0002686733569134958,0.09155831818987037,0.16341413946654734,1.2726064614186048,0.1590758076773256,0.009375,0.046875,0.103125
Hard Top10 incumbent,32,4.016460418701172,5.355838298797607,5.232113361358643,0.010394210927188396,0.014939450658857822,0.014005889650434256,0.0002329968410776928,36.32649967007572,0.9195423126220703,0.9722445011138916,0.0029406119138002396,35.36986283980808,0.00030718657217221335,0.09673884556892265,0.1981799484242575,1.4238206825664288,0.1779775853208036,0.025,0.0375,0.1125
Hard Top10 incumbent,33,3.5234360694885254,5.637893199920654,5.540948271751404,0.009859244339168072,0.014412789605557919,0.01418080530129373,0.00019595801131799817,37.07836976635599,0.9556375741958618,0.9846959114074707,0.0012381208362057805,36.382914989098396,0.00023209107530419715,0.09531244318065654,0.17361243646823543,1.2064577104889005,0.15080721381111256,0.021875,0.025,0.10625
Hard Top10 incumbent,34,3.7992541790008545,5.272130966186523,5.197453022003174,0.010252210311591625,0.013520780019462109,0.013295628828927875,0.0002069338079309091,36.84168550424724,0.9726161956787109,0.9907289743423462,0.0031484635546803474,35.41893462682333,0.0003216744153178297,0.13763688098454627,0.27869402368003154,1.643079466149217,0.20538493326865212,0.01875,0.046875,0.109375
Hard Top10 incumbent,35,3.630038022994995,5.059312343597412,4.962983131408691,0.01140240766108036,0.016417568549513817,0.016032271087169647,0.00026458196225576103,35.77439766950528,0.9614996314048767,0.9867449998855591,0.002336225938051939,34.695543760971226,0.00034851070813601837,0.12116084847566021,0.21163228803048031,1.3404248694323706,0.16755310867904633,0.015625,0.04375,0.084375
Hard Top10 incumbent,36,3.827125072479248,5.33815336227417,5.235717415809631,0.011292306706309319,0.015182259492576122,0.014871139079332352,0.00021815457148477435,36.61235681829994,0.9825090765953064,0.9939682483673096,0.002606357680633664,35.86106980547979,0.00026673565298551694,0.08267866310570822,0.14893145406013147,1.2661369187323497,0.1582671148415437,0.025,0.046875,0.15
Hard Top10 incumbent,37,3.235419511795044,5.176832675933838,5.064380645751953,0.010551903396844864,0.014132997021079063,0.013802011730149388,0.00020403112284839153,36.903035803664295,0.9461173415184021,0.9820729494094849,0.002339586615562439,36.09521065454587,0.0002506958189769648,0.08371645343188566,0.1489278465123145,1.230462364935887,0.15380779561698588,0.03125,0.04375,0.134375
Hard Top10 incumbent,38,2.5683512687683105,4.271719455718994,4.148963451385498,0.015804853290319443,0.027655722573399544,0.027450382709503174,0.0001489922433393076,38.26836340732848,0.9022507667541504,0.9785803556442261,0.0010436421725898981,37.275648766957076,0.00019329410861246288,0.13208776679504405,0.23510611287816918,1.3130670477676312,0.1641333809709539,0.021875,0.025,0.11875
Hard Top10 incumbent,39,4.070802688598633,5.556902885437012,5.460732102394104,0.010704964399337769,0.014125939458608627,0.01386466110125184,0.0001786890352377668,37.47902095965715,0.9825007319450378,0.9940707683563232,0.0027216454036533833,36.74265774894116,0.00021788924641441554,0.06955724057059444,0.12456993164374285,1.2279398244877073,0.15349247806096342,0.015625,0.0375,0.075
Hard Top10 incumbent,40,4.039168834686279,5.5381622314453125,5.454702258110046,0.01087958738207817,0.014600003138184547,0.01432192325592041,0.00017949234461411834,37.45954069440779,0.9522348642349243,0.9838532209396362,0.00255004595965147,36.86956953723686,0.00020797672550543211,0.064800131673595,0.11484673148188855,1.172075959636758,0.14650949495459475,0.021875,0.040625,0.121875
Hard Top10 incumbent,41,3.8969407081604004,5.319692134857178,5.224043965339661,0.009705564938485622,0.013032592833042145,0.012789089931175113,0.000183301221113652,37.36834641850907,0.9588338136672974,0.9865099787712097,0.0019165094709023833,36.75275280718091,0.00021668669796781614,0.06608082743578993,0.11827730071225542,1.201598481101387,0.15019981013767336,0.0125,0.01875,0.075
Hard Top10 incumbent,42,3.790709972381592,5.104201316833496,5.010377526283264,0.011937913484871387,0.015720704570412636,0.015492191072553396,0.0001681518042460084,37.74298468403573,0.8895079493522644,0.9612617492675781,0.001708216848783195,37.002317650517725,0.00020216599295963533,0.07361135755577357,0.13128776109979484,1.2186980277910033,0.15233725347387542,0.03125,0.034375,0.14375
Hard Top10 incumbent,43,3.0227646827697754,4.493184566497803,4.3244160413742065,0.009592913091182709,0.013831998221576214,0.013421484967693686,0.00023582478752359748,36.27410548185204,0.8818850517272949,0.9579232931137085,0.0032399308402091265,34.97577880292059,0.0003239053694414906,0.1291250716243327,0.23687606052119153,1.3780124184954499,0.17225155231193123,0.0375,0.05,0.109375
Hard Top10 incumbent,44,3.958758592605591,5.184151649475098,5.105138301849365,0.010200027376413345,0.013844972476363182,0.013428152073174715,0.0001929707359522581,37.14508546837206,0.9327836036682129,0.9769605398178101,0.0019819398876279593,36.468535379746164,0.0002315640049346257,0.07809924212234907,0.13773974864935043,1.2082288424239624,0.1510286053029953,0.025,0.05,0.109375
Hard Top10 incumbent,45,3.733856678009033,5.230924606323242,5.142545223236084,0.009946729056537151,0.015650074928998947,0.015007065841928124,0.00017134344670921564,37.661325011696334,0.965352475643158,0.9879921674728394,0.002216754015535116,36.73058308629661,0.00021693411690648645,0.10908758801828657,0.19777993107944428,1.3059333655317955,0.16324167069147444,0.025,0.03125,0.1125
Hard Top10 incumbent,46,4.033757209777832,5.749685764312744,5.6049288511276245,0.011139826849102974,0.01765189692378044,0.016862204764038324,0.0002263764472445473,36.451687601861714,0.9778758883476257,0.9926619529724121,0.002146859187632799,35.32494410751942,0.0003110767647740431,0.1368584023707629,0.24621160699255976,1.4365368343323504,0.1795671042915438,0.028125,0.04375,0.146875
Hard Top10 incumbent,47,3.355318307876587,5.115292072296143,5.001718997955322,0.011529550887644291,0.016482889652252197,0.01600059913471341,0.0002708390529733151,35.672887134434454,0.969782292842865,0.990203857421875,0.001376376487314701,34.51416561725975,0.0003549516186467372,0.123162617110784,0.2186522223152333,1.3577401146335406,0.16971751432919258,0.01875,0.01875,0.128125
Hard Top10 incumbent,48,3.6347649097442627,4.940983772277832,4.841245055198669,0.01105712540447712,0.014301583170890808,0.01409982074983418,0.00023632512602489442,36.26490101838398,0.9882563352584839,0.9959346055984497,0.001725616049952805,35.75754726730242,0.00027039061387768015,0.055744182989647874,0.09772679384406652,1.1459893202891107,0.14324866503613884,0.0,0.065625,0.08125
Hard Top10 incumbent,49,3.9933834075927734,5.726283073425293,5.557401657104492,0.01074233278632164,0.017301080748438835,0.01597793959081173,0.00021503363677766174,36.67493599971306,0.9695113897323608,0.9896788597106934,0.0024675289168953896,34.9706976442191,0.00036921574064763263,0.1543294357161788,0.3245240344060943,1.7778528418858806,0.22223160523573507,0.0,0.06875,0.10625
Hard Top10 + global OKLab,0,3.9051408767700195,5.225919723510742,5.16100013256073,0.009488730691373348,0.012769276276230812,0.012572366511449218,0.00016959825006779283,37.70578633151369,0.9796873927116394,0.9932310581207275,0.001973196864128113,36.93106187151854,0.0002088607579935342,0.08408938736192624,0.1470222212193323,1.241929189772259,0.15524114872153238,0.0125,0.0375,0.1125
Hard Top10 + global OKLab,1,2.849313259124756,4.510427474975586,4.39309298992157,0.012278048321604729,0.017804516479372978,0.017349957954138517,0.00040541100315749645,33.921044684063645,0.975560188293457,0.9916176199913025,0.0023606372997164726,33.40320406228456,0.0004588271403918043,0.050633433640652536,0.09062090898689394,1.1344508786045702,0.14180635982557127,0.0125,0.05,0.11875
Hard Top10 + global OKLab,2,2.792081356048584,5.639889717102051,5.4227670431137085,0.012501982040703297,0.022345568984746933,0.02144930837675929,0.0004149124724790454,33.82043509862737,0.9547132849693298,0.9835824370384216,0.0026450904551893473,32.16674505704886,0.0006413942755898461,0.1739980623588857,0.3122030415910941,1.5479832341305906,0.19349790426632382,0.015625,0.046875,0.10625
Hard Top10 + global OKLab,3,3.5523476600646973,4.836067199707031,4.753109455108643,0.010348153300583363,0.01475901622325182,0.01401712209917605,0.0002294064179295674,36.393944363370736,0.9833673238754272,0.9943598508834839,0.0024711827281862497,35.54979106617475,0.0002799901703838259,0.08391857652696834,0.15114488519479763,1.252828627751099,0.15660357846888737,0.015625,0.04375,0.1125
Hard Top10 + global OKLab,4,3.470749855041504,4.8266801834106445,4.756714582443237,0.009199338033795357,0.013882656581699848,0.012473805109038949,0.0001646828604862094,37.83351598059133,0.974332332611084,0.9915258288383484,0.0011250899406149983,37.14546211118665,0.000197918572666822,0.06927993864518181,0.12318449499151499,1.221734082634749,0.15271676032934361,0.0125,0.0375,0.078125
Hard Top10 + global OKLab,5,2.98710036277771,4.664119720458984,4.571589350700378,0.009662453085184097,0.01310549397021532,0.012841383460909128,0.00020835101895499974,36.812043712544515,0.9517666697502136,0.9847025275230408,0.0013532290467992425,36.15335980382913,0.00024674449741723947,0.0692147815565979,0.12428735855413817,1.2224593726177306,0.15280742157721633,0.015625,0.059375,0.084375
Hard Top10 + global OKLab,6,3.139077663421631,5.092548847198486,4.902290344238281,0.01206841692328453,0.0182607714086771,0.01766947563737631,0.0003541887563187629,34.507652295553825,0.9526836276054382,0.9835166931152344,0.0039754593744874,32.794718396316604,0.0005375850305426866,0.20210345371593139,0.35726762709960413,1.5551488874545363,0.19439361093181703,0.00625,0.021875,0.065625
Hard Top10 + global OKLab,7,2.821560859680176,4.711031913757324,4.622282862663269,0.00966078694909811,0.013463267125189304,0.013120144605636597,0.00020310236141085625,36.922850271528375,0.9329789876937866,0.9770556688308716,0.0022079842165112495,36.15102874741753,0.0002469686805852689,0.08734912538256548,0.1643080305417367,1.2880449704121661,0.16100562130152077,0.0125,0.05,0.128125
Hard Top10 + global OKLab,8,3.066551685333252,5.011605739593506,4.925174355506897,0.010273371823132038,0.013054866343736649,0.012888788245618343,0.00022923295910004526,36.39722939382662,0.9645089507102966,0.9875842332839966,0.0015811847988516092,35.316798447973454,0.00030088310450082645,0.11649539044938324,0.2048648581153025,1.3199748302985885,0.16499685378732357,0.009375,0.034375,0.103125
Hard Top10 + global OKLab,9,3.1635985374450684,5.117262840270996,5.030014872550964,0.00954405777156353,0.012992562726140022,0.012755682924762368,0.00018008233746513724,37.44528880837265,0.9586028456687927,0.9861375093460083,0.0018191757844761014,36.7619753457968,0.00021256624313537031,0.06973325696178075,0.12399221637294373,1.209963692953157,0.15124546161914462,0.009375,0.04375,0.13125
Hard Top10 + global OKLab,10,3.557180404663086,5.153356552124023,5.0547215938568115,0.010054228827357292,0.013496151193976402,0.013231271877884865,0.00017148948973044753,37.657624919007645,0.9545012712478638,0.9843320846557617,0.0021814238280057907,36.94010276007218,0.0002121620564139448,0.0707775006789675,0.12673539351560234,1.2405580320755867,0.15506975400944834,0.009375,0.028125,0.09375
Hard Top10 + global OKLab,11,3.4362549781799316,5.213850498199463,5.108322620391846,0.00994679145514965,0.013280595652759075,0.012966790469363332,0.00018643679504748434,37.29468371439709,0.9630875587463379,0.9876682162284851,0.0006729828892275691,36.991865229858256,0.00020160595886409283,0.0347639934198354,0.06369785415480057,1.0871218849017468,0.13589023561271835,0.01875,0.025,0.09375
Hard Top10 + global OKLab,12,3.665982723236084,5.163538932800293,5.068095803260803,0.010816234163939953,0.016566285863518715,0.015790001023560762,0.00024368985032197088,36.13162558796217,0.9602168798446655,0.9869918823242188,0.001609512371942401,34.36479451827534,0.0004513125604717061,0.16923062990556528,0.3531901799658802,1.8656471561184258,0.23320589451480322,0.01875,0.0375,0.09375
Hard Top10 + global OKLab,13,3.5968003273010254,4.738894939422607,4.675865054130554,0.01004760805517435,0.012888163328170776,0.01269181352108717,0.00017505067808087915,37.56836202601241,0.9118075370788574,0.9688428640365601,0.0037381963338702917,36.98876555276054,0.00020569944535964169,0.06791968950827627,0.12042498669888348,1.176645589764415,0.14708069872055188,0.009375,0.028125,0.09375
Hard Top10 + global OKLab,14,3.7489395141601562,5.436334133148193,5.307758808135986,0.011145178228616714,0.015946893021464348,0.015421383315697312,0.00022494896256830543,36.47916005396388,0.9718823432922363,0.9901174306869507,0.0017313867574557662,35.48147511031959,0.00029438900673994794,0.11454555433231085,0.19987322020956858,1.315179468151962,0.16439743351899525,0.00625,0.025,0.0875
Hard Top10 + global OKLab,15,3.7058815956115723,4.936298847198486,4.85114598274231,0.009099134244024754,0.01210520789027214,0.011891841888427734,0.00016211433103308082,37.901785914841156,0.9640547037124634,0.9881080985069275,0.0016806037165224552,37.36517837809416,0.00018620339687913656,0.06222064330144552,0.10936369819061129,1.169073474937325,0.14613418436716563,0.021875,0.05,0.128125
Hard Top10 + global OKLab,16,3.539066791534424,5.182139873504639,5.044907331466675,0.011740347370505333,0.016660256311297417,0.01581621589139104,0.000344489817507565,34.62823610521615,0.946837842464447,0.9810867309570312,0.0022235936485230923,33.05751576532021,0.0005251171533018351,0.17938086642440107,0.3166113952568029,1.555534696254177,0.19444183703177212,0.0125,0.059375,0.134375
Hard Top10 + global OKLab,17,3.4057881832122803,5.02233362197876,4.91277003288269,0.01041341945528984,0.016526605933904648,0.015791859943419695,0.00020862351811956614,36.80636735152869,0.9570903778076172,0.9857584834098816,0.0018086860654875636,36.049380762355156,0.0002563949819887057,0.07661129318959317,0.14120767718395685,1.271208503822745,0.15890106297784312,0.015625,0.0625,0.125
Hard Top10 + global OKLab,18,3.6967720985412598,5.422786712646484,5.3351792097091675,0.010819854214787483,0.014418991282582283,0.014135875040665269,0.00022061988420318812,36.56355347695684,0.9713711738586426,0.9901966452598572,0.003488358808681369,35.571312472213684,0.0002897145022870973,0.09552795401084291,0.18427488237779488,1.3821558675247878,0.17276948344059848,0.0125,0.040625,0.096875
Hard Top10 + global OKLab,19,3.818441152572632,5.155997276306152,5.074719786643982,0.010007134638726711,0.013267108239233494,0.013006066204980016,0.00019300536951050162,37.144306085241276,0.9813050031661987,0.993647575378418,0.0012052858946844935,36.430737990263346,0.00023683295512455516,0.07921723300913686,0.14078366670333964,1.2401835216921462,0.15502294021151827,0.00625,0.040625,0.096875
Hard Top10 + global OKLab,20,3.769207000732422,5.194832801818848,5.095295786857605,0.011393432505428791,0.01582416519522667,0.015380485448986292,0.00025313469814136624,35.966483203554425,0.988358199596405,0.9960042238235474,0.0007115291664376855,35.213746878527104,0.00030512055673170835,0.09214783783895455,0.17083619793351063,1.26974124273263,0.15871765534157875,0.021875,0.040625,0.125
Hard Top10 + global OKLab,21,2.922619581222534,4.166918754577637,4.060778021812439,0.010783686302602291,0.014412179589271545,0.013891251757740974,0.000219845212996006,36.57882986455708,0.9772054553031921,0.9919884204864502,0.0013883179053664207,36.00724651427827,0.0002606022171676159,0.06592158091926315,0.11602842645111625,1.1861997559572095,0.1482749694946512,0.009375,0.059375,0.11875
Hard Top10 + global OKLab,22,2.9983644485473633,4.765597820281982,4.674250245094299,0.009319779463112354,0.012716404162347317,0.01248639402911067,0.00020082849368918687,36.97174669146146,0.9354923963546753,0.9778761863708496,0.0017876618076115847,36.34983740488518,0.00023393405717797577,0.07190867033080012,0.12527813455566644,1.1769839098718708,0.14712298873398386,0.0125,0.034375,0.10625
Hard Top10 + global OKLab,23,3.655668258666992,5.063539505004883,4.973319172859192,0.009898323565721512,0.013024071231484413,0.012792274355888367,0.0001956669002538547,37.08482635010891,0.9531258940696716,0.9842821359634399,0.0009512791875749826,36.22799248968759,0.00024745112023083493,0.08919041512591357,0.15848858315227185,1.266690802179756,0.1583363502724695,0.0125,0.0375,0.121875
Hard Top10 + global OKLab,24,3.687216281890869,5.023470401763916,4.931315779685974,0.010732035152614117,0.014973033219575882,0.014664214802905917,0.00022686920419801027,36.44224452350276,0.984153151512146,0.994473934173584,0.0019663467537611723,35.34097399538625,0.00030052708461880684,0.12671447803898267,0.2388158013554386,1.4377309741958182,0.17971637177447727,0.009375,0.05,0.109375
Hard Top10 + global OKLab,25,3.4518885612487793,5.100704669952393,4.976064682006836,0.010756407864391804,0.016046248376369476,0.015647035092115402,0.00022966069809626788,36.38913319390578,0.96074378490448,0.9867656230926514,0.002030791249126196,34.999527302205884,0.00032328507950296625,0.13577520143804112,0.24972129467122461,1.4683879568508782,0.18354849460635977,0.015625,0.046875,0.11875
Hard Top10 + global OKLab,26,4.147639274597168,5.58673620223999,5.480311274528503,0.011125985532999039,0.014672832563519478,0.01441427506506443,0.0001568553561810404,38.04500646745302,0.9276094436645508,0.9749212265014648,0.0017139073461294174,37.34441697454315,0.0001895480672828853,0.06312654775866174,0.1243301315686634,1.258572488277241,0.15732156103465514,0.021875,0.065625,0.134375
Hard Top10 + global OKLab,27,3.054905414581299,4.867345809936523,4.767862796783447,0.0117311030626297,0.016252771019935608,0.016052026767283678,0.0001965316041605547,37.06567600968564,0.9350850582122803,0.9803247451782227,0.0009301801910623908,36.57419406539106,0.00022435636856243946,0.046360535482379554,0.08298417877692453,1.1467721895857153,0.1433465236982144,0.0125,0.065625,0.11875
Hard Top10 + global OKLab,28,3.1698811054229736,5.663244724273682,5.539624333381653,0.012180754914879799,0.017615104094147682,0.017178804613649845,0.00033522953162901103,34.74657729723788,0.9422972202301025,0.9785423278808594,0.002510103164240718,34.191619286113685,0.0003885252808686346,0.06841212631964486,0.1208763869950235,1.161039711602701,0.14512996395033761,0.015625,0.065625,0.13125
Hard Top10 + global OKLab,29,3.4203104972839355,4.897608280181885,4.814691662788391,0.009440519846975803,0.012417295016348362,0.012175970943644643,0.00017737364396452904,37.5111091173728,0.9476233720779419,0.9823085069656372,0.0014737254241481423,36.93388540091426,0.00020778427278855816,0.07579552688897423,0.1362071491455099,1.1717904867678106,0.14647381084597633,0.009375,0.06875,0.128125
Hard Top10 + global OKLab,30,3.6542084217071533,5.144188404083252,5.038234829902649,0.01126821432262659,0.01718624122440815,0.01638729404658079,0.00020994273654650897,36.778991461860244,0.9721044301986694,0.9903666377067566,0.002267993986606598,35.64374687886267,0.00030709424754604697,0.1125351351320207,0.21281544380269676,1.4707463679538137,0.18384329599422672,0.015625,0.046875,0.121875
Hard Top10 + global OKLab,31,3.733722686767578,5.1934003829956055,5.104976177215576,0.010589536279439926,0.014601651579141617,0.014286203309893608,0.00020038285583723336,36.98139438163024,0.9757485389709473,0.991952657699585,0.0018394591752439737,36.21621850643759,0.0002529889316065237,0.0934682770267964,0.16726466700784084,1.2778881126234587,0.15973601407793234,0.009375,0.046875,0.103125
Hard Top10 + global OKLab,32,3.904832124710083,5.2194414138793945,5.093374729156494,0.010092673823237419,0.014597528614103794,0.013620411045849323,0.000222613918595016,36.52447685553703,0.9227983355522156,0.973435640335083,0.0028584119863808155,35.54294148130761,0.0002952439826913178,0.09896833256920408,0.20413132137222662,1.4370956954833138,0.17963696193541423,0.025,0.0375,0.109375
Hard Top10 + global OKLab,33,3.402458429336548,5.431502342224121,5.33337128162384,0.009520222432911396,0.013885287567973137,0.013640565564855933,0.00018510852532926947,37.32573578987799,0.9578754305839539,0.985499382019043,0.0010879039764404297,36.639316435079714,0.00021873865625821054,0.09496787292927157,0.1730186060204431,1.2019808363213844,0.15024760454017305,0.021875,0.028125,0.10625
Hard Top10 + global OKLab,34,3.6206789016723633,5.043260097503662,4.968137860298157,0.009791838936507702,0.012981636449694633,0.012746476801112294,0.0001936172047862783,37.130560539916985,0.9742330312728882,0.9912877082824707,0.0027049551717936993,35.65970885059,0.00030389583844225854,0.14170987574761187,0.2859219064570654,1.6580242233765985,0.2072530279220748,0.01875,0.046875,0.109375
Hard Top10 + global OKLab,35,3.5179522037506104,4.913747787475586,4.827917098999023,0.011055460199713707,0.015966542065143585,0.015577174723148346,0.000251904537435621,35.98764009693215,0.9631249904632568,0.9873025417327881,0.0022941133938729763,34.92193109820475,0.0003311666878289543,0.12009120727452413,0.20982593932300367,1.337244684758864,0.167155585594858,0.015625,0.046875,0.084375
Hard Top10 + global OKLab,36,3.696848154067993,5.173603057861328,5.076407313346863,0.010912405326962471,0.014746913686394691,0.014445370994508266,0.00020673884137067944,36.845779219781775,0.9834432601928711,0.9942790269851685,0.002655415330082178,36.07235676934411,0.000253883012192091,0.0852920163576578,0.15405092242567414,1.2760236193850085,0.15950295242312607,0.028125,0.046875,0.15
Hard Top10 + global OKLab,37,3.0922350883483887,4.94696569442749,4.835410952568054,0.01013607531785965,0.013559839688241482,0.013250005431473255,0.00019085749227087945,37.19290786786233,0.9491634368896484,0.9831384420394897,0.0018814010545611382,36.330863407873714,0.0002391019806964323,0.08813768073102603,0.15705144352349612,1.2528135031970473,0.15660168789963091,0.03125,0.046875,0.134375
Hard Top10 + global OKLab,38,2.446528911590576,4.1072516441345215,3.992473840713501,0.015298664569854736,0.026963287964463234,0.026744598988443613,0.0001371974212815985,38.626540514113145,0.913477897644043,0.9809364080429077,0.0009155336883850396,37.574286560459115,0.000180255501618376,0.14398806060679442,0.2579239971570597,1.3289457959735067,0.16611822449668834,0.021875,0.025,0.11875
Hard Top10 + global OKLab,39,3.920233726501465,5.356753826141357,5.264658212661743,0.010281088761985302,0.013584067113697529,0.013331981841474771,0.0001673052756814286,37.76490364099124,0.9835764169692993,0.9944450855255127,0.0022248546592891216,37.02001347493217,0.00020438967476366088,0.07052105810125012,0.1260287272417754,1.231075119789259,0.1538843899736574,0.01875,0.0375,0.075
Hard Top10 + global OKLab,40,3.8852767944335938,5.355058670043945,5.2688939571380615,0.010421494022011757,0.014033722691237926,0.01376742753200233,0.0001674973900662735,37.75991955723533,0.9552565813064575,0.9849158525466919,0.0020997861865907907,37.15110157455338,0.00019531310317688622,0.06682794651449674,0.11863027137673046,1.1761157970754346,0.14701447463442932,0.021875,0.040625,0.121875
Hard Top10 + global OKLab,41,3.7581844329833984,5.125664234161377,5.040256381034851,0.009355534799396992,0.012537728995084763,0.012310080928727984,0.00017288012895733118,37.622549221692594,0.9608572721481323,0.9871972799301147,0.0016415314748883247,37.00506359468024,0.00020389130077091977,0.06662197131604898,0.11922858726161714,1.20010448448935,0.15001306056116875,0.009375,0.01875,0.071875
Hard Top10 + global OKLab,42,3.631650924682617,4.913904190063477,4.8205647468566895,0.011402846314013004,0.015022849664092064,0.014805917395278811,0.00015637384785804898,38.058358771113774,0.8961133360862732,0.9637136459350586,0.00133277359418571,37.27565247942076,0.00019111456640530378,0.07738283385551654,0.1384082758703946,1.240082367704565,0.15501029596307062,0.03125,0.034375,0.14375
Hard Top10 + global OKLab,43,2.9360594749450684,4.360615253448486,4.198731422424316,0.009328589774668217,0.013481581583619118,0.013070535846054554,0.0002258127206005156,36.46251596817591,0.8866913318634033,0.9597558975219727,0.002965220483019948,35.15002069503334,0.0003115327635896392,0.13024078717477558,0.2395191627006487,1.3848658090418962,0.17310822613023702,0.0375,0.05,0.109375
Hard Top10 + global OKLab,44,3.8159830570220947,5.008190155029297,4.927744388580322,0.009813975542783737,0.013253100216388702,0.012857892317697406,0.00018224009545519948,37.39356065786619,0.9355859160423279,0.9779866933822632,0.0017200777074322104,36.694976407629994,0.00022013936904841103,0.08070108169918123,0.14241016331953996,1.2160699973540128,0.1520087496692516,0.025,0.05,0.1125
Hard Top10 + global OKLab,45,3.593390941619873,5.033680438995361,4.962601661682129,0.009560341015458107,0.015036002732813358,0.014379952335730195,0.0001609381433809176,37.933410131002375,0.967228353023529,0.9886571168899536,0.0019610710442066193,36.97675530847488,0.00020485224013100378,0.11233837718502987,0.20280301637400167,1.3148530964026515,0.16435663705033143,0.025,0.03125,0.1125
Hard Top10 + global OKLab,46,3.885861873626709,5.5752387046813965,5.424196243286133,0.01073586568236351,0.017190441489219666,0.016395401675254107,0.00021481844305526465,36.679284353873456,0.9790545701980591,0.9930508136749268,0.002083604224026203,35.49710250429055,0.0003000623546540737,0.14341079369251455,0.25820566798296507,1.4629068349907177,0.18286335437383971,0.028125,0.04375,0.14375
Hard Top10 + global OKLab,47,3.24495267868042,4.943694591522217,4.834779858589172,0.011175133287906647,0.01598414033651352,0.015563122695311904,0.00025897411978803575,35.86743634354409,0.9713274836540222,0.9906558394432068,0.0013238616520538926,34.677854493962606,0.00034192167368019,0.12738725563842968,0.2264400545868345,1.3718545845887546,0.17148182307359433,0.015625,0.01875,0.128125
Hard Top10 + global OKLab,48,3.517885684967041,4.780637741088867,4.679353356361389,0.010705527849495411,0.013841822743415833,0.013624959159642458,0.00022396612621378154,36.49817661625116,0.988884449005127,0.9961507320404053,0.0016389305237680674,35.98896796431826,0.0002568207564763725,0.055935534799824736,0.09809010259861393,1.1510983315189487,0.1438872914398686,0.0,0.065625,0.08125
Hard Top10 + global OKLab,49,3.8155553340911865,5.545318126678467,5.3659584522247314,0.010289205238223076,0.016862081363797188,0.01545646577142179,0.00020249876251909882,36.93577626438295,0.9711989164352417,0.9902357459068298,0.0022342049051076174,35.155960806609,0.0003560946279321797,0.1622813716563136,0.34273364512910676,1.8233280530523617,0.2279160066315452,0.0,0.06875,0.10625
Hard Top10 + local chroma-tail,0,3.9883761405944824,5.327808856964111,5.256904363632202,0.009705185890197754,0.013033798895776272,0.012835526140406728,0.00017511258192826062,37.56682648515608,0.9791145324707031,0.9930392503738403,0.0021366493310779333,36.80182034128928,0.00021371001275838353,0.08262435632817261,0.1444617774215056,1.2305302821466222,0.15381628526832777,0.0125,0.0375,0.1125
Hard Top10 + local chroma-tail,1,2.871127128601074,4.535411357879639,4.41597580909729,0.012337851338088512,0.01785373128950596,0.017394489143043756,0.0004103468672838062,33.86848877767845,0.9753135442733765,0.9915363788604736,0.0023802092764526606,33.36771203127405,0.00046242390817496926,0.04942437560833381,0.0884281239551912,1.1307073799514895,0.1413384224939362,0.0125,0.05,0.11875
Hard Top10 + local chroma-tail,2,2.829392433166504,5.691436767578125,5.47603178024292,0.01264106947928667,0.022475291043519974,0.021596559789031744,0.0004221648268867284,33.74517953229534,0.9539371728897095,0.9833248853683472,0.0027196393348276615,32.11360458301983,0.0006495947454823181,0.17097500305886687,0.306725575786098,1.5411219015828668,0.19264023769785835,0.015625,0.046875,0.109375
Hard Top10 + local chroma-tail,3,3.640310287475586,4.928796291351318,4.84768271446228,0.010574551299214363,0.014987709932029247,0.014262686483561993,0.0002356632612645626,36.277081165579595,0.9829280376434326,0.9942197799682617,0.0025745327584445477,35.45907980453677,0.0002858891966752708,0.08115176309566528,0.1465493620627721,1.2447923417824642,0.15559904272280803,0.015625,0.04375,0.1125
Hard Top10 + local chroma-tail,4,3.521801710128784,4.883303165435791,4.81788182258606,0.00935228168964386,0.014075272716581821,0.012631665216758847,0.0001690239441813901,37.72051768230941,0.9735721945762634,0.9913042783737183,0.001054693479090929,37.046160583085296,0.00020227147615514696,0.06756627474255261,0.12014545137867659,1.2159943350275877,0.15199929187844846,0.0125,0.0375,0.078125
Hard Top10 + local chroma-tail,5,3.064683198928833,4.754477500915527,4.661984205245972,0.009900095872581005,0.013378478586673737,0.01312041305936873,0.00021562480833381414,36.663012736213936,0.9504039287567139,0.9842535257339478,0.001430774456821382,35.99511978959414,0.0002559280110290274,0.06875409573522367,0.12317630303669597,1.222525865905555,0.15281573323819436,0.015625,0.059375,0.084375
Hard Top10 + local chroma-tail,6,3.181703567504883,5.153946876525879,4.963784694671631,0.012211005203425884,0.018430793657898903,0.01782312849536538,0.0003607232647482306,34.428258470746144,0.9519526958465576,0.9832717776298523,0.004017804749310017,32.731319174906915,0.0005459439125843346,0.19980873251335635,0.3531490088052891,1.5500237807315447,0.19375297259144308,0.00625,0.021875,0.065625
Hard Top10 + local chroma-tail,7,2.8846540451049805,4.8138933181762695,4.7226691246032715,0.00985333789139986,0.013680506497621536,0.01337314280681312,0.0002090775960823521,36.79692501946065,0.9311823844909668,0.9764405488967896,0.0022467186208814383,36.03265694245474,0.0002544017661421094,0.08629565478750807,0.1623277381732329,1.2871186699777792,0.1608898337472224,0.0125,0.05,0.128125
Hard Top10 + local chroma-tail,8,3.1304290294647217,5.104510307312012,5.015525460243225,0.010472498834133148,0.013292496092617512,0.013112807646393776,0.00023613432131242007,36.26840885122427,0.9635672569274902,0.9872702956199646,0.00164542137645185,35.184636783535204,0.0003113170969299972,0.11599225035758341,0.20403601044530364,1.324709577595104,0.165588697199388,0.009375,0.034375,0.103125
Hard Top10 + local chroma-tail,9,3.2206978797912598,5.184421539306641,5.092873573303223,0.0097409188747406,0.013210436329245567,0.012970357667654753,0.0001859665644587949,37.30565131998988,0.9576526880264282,0.9858294725418091,0.0018302450189366937,36.623033002773695,0.00022037693997845054,0.06937444324697228,0.12334860592363114,1.2135781556234033,0.15169726945292542,0.0125,0.04375,0.13125
Hard Top10 + local chroma-tail,10,3.6267542839050293,5.243703365325928,5.145798444747925,0.010244270786643028,0.013714238069951534,0.013447595294564962,0.00017664679035078734,37.52894249231715,0.9534785151481628,0.9839903712272644,0.0022783067543059587,36.82921063107846,0.0002164741890737787,0.06859765000980074,0.12266466397439152,1.2308468757706421,0.15385585947133026,0.009375,0.025,0.096875
Hard Top10 + local chroma-tail,11,3.5136632919311523,5.308856964111328,5.207584738731384,0.010167635977268219,0.013525621965527534,0.013198690256103873,0.00019279208208899945,37.1491080640657,0.9620814323425293,0.9873355627059937,0.0007578791119158268,36.85001908048428,0.00020843356833211146,0.03500082780152614,0.06464964351262698,1.0910234943258503,0.1363779367907313,0.01875,0.025,0.096875
Hard Top10 + local chroma-tail,12,3.718263864517212,5.237077713012695,5.145018815994263,0.010961652733385563,0.01669980026781559,0.01594259822741151,0.0002489438920747489,36.03898524824448,0.9592291712760925,0.9866762161254883,0.0016676653176546097,34.295298009399254,0.0004573231271933764,0.16711000293653983,0.3478833316966043,1.8517195198413576,0.2314649399801697,0.015625,0.0375,0.09375
Hard Top10 + local chroma-tail,13,3.7277913093566895,4.877999782562256,4.813207387924194,0.010366765782237053,0.013245915994048119,0.013059967197477818,0.00018324617121834308,37.3696509082663,0.9096347689628601,0.968056857585907,0.004790129140019417,36.7934659950459,0.00021445910533657297,0.06719464654464335,0.11953698646553286,1.1727555757784385,0.1465944469723048,0.009375,0.028125,0.09375
Hard Top10 + local chroma-tail,14,3.817209005355835,5.533796310424805,5.404739856719971,0.011332562193274498,0.016124768182635307,0.015613625757396221,0.00023084762506186962,36.366745890696535,0.9712805151939392,0.9899114966392517,0.001756858779117465,35.38211883887517,0.0003010850487044081,0.11316777483539986,0.1973784678462715,1.3111253443143587,0.16389066803929483,0.00625,0.025,0.0875
Hard Top10 + local chroma-tail,15,3.7810869216918945,5.02512264251709,4.9419848918914795,0.009285738691687584,0.01232500933110714,0.012122412910684943,0.00016650656471028924,37.78568639267266,0.963044285774231,0.9877790808677673,0.001838760101236403,37.26170623892092,0.0001907701589516364,0.060520821490567187,0.10622699075179115,1.162946073064103,0.14536825913301288,0.021875,0.05,0.128125
Hard Top10 + local chroma-tail,16,3.5894370079040527,5.248875617980957,5.104444622993469,0.01189389731734991,0.016831766813993454,0.01601007068529725,0.00035038639907725155,34.554527601533266,0.9458901882171631,0.9807798862457275,0.0022360747680068016,33.01082356831489,0.0005302529170876369,0.17640429100346153,0.31143387201346323,1.5425473608225644,0.19281842010282055,0.0125,0.059375,0.13125
Hard Top10 + local chroma-tail,17,3.4728827476501465,5.1055006980896,4.98388397693634,0.01060148049145937,0.016753407195210457,0.01598138827830553,0.00021464198653120548,36.682853208823886,0.9557921886444092,0.9853368997573853,0.0019156952621415257,35.93953952531907,0.0002620464874780737,0.07491532527537405,0.13804851271315743,1.2625483282176706,0.15781854102720883,0.015625,0.0625,0.125
Hard Top10 + local chroma-tail,18,3.7659518718719482,5.50778341293335,5.422110199928284,0.011013220995664597,0.014635175466537476,0.014354270184412599,0.0002265845105284825,36.447697821245775,0.97072434425354,0.9899846911430359,0.0035498200450092554,35.47646757028673,0.00029577295208582655,0.09291148522316126,0.17893365998890923,1.3711357682097856,0.1713919710262232,0.015625,0.040625,0.096875
Hard Top10 + local chroma-tail,19,3.890444278717041,5.254933834075928,5.173095345497131,0.01019367016851902,0.013504784554243088,0.01324037043377757,0.00019827747019007802,37.02726630867846,0.9807995557785034,0.9934828281402588,0.001203326042741537,36.32153907545246,0.0002421712015348021,0.07738490633002444,0.1378680676751573,1.234739119023973,0.15434238987799662,0.00625,0.04375,0.09375
Hard Top10 + local chroma-tail,20,3.839311122894287,5.279973030090332,5.180719017982483,0.011586524546146393,0.016012221574783325,0.015588643494993448,0.00025991504662670195,35.85168578221971,0.9880368113517761,0.9959079027175903,0.0007284939056262374,35.09900877559003,0.00031338981352746487,0.09211662266597677,0.17046070020010587,1.2675950953953643,0.15844938692442054,0.021875,0.0375,0.125
Hard Top10 + local chroma-tail,21,2.9676809310913086,4.23665714263916,4.131290435791016,0.010912940837442875,0.014565965160727501,0.014049648540094495,0.00022446679940912873,36.48847885839697,0.9768043756484985,0.9918584823608398,0.001397788291797042,35.93562648155831,0.0002638836012920365,0.06488323383427166,0.11420032232561758,1.1787501762280153,0.1473437720285019,0.009375,0.059375,0.11875
Hard Top10 + local chroma-tail,22,3.075258255004883,4.863462924957275,4.7665114402771,0.009546284563839436,0.012973722070455551,0.012746065156534314,0.00020766853413078934,36.826293026397046,0.9335025548934937,0.9771711230278015,0.001956774853169918,36.20778209503235,0.00024145218048943207,0.07132074310972704,0.12432553115496581,1.175019373268761,0.14687742165859513,0.0125,0.034375,0.10625
Hard Top10 + local chroma-tail,23,3.7284657955169678,5.153960704803467,5.06122612953186,0.010099530220031738,0.013278303667902946,0.013053325470536947,0.00020151028002146631,36.957027934796194,0.9520022869110107,0.9839056730270386,0.0010630141478031874,36.1116292348513,0.00025434844428673387,0.0877091141950689,0.15588353496740173,1.2626149271769818,0.15782686589712272,0.0125,0.040625,0.11875
Hard Top10 + local chroma-tail,24,3.767446994781494,5.118045806884766,5.029298901557922,0.010910525918006897,0.015137376263737679,0.0148291967343539,0.0002323837688891217,36.33794209018624,0.983792245388031,0.9943593740463257,0.0019648901652544737,35.247155609597435,0.0003073288971791044,0.1248146347154692,0.23460912971333547,1.4314488137273431,0.1789311017159179,0.009375,0.05,0.109375
Hard Top10 + local chroma-tail,25,3.5283870697021484,5.178512096405029,5.063036203384399,0.010944248177111149,0.016183603554964066,0.015789706259965897,0.0002353666495764628,36.282550747594314,0.9597395658493042,0.986447274684906,0.002017358783632517,34.93400397847089,0.0003276734278188087,0.1310430476985566,0.24089121007125178,1.450717585553379,0.18133969819417237,0.015625,0.046875,0.121875
Hard Top10 + local chroma-tail,26,4.247859954833984,5.688941955566406,5.588800311088562,0.011362665332853794,0.014927178621292114,0.014689254574477673,0.0001622575946385041,37.89794966438824,0.9255484342575073,0.974190890789032,0.0017846887931227684,37.21661562553851,0.00019497079847496934,0.061206961601637466,0.12018228031185148,1.249723843257923,0.15621548040724037,0.021875,0.0625,0.13125
Hard Top10 + local chroma-tail,27,3.1259548664093018,4.943312168121338,4.847472548484802,0.012013085186481476,0.016691992059350014,0.016496180091053247,0.00020390281861182302,36.90576770793215,0.9319753050804138,0.9795070886611938,0.0009690700098872185,36.443194817865546,0.00023176652030088007,0.04378726660736462,0.07883332789765413,1.142468147259379,0.14280851840742237,0.0125,0.065625,0.121875
Hard Top10 + local chroma-tail,28,3.2273049354553223,5.741048336029053,5.621050000190735,0.012364896945655346,0.01778004691004753,0.017335577867925167,0.0003434940881561488,34.6408073314084,0.9407593607902527,0.9780369997024536,0.002603909233585,34.10285716370046,0.0003959888417739421,0.06645732678310734,0.11716875147311723,1.153446829182205,0.14418085364777564,0.015625,0.065625,0.13125
Hard Top10 + local chroma-tail,29,3.5106983184814453,5.002099990844727,4.908563852310181,0.009663568809628487,0.012654267251491547,0.012417488498613238,0.0001835787988966331,37.36177475933579,0.9461345672607422,0.9818075895309448,0.0015576011501252651,36.7988823651242,0.0002141776858479716,0.07310180604892148,0.13116278510701734,1.1686164865130735,0.14607706081413419,0.009375,0.071875,0.128125
Hard Top10 + local chroma-tail,30,3.7092888355255127,5.202857494354248,5.09891676902771,0.011410331353545189,0.01725730299949646,0.016452244017273188,0.00021450237545650452,36.68567893959725,0.9714831113815308,0.9901818633079529,0.0021697913762181997,35.57999776236208,0.00031069957913132384,0.10945399140302556,0.2063547546871287,1.4542046739903174,0.18177558424878967,0.015625,0.046875,0.121875
Hard Top10 + local chroma-tail,31,3.812676429748535,5.282236099243164,5.1927595138549805,0.01080064382404089,0.014831840991973877,0.0145103067625314,0.00020640350703615695,36.85282927812698,0.9751161336898804,0.9917440414428711,0.001926209544762969,36.09535724568446,0.0002598906576167792,0.09217965219574882,0.16486195048158458,1.2746247266775823,0.1593280908346978,0.009375,0.046875,0.103125
Hard Top10 + local chroma-tail,32,3.9681527614593506,5.292597770690918,5.172196626663208,0.010253752581775188,0.014744886197149754,0.013804893242195249,0.0002280290937051177,36.420097388350456,0.9209471940994263,0.9727846384048462,0.002882120432332158,35.46496630958884,0.0003003792080562562,0.09642210847955394,0.1983615052902531,1.4243028721820892,0.17803785902276115,0.025,0.0375,0.109375
Hard Top10 + local chroma-tail,33,3.464580535888672,5.509467124938965,5.413110733032227,0.009700757451355457,0.014083251357078552,0.013855668250471354,0.00019108271226286888,37.18778602889848,0.9562172889709473,0.9849309921264648,0.0011734685394912958,36.52366131228029,0.00022556577823706903,0.09035145265068224,0.16426272003815892,1.1974642465813745,0.14968303082267181,0.021875,0.025,0.10625
Hard Top10 + local chroma-tail,34,3.718881607055664,5.154336929321289,5.081013798713684,0.010034524835646152,0.013247404247522354,0.013036408694460988,0.00020021798263769597,36.98496918816775,0.9735108613967896,0.9910393953323364,0.0029434612952172756,35.53746270513161,0.0003124265494989231,0.13948717855712708,0.28269609589792505,1.6514684971918625,0.2064335621489828,0.01875,0.046875,0.109375
Hard Top10 + local chroma-tail,35,3.5692501068115234,4.971320152282715,4.883585214614868,0.011213086545467377,0.016157057136297226,0.015772134065628052,0.0002571711374912411,35.897777742068286,0.9623227119445801,0.9870465993881226,0.0022512306459248066,34.82454172219824,0.0003391044956515543,0.12092420957904933,0.2111226709188841,1.340590788699383,0.16757384858742289,0.015625,0.04375,0.084375
Hard Top10 + local chroma-tail,36,3.7552285194396973,5.239952564239502,5.141353368759155,0.011066203936934471,0.014891070313751698,0.014594950014725327,0.00021127705986145884,36.75147655415431,0.9830781817436218,0.9941627383232117,0.002545580267906189,35.97795534058987,0.00025889676180668175,0.08502929301997963,0.15332108639516898,1.2724627028590325,0.15905783785737906,0.025,0.046875,0.15
Hard Top10 + local chroma-tail,37,3.155452251434326,5.007959842681885,4.90179967880249,0.010303872637450695,0.0137382997199893,0.013435788452625275,0.00019642600091174245,37.06801025178923,0.9478551149368286,0.9826933741569519,0.0020142486318945885,36.216121193793924,0.0002449160674586892,0.08772946085231456,0.15605208067594564,1.2489530863299612,0.15611913579124514,0.03125,0.046875,0.134375
Hard Top10 + local chroma-tail,38,2.527712345123291,4.184899806976318,4.068829894065857,0.01554835308343172,0.0273428987711668,0.027091318275779486,0.00014390521391760558,38.41923470589985,0.9037879705429077,0.9790507555007935,0.0009234367753379047,37.433655638608585,0.00018541098688729107,0.13167012756185018,0.2346663273848766,1.3051408085505036,0.16314260106881295,0.021875,0.025,0.11875
Hard Top10 + local chroma-tail,39,3.9696595668792725,5.412911891937256,5.313925385475159,0.010452942922711372,0.013770690187811852,0.013530253898352385,0.00017183685849886388,37.64883675628348,0.9831387400627136,0.9942976832389832,0.0024164814967662096,36.91340800025921,0.00020911767205689102,0.06970474346116365,0.12455235920886243,1.2259221063620394,0.15324026329525492,0.015625,0.0375,0.075
Hard Top10 + local chroma-tail,40,3.9662530422210693,5.44216251373291,5.35437798500061,0.010618871077895164,0.014230087399482727,0.01394813833758235,0.00017237021529581398,37.63537775925394,0.9539663791656494,0.9844727516174316,0.0021327391732484102,37.04328840498728,0.00020030991800012998,0.0648179253034354,0.11500162554375307,1.1719751646026784,0.1464968955753348,0.021875,0.040625,0.121875
Hard Top10 + local chroma-tail,41,3.8122000694274902,5.203824043273926,5.1116437911987305,0.009503146633505821,0.012732588686048985,0.012487867148593068,0.00017744068463798612,37.50946795507777,0.9598007202148438,0.9868528842926025,0.0016112305456772447,36.9031333752763,0.00020892153406748548,0.06591272122173829,0.11785517138230822,1.1981983728851056,0.1497747966106382,0.009375,0.01875,0.075
Hard Top10 + local chroma-tail,42,3.723558187484741,5.010223388671875,4.912743926048279,0.011621726676821709,0.015269100666046143,0.015053086215630174,0.00016135872283484787,37.92207552251743,0.8934288024902344,0.9627456068992615,0.0015371391782537103,37.16175316730234,0.00019530146528268233,0.07542907658451804,0.13473273922985765,1.2290847185177027,0.15363558981471284,0.03125,0.034375,0.14375
Hard Top10 + local chroma-tail,43,2.9973297119140625,4.434047698974609,4.275187253952026,0.009514940902590752,0.013642100617289543,0.013226014329120517,0.00023177107505034655,36.34940764791122,0.8838901519775391,0.9587459564208984,0.003248404711484909,35.05973578246039,0.00031819133437238634,0.1278064400614688,0.23470718042971683,1.377660234177418,0.17220752927217725,0.0375,0.05,0.109375
Hard Top10 + local chroma-tail,44,3.8813865184783936,5.089520454406738,5.009282827377319,0.009966189973056316,0.013432083651423454,0.013038759119808674,0.00018644948431756347,37.29438813473746,0.9338845610618591,0.9773916006088257,0.0017744788201525807,36.614774411730544,0.0002243119197373744,0.07951488930273795,0.14048680026518615,1.2114557306218512,0.1514319663277314,0.025,0.05,0.109375
Hard Top10 + local chroma-tail,45,3.662203550338745,5.116790771484375,5.03579568862915,0.009739954955875874,0.015257447026669979,0.014614908723160625,0.0001664165611146018,37.788034566342716,0.9657508730888367,0.9881512522697449,0.0020373486913740635,36.86628069478931,0.00021072733215987682,0.10753659681015168,0.1935404558086553,1.3069292453946295,0.1633661556743287,0.025,0.03125,0.1125
Hard Top10 + local chroma-tail,46,3.9547228813171387,5.654664039611816,5.509734511375427,0.010912747122347355,0.01734902895987034,0.016551021486520767,0.00022019031166564673,36.57201793823457,0.978405237197876,0.9928449392318726,0.0021375291980803013,35.42379602689217,0.0003047955906367861,0.1393962313751548,0.25087307224443234,1.4481214103763973,0.18101517629704966,0.028125,0.04375,0.146875
Hard Top10 + local chroma-tail,47,3.293571949005127,5.014723300933838,4.906157851219177,0.011305809020996094,0.01607968844473362,0.015661020763218403,0.000263989350060001,35.78413593219066,0.970703125,0.9904807806015015,0.0013328465865924954,34.60586067679739,0.00034765626332955435,0.12559664806575077,0.22319384684653046,1.3668267300648627,0.17085334125810783,0.015625,0.01875,0.128125
Hard Top10 + local chroma-tail,48,3.5627076625823975,4.833835124969482,4.733750700950623,0.01084977202117443,0.014015867374837399,0.013805471360683441,0.00022928685939405113,36.39620834307054,0.9886357188224792,0.9960669279098511,0.0017199867870658636,35.89655214586994,0.00026226331829093397,0.05531304440172532,0.09688648596524867,1.14827658418594,0.1435345730232425,0.0,0.065625,0.08125
Hard Top10 + local chroma-tail,49,3.9088945388793945,5.615738391876221,5.451150178909302,0.010510880500078201,0.017000863328576088,0.015631483402103186,0.00020812418370041996,36.81677452525453,0.9704576730728149,0.9900012016296387,0.002315085381269455,35.08935149234732,0.00036016261583426967,0.1569901467491096,0.33042537384236353,1.792787075741824,0.224098384467728,0.0,0.06875,0.10625
