comparison,method,epoch,grid,metric,value
trajectory,Global continuation,1,16,patch_count,64
trajectory,Global continuation,1,16,global_mse_mean,0.0013007200323045254
trajectory,Global continuation,1,16,global_psnr,34.8787616249097
trajectory,Global continuation,1,16,top10_mean,0.0018077082931995392
trajectory,Global continuation,1,16,top10_psnr,33.44931640893722
trajectory,Global continuation,1,16,top10_over_mean,1.3709890842437744
trajectory,Global continuation,1,16,p95_over_mean,1.3493584386885837
trajectory,Global continuation,1,16,p99_over_mean,1.4684996770881127
trajectory,Global continuation,1,16,max_over_mean,1.5202370882034302
trajectory,Global continuation,1,16,cv,0.20630761981010437
trajectory,Global continuation,1,16,gini,0.11472257029471128
trajectory,Global continuation,1,16,top10_energy_share,0.14995191991329193
trajectory,Global continuation,1,16,p50,0.0012092720135115087
trajectory,Global continuation,1,16,p75,0.0014564452576451004
trajectory,Global continuation,1,16,p90,0.0018117308267392217
trajectory,Global continuation,1,16,p95,0.002092888136394321
trajectory,Global continuation,1,16,p99,0.0028161423583514976
trajectory,Global continuation,1,32,patch_count,16
trajectory,Global continuation,1,32,global_mse_mean,0.0013007200323045254
trajectory,Global continuation,1,32,global_psnr,34.8787616249097
trajectory,Global continuation,1,32,top10_mean,0.0016322389710694551
trajectory,Global continuation,1,32,top10_psnr,33.89276248540577
trajectory,Global continuation,1,32,top10_over_mean,1.2438452243804932
trajectory,Global continuation,1,32,p95_over_mean,1.2165865644806226
trajectory,Global continuation,1,32,p99_over_mean,1.282007295346545
trajectory,Global continuation,1,32,max_over_mean,1.2983626127243042
trajectory,Global continuation,1,32,cv,0.14618414640426636
trajectory,Global continuation,1,32,gini,0.07985542948456018
trajectory,Global continuation,1,32,top10_energy_share,0.15548065304756165
trajectory,Global continuation,1,32,p50,0.001195619348436594
trajectory,Global continuation,1,32,p75,0.0014329594559967518
trajectory,Global continuation,1,32,p90,0.0017809388460591437
trajectory,Global continuation,1,32,p95,0.002037278236821294
trajectory,Global continuation,1,32,p99,0.0025014146463945507
trajectory,Global continuation,5,16,patch_count,64
trajectory,Global continuation,5,16,global_mse_mean,0.001186761655844748
trajectory,Global continuation,5,16,global_psnr,35.276964854695244
trajectory,Global continuation,5,16,top10_mean,0.001695474493317306
trajectory,Global continuation,5,16,top10_psnr,33.727687306817835
trajectory,Global continuation,5,16,top10_over_mean,1.406528353691101
trajectory,Global continuation,5,16,p95_over_mean,1.3846470402641113
trajectory,Global continuation,5,16,p99_over_mean,1.513821646424328
trajectory,Global continuation,5,16,max_over_mean,1.5683887004852295
trajectory,Global continuation,5,16,cv,0.22300584614276886
trajectory,Global continuation,5,16,gini,0.12368685042191176
trajectory,Global continuation,5,16,top10_energy_share,0.15383902192115784
trajectory,Global continuation,5,16,p50,0.0010910218115895987
trajectory,Global continuation,5,16,p75,0.0013357315328903496
trajectory,Global continuation,5,16,p90,0.001689595973584801
trajectory,Global continuation,5,16,p95,0.0019703231984749426
trajectory,Global continuation,5,16,p99,0.0027642197394743564
trajectory,Global continuation,5,32,patch_count,16
trajectory,Global continuation,5,32,global_mse_mean,0.001186761655844748
trajectory,Global continuation,5,32,global_psnr,35.276964854695244
trajectory,Global continuation,5,32,top10_mean,0.0015205189120024443
trajectory,Global continuation,5,32,top10_psnr,34.200681651199424
trajectory,Global continuation,5,32,top10_over_mean,1.268377661705017
trajectory,Global continuation,5,32,p95_over_mean,1.2385492887462564
trajectory,Global continuation,5,32,p99_over_mean,1.3101374564358321
trajectory,Global continuation,5,32,max_over_mean,1.328034520149231
trajectory,Global continuation,5,32,cv,0.1590617448091507
trajectory,Global continuation,5,32,gini,0.0867953038860878
trajectory,Global continuation,5,32,top10_energy_share,0.15854720771312714
trajectory,Global continuation,5,32,p50,0.0010834209388121963
trajectory,Global continuation,5,32,p75,0.001320354436757043
trajectory,Global continuation,5,32,p90,0.0016543391277082265
trajectory,Global continuation,5,32,p95,0.0019145738275256
trajectory,Global continuation,5,32,p99,0.002379908210132271
trajectory,Global continuation,10,16,patch_count,64
trajectory,Global continuation,10,16,global_mse_mean,0.001092313090339303
trajectory,Global continuation,10,16,global_psnr,35.6371285303455
trajectory,Global continuation,10,16,top10_mean,0.0015724145341664553
trajectory,Global continuation,10,16,top10_psnr,34.054929418838555
trajectory,Global continuation,10,16,top10_over_mean,1.4178297519683838
trajectory,Global continuation,10,16,p95_over_mean,1.3928459164804554
trajectory,Global continuation,10,16,p99_over_mean,1.5263977884780462
trajectory,Global continuation,10,16,max_over_mean,1.583412528038025
trajectory,Global continuation,10,16,cv,0.22773092985153198
trajectory,Global continuation,10,16,gini,0.12619115999553487
trajectory,Global continuation,10,16,top10_energy_share,0.15507511794567108
trajectory,Global continuation,10,16,p50,0.0010040238266810775
trajectory,Global continuation,10,16,p75,0.0012391793716233224
trajectory,Global continuation,10,16,p90,0.0015629033092409371
trajectory,Global continuation,10,16,p95,0.0018418563064187762
trajectory,Global continuation,10,16,p99,0.0025737305241636927
trajectory,Global continuation,10,32,patch_count,16
trajectory,Global continuation,10,32,global_mse_mean,0.001092313090339303
trajectory,Global continuation,10,32,global_psnr,35.6371285303455
trajectory,Global continuation,10,32,top10_mean,0.0014075039653107524
trajectory,Global continuation,10,32,top10_psnr,34.53610364280492
trajectory,Global continuation,10,32,top10_over_mean,1.2764441967010498
trajectory,Global continuation,10,32,p95_over_mean,1.2490988099790235
trajectory,Global continuation,10,32,p99_over_mean,1.314727667084182
trajectory,Global continuation,10,32,max_over_mean,1.3311347961425781
trajectory,Global continuation,10,32,cv,0.16327714920043945
trajectory,Global continuation,10,32,gini,0.0893540070546447
trajectory,Global continuation,10,32,top10_energy_share,0.15955552458763123
trajectory,Global continuation,10,32,p50,0.00099735998082906
trajectory,Global continuation,10,32,p75,0.0012288147408980876
trajectory,Global continuation,10,32,p90,0.0015256454702466727
trajectory,Global continuation,10,32,p95,0.0017677327676210548
trajectory,Global continuation,10,32,p99,0.0022607194166630504
trajectory,Global continuation,15,16,patch_count,64
trajectory,Global continuation,15,16,global_mse_mean,0.0012153199641034007
trajectory,Global continuation,15,16,global_psnr,35.173693591955264
trajectory,Global continuation,15,16,top10_mean,0.0018917153356596828
trajectory,Global continuation,15,16,top10_psnr,33.25204206753456
trajectory,Global continuation,15,16,top10_over_mean,1.5241655111312866
trajectory,Global continuation,15,16,p95_over_mean,1.4888207662946642
trajectory,Global continuation,15,16,p99_over_mean,1.678004111401832
trajectory,Global continuation,15,16,max_over_mean,1.7508779764175415
trajectory,Global continuation,15,16,cv,0.2717251479625702
trajectory,Global continuation,15,16,gini,0.1459758607011114
trajectory,Global continuation,15,16,top10_energy_share,0.16670560836791992
trajectory,Global continuation,15,16,p50,0.0010151434689760208
trajectory,Global continuation,15,16,p75,0.0013113662716932595
trajectory,Global continuation,15,16,p90,0.001869326771702617
trajectory,Global continuation,15,16,p95,0.0024865988641977308
trajectory,Global continuation,15,16,p99,0.004278107122518121
trajectory,Global continuation,15,32,patch_count,16
trajectory,Global continuation,15,32,global_mse_mean,0.0012153199641034007
trajectory,Global continuation,15,32,global_psnr,35.173693591955264
trajectory,Global continuation,15,32,top10_mean,0.0016771421069279313
trajectory,Global continuation,15,32,top10_psnr,33.77490128698079
trajectory,Global continuation,15,32,top10_over_mean,1.3492274284362793
trajectory,Global continuation,15,32,p95_over_mean,1.3140625457764599
trajectory,Global continuation,15,32,p99_over_mean,1.3984585743122695
trajectory,Global continuation,15,32,max_over_mean,1.4195574522018433
trajectory,Global continuation,15,32,cv,0.19986720383167267
trajectory,Global continuation,15,32,gini,0.10826502535535694
trajectory,Global continuation,15,32,top10_energy_share,0.1686534285545349
trajectory,Global continuation,15,32,p50,0.0010201066033914685
trajectory,Global continuation,15,32,p75,0.001314898137934506
trajectory,Global continuation,15,32,p90,0.0018257283722050493
trajectory,Global continuation,15,32,p95,0.002314037783071398
trajectory,Global continuation,15,32,p99,0.004034411939792334
trajectory,Global continuation,20,16,patch_count,64
trajectory,Global continuation,20,16,global_mse_mean,0.0009534971904940903
trajectory,Global continuation,20,16,global_psnr,36.22740573604786
trajectory,Global continuation,20,16,top10_mean,0.0013980993535369635
trajectory,Global continuation,20,16,top10_psnr,34.56521956427827
trajectory,Global continuation,20,16,top10_over_mean,1.4406744241714478
trajectory,Global continuation,20,16,p95_over_mean,1.4135746142157075
trajectory,Global continuation,20,16,p99_over_mean,1.558274602080064
trajectory,Global continuation,20,16,max_over_mean,1.6159685850143433
trajectory,Global continuation,20,16,cv,0.23787176609039307
trajectory,Global continuation,20,16,gini,0.1313935015946622
trajectory,Global continuation,20,16,top10_energy_share,0.15757378935813904
trajectory,Global continuation,20,16,p50,0.0008660818275529891
trajectory,Global continuation,20,16,p75,0.0010717205004766583
trajectory,Global continuation,20,16,p90,0.0013664842699654398
trajectory,Global continuation,20,16,p95,0.001668373291613532
trajectory,Global continuation,20,16,p99,0.00236814807169139
trajectory,Global continuation,20,32,patch_count,16
trajectory,Global continuation,20,32,global_mse_mean,0.0009534973069094121
trajectory,Global continuation,20,32,global_psnr,36.22740520580477
trajectory,Global continuation,20,32,top10_mean,0.001247104024514556
trajectory,Global continuation,20,32,top10_psnr,35.061573105932695
trajectory,Global continuation,20,32,top10_over_mean,1.2934751510620117
trajectory,Global continuation,20,32,p95_over_mean,1.2644867697902107
trajectory,Global continuation,20,32,p99_over_mean,1.3340590952435607
trajectory,Global continuation,20,32,max_over_mean,1.3514519929885864
trajectory,Global continuation,20,32,cv,0.17215308547019958
trajectory,Global continuation,20,32,gini,0.0940043999194245
trajectory,Global continuation,20,32,top10_energy_share,0.16168439388275146
trajectory,Global continuation,20,32,p50,0.0008638840226922184
trajectory,Global continuation,20,32,p75,0.0010701713035814464
trajectory,Global continuation,20,32,p90,0.001352571544703096
trajectory,Global continuation,20,32,p95,0.001613111677579581
trajectory,Global continuation,20,32,p99,0.0021126427641138435
final,Global continuation,20,32,lpips_mean,0.0006138294702395797
final,Global continuation,20,32,lpips_median,0.0005100432317703962
final,Global continuation,20,32,lpips_top10_mean,0.0013563461834564805
final,Global continuation,20,32,lpips_p90,0.0011086270096711817
final,Global continuation,20,32,lpips_p95,0.001533691986696793
final,Global continuation,20,32,lpips_max_mean,0.0015316620701923966
final,Global continuation,20,32,lpips_tail_gap,0.0008463030098937452
final,Global continuation,20,32,ssim_mean,0.9505069255828857
final,Global continuation,20,32,ssim_median,0.952549159526825
final,Global continuation,20,32,ssim_bottom10_mean,0.9176024794578552
final,Global continuation,20,32,ssim_p10,0.8973858058452606
final,Global continuation,20,32,ssim_min_mean,0.9130494594573975
final,Global continuation,20,32,ssim_tail_gap,0.03494684770703316
trajectory,Hard stride8 Top25,1,16,patch_count,64
trajectory,Hard stride8 Top25,1,16,global_mse_mean,0.0012983509805053473
trajectory,Hard stride8 Top25,1,16,global_psnr,34.886678810731816
trajectory,Hard stride8 Top25,1,16,top10_mean,0.001800551894120872
trajectory,Hard stride8 Top25,1,16,top10_psnr,33.46654348538982
trajectory,Hard stride8 Top25,1,16,top10_over_mean,1.3679776191711426
trajectory,Hard stride8 Top25,1,16,p95_over_mean,1.3465329827284251
trajectory,Hard stride8 Top25,1,16,p99_over_mean,1.4649338571792856
trajectory,Hard stride8 Top25,1,16,max_over_mean,1.5163038969039917
trajectory,Hard stride8 Top25,1,16,cv,0.2048216313123703
trajectory,Hard stride8 Top25,1,16,gini,0.11387873188308761
trajectory,Hard stride8 Top25,1,16,top10_energy_share,0.14962252974510193
trajectory,Hard stride8 Top25,1,16,p50,0.0012076591956429183
trajectory,Hard stride8 Top25,1,16,p75,0.0014543581928592175
trajectory,Hard stride8 Top25,1,16,p90,0.001805463258642703
trajectory,Hard stride8 Top25,1,16,p95,0.0020852425252087413
trajectory,Hard stride8 Top25,1,16,p99,0.002814406529068947
trajectory,Hard stride8 Top25,1,32,patch_count,16
trajectory,Hard stride8 Top25,1,32,global_mse_mean,0.0012983509805053473
trajectory,Hard stride8 Top25,1,32,global_psnr,34.886678810731816
trajectory,Hard stride8 Top25,1,32,top10_mean,0.0016268407925963402
trajectory,Hard stride8 Top25,1,32,top10_psnr,33.90714937641282
trajectory,Hard stride8 Top25,1,32,top10_over_mean,1.2419466972351074
trajectory,Hard stride8 Top25,1,32,p95_over_mean,1.2149008607460308
trajectory,Hard stride8 Top25,1,32,p99_over_mean,1.2798110019474278
trajectory,Hard stride8 Top25,1,32,max_over_mean,1.2960385084152222
trajectory,Hard stride8 Top25,1,32,cv,0.14493471384048462
trajectory,Hard stride8 Top25,1,32,gini,0.07913834156954919
trajectory,Hard stride8 Top25,1,32,top10_energy_share,0.15524333715438843
trajectory,Hard stride8 Top25,1,32,p50,0.0011938276002183557
trajectory,Hard stride8 Top25,1,32,p75,0.0014302247145678848
trajectory,Hard stride8 Top25,1,32,p90,0.001773395820055157
trajectory,Hard stride8 Top25,1,32,p95,0.0020287794992327685
trajectory,Hard stride8 Top25,1,32,p99,0.002484977894928306
trajectory,Hard stride8 Top25,5,16,patch_count,64
trajectory,Hard stride8 Top25,5,16,global_mse_mean,0.001174108823761344
trajectory,Hard stride8 Top25,5,16,global_psnr,35.32351639417444
trajectory,Hard stride8 Top25,5,16,top10_mean,0.001666029216721654
trajectory,Hard stride8 Top25,5,16,top10_psnr,33.803773780808825
trajectory,Hard stride8 Top25,5,16,top10_over_mean,1.397201418876648
trajectory,Hard stride8 Top25,5,16,p95_over_mean,1.3754587666812665
trajectory,Hard stride8 Top25,5,16,p99_over_mean,1.5010560537546431
trajectory,Hard stride8 Top25,5,16,max_over_mean,1.5553529262542725
trajectory,Hard stride8 Top25,5,16,cv,0.2184455692768097
trajectory,Hard stride8 Top25,5,16,gini,0.12118110884175458
trajectory,Hard stride8 Top25,5,16,top10_energy_share,0.15281890332698822
trajectory,Hard stride8 Top25,5,16,p50,0.0010824875207617879
trajectory,Hard stride8 Top25,5,16,p75,0.0013172245817258954
trajectory,Hard stride8 Top25,5,16,p90,0.0016571551794186234
trajectory,Hard stride8 Top25,5,16,p95,0.0019279074098449197
trajectory,Hard stride8 Top25,5,16,p99,0.0027091702655889075
trajectory,Hard stride8 Top25,5,32,patch_count,16
trajectory,Hard stride8 Top25,5,32,global_mse_mean,0.001174108823761344
trajectory,Hard stride8 Top25,5,32,global_psnr,35.32351639417444
trajectory,Hard stride8 Top25,5,32,top10_mean,0.001496415468864143
trajectory,Hard stride8 Top25,5,32,top10_psnr,34.2700780235538
trajectory,Hard stride8 Top25,5,32,top10_over_mean,1.2619045972824097
trajectory,Hard stride8 Top25,5,32,p95_over_mean,1.2330959897869918
trajectory,Hard stride8 Top25,5,32,p99_over_mean,1.3022367037600375
trajectory,Hard stride8 Top25,5,32,max_over_mean,1.3195219039916992
trajectory,Hard stride8 Top25,5,32,cv,0.15517720580101013
trajectory,Hard stride8 Top25,5,32,gini,0.08470227120345518
trajectory,Hard stride8 Top25,5,32,top10_energy_share,0.1577380746603012
trajectory,Hard stride8 Top25,5,32,p50,0.0010768172214739025
trajectory,Hard stride8 Top25,5,32,p75,0.0012962200271431357
trajectory,Hard stride8 Top25,5,32,p90,0.0016329166828654709
trajectory,Hard stride8 Top25,5,32,p95,0.0018558475538156909
trajectory,Hard stride8 Top25,5,32,p99,0.002320238994434476
trajectory,Hard stride8 Top25,10,16,patch_count,64
trajectory,Hard stride8 Top25,10,16,global_mse_mean,0.0010667697060853243
trajectory,Hard stride8 Top25,10,16,global_psnr,35.73989317143631
trajectory,Hard stride8 Top25,10,16,top10_mean,0.0015202000504359603
trajectory,Hard stride8 Top25,10,16,top10_psnr,34.201592487228886
trajectory,Hard stride8 Top25,10,16,top10_over_mean,1.4024772644042969
trajectory,Hard stride8 Top25,10,16,p95_over_mean,1.3773215201837912
trajectory,Hard stride8 Top25,10,16,p99_over_mean,1.5069464836823299
trajectory,Hard stride8 Top25,10,16,max_over_mean,1.5634058713912964
trajectory,Hard stride8 Top25,10,16,cv,0.22003260254859924
trajectory,Hard stride8 Top25,10,16,gini,0.12186014841872252
trajectory,Hard stride8 Top25,10,16,top10_energy_share,0.15339593589305878
trajectory,Hard stride8 Top25,10,16,p50,0.000982492114417255
trajectory,Hard stride8 Top25,10,16,p75,0.0011959926050622016
trajectory,Hard stride8 Top25,10,16,p90,0.001505920209456235
trajectory,Hard stride8 Top25,10,16,p95,0.0017780622758436946
trajectory,Hard stride8 Top25,10,16,p99,0.0024836632050573783
trajectory,Hard stride8 Top25,10,32,patch_count,16
trajectory,Hard stride8 Top25,10,32,global_mse_mean,0.0010667697060853243
trajectory,Hard stride8 Top25,10,32,global_psnr,35.73989317143631
trajectory,Hard stride8 Top25,10,32,top10_mean,0.0013642903650179505
trajectory,Hard stride8 Top25,10,32,top10_psnr,34.67153179288595
trajectory,Hard stride8 Top25,10,32,top10_over_mean,1.2661839723587036
trajectory,Hard stride8 Top25,10,32,p95_over_mean,1.2391876352159752
trajectory,Hard stride8 Top25,10,32,p99_over_mean,1.3039785921024256
trajectory,Hard stride8 Top25,10,32,max_over_mean,1.3201762437820435
trajectory,Hard stride8 Top25,10,32,cv,0.15713077783584595
trajectory,Hard stride8 Top25,10,32,gini,0.08587940646132848
trajectory,Hard stride8 Top25,10,32,top10_energy_share,0.15827299654483795
trajectory,Hard stride8 Top25,10,32,p50,0.000977051502559334
trajectory,Hard stride8 Top25,10,32,p75,0.0011914147180505097
trajectory,Hard stride8 Top25,10,32,p90,0.0014805833343416452
trajectory,Hard stride8 Top25,10,32,p95,0.0017263288842514156
trajectory,Hard stride8 Top25,10,32,p99,0.0021926425327546896
trajectory,Hard stride8 Top25,15,16,patch_count,64
trajectory,Hard stride8 Top25,15,16,global_mse_mean,0.0010807047365233302
trajectory,Hard stride8 Top25,15,16,global_psnr,35.68352936425819
trajectory,Hard stride8 Top25,15,16,top10_mean,0.0015661870129406452
trajectory,Hard stride8 Top25,15,16,top10_psnr,34.07216372917051
trajectory,Hard stride8 Top25,15,16,top10_over_mean,1.424810528755188
trajectory,Hard stride8 Top25,15,16,p95_over_mean,1.397580682976112
trajectory,Hard stride8 Top25,15,16,p99_over_mean,1.5384713615754038
trajectory,Hard stride8 Top25,15,16,max_over_mean,1.5958492755889893
trajectory,Hard stride8 Top25,15,16,cv,0.2302638441324234
trajectory,Hard stride8 Top25,15,16,gini,0.12686900303308574
trajectory,Hard stride8 Top25,15,16,top10_energy_share,0.15583866834640503
trajectory,Hard stride8 Top25,15,16,p50,0.0009632612636778504
trajectory,Hard stride8 Top25,15,16,p75,0.0012022665468975902
trajectory,Hard stride8 Top25,15,16,p90,0.0016104467678815127
trajectory,Hard stride8 Top25,15,16,p95,0.002023804245982319
trajectory,Hard stride8 Top25,15,16,p99,0.0026523909810930485
trajectory,Hard stride8 Top25,15,32,patch_count,16
trajectory,Hard stride8 Top25,15,32,global_mse_mean,0.0010807046201080084
trajectory,Hard stride8 Top25,15,32,global_psnr,35.6835298320875
trajectory,Hard stride8 Top25,15,32,top10_mean,0.0014090347103774548
trajectory,Hard stride8 Top25,15,32,top10_psnr,34.531382996098635
trajectory,Hard stride8 Top25,15,32,top10_over_mean,1.2859222888946533
trajectory,Hard stride8 Top25,15,32,p95_over_mean,1.260787482774357
trajectory,Hard stride8 Top25,15,32,p99_over_mean,1.3211112231893665
trajectory,Hard stride8 Top25,15,32,max_over_mean,1.336192011833191
trajectory,Hard stride8 Top25,15,32,cv,0.16722704470157623
trajectory,Hard stride8 Top25,15,32,gini,0.09166590774286508
trajectory,Hard stride8 Top25,15,32,top10_energy_share,0.16074028611183167
trajectory,Hard stride8 Top25,15,32,p50,0.0009546519431751221
trajectory,Hard stride8 Top25,15,32,p75,0.0012208936386741698
trajectory,Hard stride8 Top25,15,32,p90,0.0015426745638251304
trajectory,Hard stride8 Top25,15,32,p95,0.0019320372026413676
trajectory,Hard stride8 Top25,15,32,p99,0.0024374354048632084
trajectory,Hard stride8 Top25,20,16,patch_count,64
trajectory,Hard stride8 Top25,20,16,global_mse_mean,0.0009141174959950149
trajectory,Hard stride8 Top25,20,16,global_psnr,36.410579700112976
trajectory,Hard stride8 Top25,20,16,top10_mean,0.0013162423856556416
trajectory,Hard stride8 Top25,20,16,top10_psnr,34.827241194818484
trajectory,Hard stride8 Top25,20,16,top10_over_mean,1.4113048315048218
trajectory,Hard stride8 Top25,20,16,p95_over_mean,1.383589490587863
trajectory,Hard stride8 Top25,20,16,p99_over_mean,1.520112184853065
trajectory,Hard stride8 Top25,20,16,max_over_mean,1.5745911598205566
trajectory,Hard stride8 Top25,20,16,cv,0.22298845648765564
trajectory,Hard stride8 Top25,20,16,gini,0.12309747113080434
trajectory,Hard stride8 Top25,20,16,top10_energy_share,0.15436147153377533
trajectory,Hard stride8 Top25,20,16,p50,0.0008320243796333671
trajectory,Hard stride8 Top25,20,16,p75,0.001004589139483869
trajectory,Hard stride8 Top25,20,16,p90,0.0013040216639637946
trajectory,Hard stride8 Top25,20,16,p95,0.0015820641943719233
trajectory,Hard stride8 Top25,20,16,p99,0.002256647653412071
trajectory,Hard stride8 Top25,20,32,patch_count,16
trajectory,Hard stride8 Top25,20,32,global_mse_mean,0.0009141174959950149
trajectory,Hard stride8 Top25,20,32,global_psnr,36.410579700112976
trajectory,Hard stride8 Top25,20,32,top10_mean,0.0011785817332565784
trajectory,Hard stride8 Top25,20,32,top10_psnr,35.3070028561189
trajectory,Hard stride8 Top25,20,32,top10_over_mean,1.273552417755127
trajectory,Hard stride8 Top25,20,32,p95_over_mean,1.2454310266990782
trajectory,Hard stride8 Top25,20,32,p99_over_mean,1.3129223842569613
trajectory,Hard stride8 Top25,20,32,max_over_mean,1.329795241355896
trajectory,Hard stride8 Top25,20,32,cv,0.1602061688899994
trajectory,Hard stride8 Top25,20,32,gini,0.08729641755518167
trajectory,Hard stride8 Top25,20,32,top10_energy_share,0.15919405221939087
trajectory,Hard stride8 Top25,20,32,p50,0.0008271748665720224
trajectory,Hard stride8 Top25,20,32,p75,0.0010105364490300417
trajectory,Hard stride8 Top25,20,32,p90,0.0013091508648358286
trajectory,Hard stride8 Top25,20,32,p95,0.0015232932812068605
trajectory,Hard stride8 Top25,20,32,p99,0.0019645477388985453
final,Hard stride8 Top25,20,32,lpips_mean,0.000580786494538188
final,Hard stride8 Top25,20,32,lpips_median,0.00047642458230257034
final,Hard stride8 Top25,20,32,lpips_top10_mean,0.0012927381321787834
final,Hard stride8 Top25,20,32,lpips_p90,0.0010523323668166996
final,Hard stride8 Top25,20,32,lpips_p95,0.001364136184565722
final,Hard stride8 Top25,20,32,lpips_max_mean,0.0014647245407104492
final,Hard stride8 Top25,20,32,lpips_tail_gap,0.0008163137827068567
final,Hard stride8 Top25,20,32,ssim_mean,0.9522051811218262
final,Hard stride8 Top25,20,32,ssim_median,0.9542276859283447
final,Hard stride8 Top25,20,32,ssim_bottom10_mean,0.9206298589706421
final,Hard stride8 Top25,20,32,ssim_p10,0.9017160058021545
final,Hard stride8 Top25,20,32,ssim_min_mean,0.9162927269935608
final,Hard stride8 Top25,20,32,ssim_tail_gap,0.03359776362776756
trajectory,Hard stride8 Top10,1,16,patch_count,64
trajectory,Hard stride8 Top10,1,16,global_mse_mean,0.0013000026810914278
trajectory,Hard stride8 Top10,1,16,global_psnr,34.88115743342655
trajectory,Hard stride8 Top10,1,16,top10_mean,0.001799736637622118
trajectory,Hard stride8 Top10,1,16,top10_psnr,33.46851033555572
trajectory,Hard stride8 Top10,1,16,top10_over_mean,1.3657472133636475
trajectory,Hard stride8 Top10,1,16,p95_over_mean,1.344510348746279
trajectory,Hard stride8 Top10,1,16,p99_over_mean,1.462113921697492
trajectory,Hard stride8 Top10,1,16,max_over_mean,1.5138118267059326
trajectory,Hard stride8 Top10,1,16,cv,0.203801229596138
trajectory,Hard stride8 Top10,1,16,gini,0.1133206498963889
trajectory,Hard stride8 Top10,1,16,top10_energy_share,0.14937859773635864
trajectory,Hard stride8 Top10,1,16,p50,0.0012092207907699049
trajectory,Hard stride8 Top10,1,16,p75,0.0014565779129043221
trajectory,Hard stride8 Top10,1,16,p90,0.0018015212379395961
trajectory,Hard stride8 Top10,1,16,p95,0.002082342631183564
trajectory,Hard stride8 Top10,1,16,p99,0.0028179712453857055
trajectory,Hard stride8 Top10,1,32,patch_count,16
trajectory,Hard stride8 Top10,1,32,global_mse_mean,0.0013000026810914278
trajectory,Hard stride8 Top10,1,32,global_psnr,34.88115743342655
trajectory,Hard stride8 Top10,1,32,top10_mean,0.0016269119223579764
trajectory,Hard stride8 Top10,1,32,top10_psnr,33.906959495584815
trajectory,Hard stride8 Top10,1,32,top10_over_mean,1.2404705286026
trajectory,Hard stride8 Top10,1,32,p95_over_mean,1.2135757987539235
trajectory,Hard stride8 Top10,1,32,p99_over_mean,1.2781232273606462
trajectory,Hard stride8 Top10,1,32,max_over_mean,1.2942601442337036
trajectory,Hard stride8 Top10,1,32,cv,0.14416168630123138
trajectory,Hard stride8 Top10,1,32,gini,0.07871533091568095
trajectory,Hard stride8 Top10,1,32,top10_energy_share,0.155058816075325
trajectory,Hard stride8 Top10,1,32,p50,0.0011970734922215343
trajectory,Hard stride8 Top10,1,32,p75,0.0014318266476038843
trajectory,Hard stride8 Top10,1,32,p90,0.0017740650335326793
trajectory,Hard stride8 Top10,1,32,p95,0.002028272056486457
trajectory,Hard stride8 Top10,1,32,p99,0.0024809405230917033
trajectory,Hard stride8 Top10,5,16,patch_count,64
trajectory,Hard stride8 Top10,5,16,global_mse_mean,0.001168226357549429
trajectory,Hard stride8 Top10,5,16,global_psnr,35.34532990751851
trajectory,Hard stride8 Top10,5,16,top10_mean,0.0016544864047318697
trajectory,Hard stride8 Top10,5,16,top10_psnr,33.83396788507937
trajectory,Hard stride8 Top10,5,16,top10_over_mean,1.394648551940918
trajectory,Hard stride8 Top10,5,16,p95_over_mean,1.3723932600620556
trajectory,Hard stride8 Top10,5,16,p99_over_mean,1.4976137731059023
trajectory,Hard stride8 Top10,5,16,max_over_mean,1.551886796951294
trajectory,Hard stride8 Top10,5,16,cv,0.2172120064496994
trajectory,Hard stride8 Top10,5,16,gini,0.12050674154826753
trajectory,Hard stride8 Top10,5,16,top10_energy_share,0.1525396853685379
trajectory,Hard stride8 Top10,5,16,p50,0.0010783711913973093
trajectory,Hard stride8 Top10,5,16,p75,0.0013101632648613304
trajectory,Hard stride8 Top10,5,16,p90,0.0016448617912828921
trajectory,Hard stride8 Top10,5,16,p95,0.0019154587993398307
trajectory,Hard stride8 Top10,5,16,p99,0.002658303310163312
trajectory,Hard stride8 Top10,5,32,patch_count,16
trajectory,Hard stride8 Top10,5,32,global_mse_mean,0.001168226357549429
trajectory,Hard stride8 Top10,5,32,global_psnr,35.34532990751851
trajectory,Hard stride8 Top10,5,32,top10_mean,0.0014865939738228917
trajectory,Hard stride8 Top10,5,32,top10_psnr,34.298676233485665
trajectory,Hard stride8 Top10,5,32,top10_over_mean,1.2600719928741455
trajectory,Hard stride8 Top10,5,32,p95_over_mean,1.231562233097097
trajectory,Hard stride8 Top10,5,32,p99_over_mean,1.2999856096083904
trajectory,Hard stride8 Top10,5,32,max_over_mean,1.3170913457870483
trajectory,Hard stride8 Top10,5,32,cv,0.15414553880691528
trajectory,Hard stride8 Top10,5,32,gini,0.0841559661294724
trajectory,Hard stride8 Top10,5,32,top10_energy_share,0.1575089991092682
trajectory,Hard stride8 Top10,5,32,p50,0.0010717776603996754
trajectory,Hard stride8 Top10,5,32,p75,0.0012886646436527371
trajectory,Hard stride8 Top10,5,32,p90,0.001620611397083849
trajectory,Hard stride8 Top10,5,32,p95,0.0018458842998370516
trajectory,Hard stride8 Top10,5,32,p99,0.002300725621171296
trajectory,Hard stride8 Top10,10,16,patch_count,64
trajectory,Hard stride8 Top10,10,16,global_mse_mean,0.0010615019127726555
trajectory,Hard stride8 Top10,10,16,global_psnr,35.76139210248591
trajectory,Hard stride8 Top10,10,16,top10_mean,0.0015071802772581577
trajectory,Hard stride8 Top10,10,16,top10_psnr,34.238947889563846
trajectory,Hard stride8 Top10,10,16,top10_over_mean,1.397322654724121
trajectory,Hard stride8 Top10,10,16,p95_over_mean,1.3723112354681448
trajectory,Hard stride8 Top10,10,16,p99_over_mean,1.5005431618539304
trajectory,Hard stride8 Top10,10,16,max_over_mean,1.5560548305511475
trajectory,Hard stride8 Top10,10,16,cv,0.21771955490112305
trajectory,Hard stride8 Top10,10,16,gini,0.12060229146276132
trajectory,Hard stride8 Top10,10,16,top10_energy_share,0.15283218026161194
trajectory,Hard stride8 Top10,10,16,p50,0.0009783627465367317
trajectory,Hard stride8 Top10,10,16,p75,0.0011867720168083906
trajectory,Hard stride8 Top10,10,16,p90,0.0014931009267456828
trajectory,Hard stride8 Top10,10,16,p95,0.0017669668770395211
trajectory,Hard stride8 Top10,10,16,p99,0.0024611022672615893
trajectory,Hard stride8 Top10,10,32,patch_count,16
trajectory,Hard stride8 Top10,10,32,global_mse_mean,0.0010615019127726555
trajectory,Hard stride8 Top10,10,32,global_psnr,35.76139210248591
trajectory,Hard stride8 Top10,10,32,top10_mean,0.0013537490740418434
trajectory,Hard stride8 Top10,10,32,top10_psnr,34.70521818749917
trajectory,Hard stride8 Top10,10,32,top10_over_mean,1.2626739740371704
trajectory,Hard stride8 Top10,10,32,p95_over_mean,1.235810461235333
trajectory,Hard stride8 Top10,10,32,p99_over_mean,1.3002828700000635
trajectory,Hard stride8 Top10,10,32,max_over_mean,1.3164008855819702
trajectory,Hard stride8 Top10,10,32,cv,0.15526290237903595
trajectory,Hard stride8 Top10,10,32,gini,0.08482930784326698
trajectory,Hard stride8 Top10,10,32,top10_energy_share,0.1578342467546463
trajectory,Hard stride8 Top10,10,32,p50,0.000974293943727389
trajectory,Hard stride8 Top10,10,32,p75,0.001175641780719161
trajectory,Hard stride8 Top10,10,32,p90,0.0014696266851387918
trajectory,Hard stride8 Top10,10,32,p95,0.001709326216951012
trajectory,Hard stride8 Top10,10,32,p99,0.0021764014731161297
trajectory,Hard stride8 Top10,15,16,patch_count,64
trajectory,Hard stride8 Top10,15,16,global_mse_mean,0.0010617198422551155
trajectory,Hard stride8 Top10,15,16,global_psnr,35.760500574582295
trajectory,Hard stride8 Top10,15,16,top10_mean,0.0015162581112235785
trajectory,Hard stride8 Top10,15,16,top10_psnr,34.212868541885555
trajectory,Hard stride8 Top10,15,16,top10_over_mean,1.4052947759628296
trajectory,Hard stride8 Top10,15,16,p95_over_mean,1.3794107031996998
trajectory,Hard stride8 Top10,15,16,p99_over_mean,1.5121566443328818
trajectory,Hard stride8 Top10,15,16,max_over_mean,1.566550612449646
trajectory,Hard stride8 Top10,15,16,cv,0.22121816873550415
trajectory,Hard stride8 Top10,15,16,gini,0.1222339340451621
trajectory,Hard stride8 Top10,15,16,top10_energy_share,0.15370410680770874
trajectory,Hard stride8 Top10,15,16,p50,0.0009627967083361
trajectory,Hard stride8 Top10,15,16,p75,0.0011881942045874894
trajectory,Hard stride8 Top10,15,16,p90,0.0015629250905476503
trajectory,Hard stride8 Top10,15,16,p95,0.0018905494944192467
trajectory,Hard stride8 Top10,15,16,p99,0.0025466111931018473
trajectory,Hard stride8 Top10,15,32,patch_count,16
trajectory,Hard stride8 Top10,15,32,global_mse_mean,0.0010617198422551155
trajectory,Hard stride8 Top10,15,32,global_psnr,35.760500574582295
trajectory,Hard stride8 Top10,15,32,top10_mean,0.0013658618554472923
trajectory,Hard stride8 Top10,15,32,top10_psnr,34.666532147136635
trajectory,Hard stride8 Top10,15,32,top10_over_mean,1.2716175317764282
trajectory,Hard stride8 Top10,15,32,p95_over_mean,1.246471625034499
trajectory,Hard stride8 Top10,15,32,p99_over_mean,1.3068218274805656
trajectory,Hard stride8 Top10,15,32,max_over_mean,1.3219093084335327
trajectory,Hard stride8 Top10,15,32,cv,0.1597316563129425
trajectory,Hard stride8 Top10,15,32,gini,0.0875460563773447
trajectory,Hard stride8 Top10,15,32,top10_energy_share,0.15895219147205353
trajectory,Hard stride8 Top10,15,32,p50,0.0009523909538984299
trajectory,Hard stride8 Top10,15,32,p75,0.0011976275127381086
trajectory,Hard stride8 Top10,15,32,p90,0.0015196104068309069
trajectory,Hard stride8 Top10,15,32,p95,0.0018415864498820154
trajectory,Hard stride8 Top10,15,32,p99,0.0022023595450446003
trajectory,Hard stride8 Top10,20,16,patch_count,64
trajectory,Hard stride8 Top10,20,16,global_mse_mean,0.0009148378157988191
trajectory,Hard stride8 Top10,20,16,global_psnr,36.40715882995661
trajectory,Hard stride8 Top10,20,16,top10_mean,0.0013081873767077923
trajectory,Hard stride8 Top10,20,16,top10_psnr,34.85390037215856
trajectory,Hard stride8 Top10,20,16,top10_over_mean,1.401869535446167
trajectory,Hard stride8 Top10,20,16,p95_over_mean,1.374263971647688
trajectory,Hard stride8 Top10,20,16,p99_over_mean,1.5077855060594527
trajectory,Hard stride8 Top10,20,16,max_over_mean,1.5596444606781006
trajectory,Hard stride8 Top10,20,16,cv,0.21894559264183044
trajectory,Hard stride8 Top10,20,16,gini,0.12098732517695192
trajectory,Hard stride8 Top10,20,16,top10_energy_share,0.15332946181297302
trajectory,Hard stride8 Top10,20,16,p50,0.0008334498852491379
trajectory,Hard stride8 Top10,20,16,p75,0.0010042214998975396
trajectory,Hard stride8 Top10,20,16,p90,0.0012989550363272427
trajectory,Hard stride8 Top10,20,16,p95,0.0015726744895800948
trajectory,Hard stride8 Top10,20,16,p99,0.002221392823848873
trajectory,Hard stride8 Top10,20,32,patch_count,16
trajectory,Hard stride8 Top10,20,32,global_mse_mean,0.0009148378157988191
trajectory,Hard stride8 Top10,20,32,global_psnr,36.40715882995661
trajectory,Hard stride8 Top10,20,32,top10_mean,0.0011734432773664594
trajectory,Hard stride8 Top10,20,32,top10_psnr,35.32597890083706
trajectory,Hard stride8 Top10,20,32,top10_over_mean,1.2674072980880737
trajectory,Hard stride8 Top10,20,32,p95_over_mean,1.2397694867158982
trajectory,Hard stride8 Top10,20,32,p99_over_mean,1.3061002709644
trajectory,Hard stride8 Top10,20,32,max_over_mean,1.3226829767227173
trajectory,Hard stride8 Top10,20,32,cv,0.1568867564201355
trajectory,Hard stride8 Top10,20,32,gini,0.08552358332631686
trajectory,Hard stride8 Top10,20,32,top10_energy_share,0.15842591226100922
trajectory,Hard stride8 Top10,20,32,p50,0.0008290755795314908
trajectory,Hard stride8 Top10,20,32,p75,0.0010099824867211282
trajectory,Hard stride8 Top10,20,32,p90,0.0013007374713197351
trajectory,Hard stride8 Top10,20,32,p95,0.0015222076384816317
trajectory,Hard stride8 Top10,20,32,p99,0.001949184889672324
final,Hard stride8 Top10,20,32,lpips_mean,0.0005987959448248148
final,Hard stride8 Top10,20,32,lpips_median,0.0004863088543061167
final,Hard stride8 Top10,20,32,lpips_top10_mean,0.0013562452513724566
final,Hard stride8 Top10,20,32,lpips_p90,0.0010889442986808718
final,Hard stride8 Top10,20,32,lpips_p95,0.001474758709082379
final,Hard stride8 Top10,20,32,lpips_max_mean,0.0015436169924214482
final,Hard stride8 Top10,20,32,lpips_tail_gap,0.0008699364261701703
final,Hard stride8 Top10,20,32,ssim_mean,0.9519391655921936
final,Hard stride8 Top10,20,32,ssim_median,0.9540388584136963
final,Hard stride8 Top10,20,32,ssim_bottom10_mean,0.9200698137283325
final,Hard stride8 Top10,20,32,ssim_p10,0.901307475566864
final,Hard stride8 Top10,20,32,ssim_min_mean,0.9157361388206482
final,Hard stride8 Top10,20,32,ssim_tail_gap,0.03396902233362198
trajectory,Gradient-aware Top10 alpha2,1,16,patch_count,64
trajectory,Gradient-aware Top10 alpha2,1,16,global_mse_mean,0.0012942733010277152
trajectory,Gradient-aware Top10 alpha2,1,16,global_psnr,34.90033998924471
trajectory,Gradient-aware Top10 alpha2,1,16,top10_mean,0.0017998036928474903
trajectory,Gradient-aware Top10 alpha2,1,16,top10_psnr,33.46834852759308
trajectory,Gradient-aware Top10 alpha2,1,16,top10_over_mean,1.371718168258667
trajectory,Gradient-aware Top10 alpha2,1,16,p95_over_mean,1.3496786339196103
trajectory,Gradient-aware Top10 alpha2,1,16,p99_over_mean,1.4689332191901454
trajectory,Gradient-aware Top10 alpha2,1,16,max_over_mean,1.5213570594787598
trajectory,Gradient-aware Top10 alpha2,1,16,cv,0.2069125920534134
trajectory,Gradient-aware Top10 alpha2,1,16,gini,0.11505150774761613
trajectory,Gradient-aware Top10 alpha2,1,16,top10_energy_share,0.15003164112567902
trajectory,Gradient-aware Top10 alpha2,1,16,p50,0.0012033918173983693
trajectory,Gradient-aware Top10 alpha2,1,16,p75,0.0014505410508718342
trajectory,Gradient-aware Top10 alpha2,1,16,p90,0.0018030777922831474
trajectory,Gradient-aware Top10 alpha2,1,16,p95,0.0020812110975384703
trajectory,Gradient-aware Top10 alpha2,1,16,p99,0.00280985435238108
trajectory,Gradient-aware Top10 alpha2,1,32,patch_count,16
trajectory,Gradient-aware Top10 alpha2,1,32,global_mse_mean,0.0012942733010277152
trajectory,Gradient-aware Top10 alpha2,1,32,global_psnr,34.90033998924471
trajectory,Gradient-aware Top10 alpha2,1,32,top10_mean,0.0016265454469248652
trajectory,Gradient-aware Top10 alpha2,1,32,top10_psnr,33.90793789020297
trajectory,Gradient-aware Top10 alpha2,1,32,top10_over_mean,1.2457236051559448
trajectory,Gradient-aware Top10 alpha2,1,32,p95_over_mean,1.2184277622787827
trajectory,Gradient-aware Top10 alpha2,1,32,p99_over_mean,1.2839377133279155
trajectory,Gradient-aware Top10 alpha2,1,32,max_over_mean,1.300315260887146
trajectory,Gradient-aware Top10 alpha2,1,32,cv,0.14681017398834229
trajectory,Gradient-aware Top10 alpha2,1,32,gini,0.08018372194163673
trajectory,Gradient-aware Top10 alpha2,1,32,top10_energy_share,0.1557154506444931
trajectory,Gradient-aware Top10 alpha2,1,32,p50,0.0011911647161468863
trajectory,Gradient-aware Top10 alpha2,1,32,p75,0.001428843941539526
trajectory,Gradient-aware Top10 alpha2,1,32,p90,0.001773007877636701
trajectory,Gradient-aware Top10 alpha2,1,32,p95,0.0020274500013329087
trajectory,Gradient-aware Top10 alpha2,1,32,p99,0.0024843865795992313
trajectory,Gradient-aware Top10 alpha2,5,16,patch_count,64
trajectory,Gradient-aware Top10 alpha2,5,16,global_mse_mean,0.0011834623292088509
trajectory,Gradient-aware Top10 alpha2,5,16,global_psnr,35.289055528711444
trajectory,Gradient-aware Top10 alpha2,5,16,top10_mean,0.0016806196654215455
trajectory,Gradient-aware Top10 alpha2,5,16,top10_psnr,33.76590550284446
trajectory,Gradient-aware Top10 alpha2,5,16,top10_over_mean,1.3986058235168457
trajectory,Gradient-aware Top10 alpha2,5,16,p95_over_mean,1.3760366168012956
trajectory,Gradient-aware Top10 alpha2,5,16,p99_over_mean,1.5018713068410323
trajectory,Gradient-aware Top10 alpha2,5,16,max_over_mean,1.5565392971038818
trajectory,Gradient-aware Top10 alpha2,5,16,cv,0.21928270161151886
trajectory,Gradient-aware Top10 alpha2,5,16,gini,0.12166920703822315
trajectory,Gradient-aware Top10 alpha2,5,16,top10_energy_share,0.1529725193977356
trajectory,Gradient-aware Top10 alpha2,5,16,p50,0.0010925600654445589
trajectory,Gradient-aware Top10 alpha2,5,16,p75,0.0013300899299792945
trajectory,Gradient-aware Top10 alpha2,5,16,p90,0.0016689716838300228
trajectory,Gradient-aware Top10 alpha2,5,16,p95,0.001944494759663939
trajectory,Gradient-aware Top10 alpha2,5,16,p99,0.0027252114820294055
trajectory,Gradient-aware Top10 alpha2,5,32,patch_count,16
trajectory,Gradient-aware Top10 alpha2,5,32,global_mse_mean,0.0011834623292088509
trajectory,Gradient-aware Top10 alpha2,5,32,global_psnr,35.289055528711444
trajectory,Gradient-aware Top10 alpha2,5,32,top10_mean,0.0015098622534424067
trajectory,Gradient-aware Top10 alpha2,5,32,top10_psnr,34.23122663437855
trajectory,Gradient-aware Top10 alpha2,5,32,top10_over_mean,1.2635351419448853
trajectory,Gradient-aware Top10 alpha2,5,32,p95_over_mean,1.2349828506196598
trajectory,Gradient-aware Top10 alpha2,5,32,p99_over_mean,1.3035082165808602
trajectory,Gradient-aware Top10 alpha2,5,32,max_over_mean,1.3206396102905273
trajectory,Gradient-aware Top10 alpha2,5,32,cv,0.15597985684871674
trajectory,Gradient-aware Top10 alpha2,5,32,gini,0.08524954149139624
trajectory,Gradient-aware Top10 alpha2,5,32,top10_energy_share,0.15794189274311066
trajectory,Gradient-aware Top10 alpha2,5,32,p50,0.0010839950991794467
trajectory,Gradient-aware Top10 alpha2,5,32,p75,0.001314633700530976
trajectory,Gradient-aware Top10 alpha2,5,32,p90,0.0016419945401139559
trajectory,Gradient-aware Top10 alpha2,5,32,p95,0.0018645425385329858
trajectory,Gradient-aware Top10 alpha2,5,32,p99,0.002327538295648992
trajectory,Gradient-aware Top10 alpha2,10,16,patch_count,64
trajectory,Gradient-aware Top10 alpha2,10,16,global_mse_mean,0.001075427862815559
trajectory,Gradient-aware Top10 alpha2,10,16,global_psnr,35.704787070850486
trajectory,Gradient-aware Top10 alpha2,10,16,top10_mean,0.0015281253727152944
trajectory,Gradient-aware Top10 alpha2,10,16,top10_psnr,34.17901004598244
trajectory,Gradient-aware Top10 alpha2,10,16,top10_over_mean,1.3980125188827515
trajectory,Gradient-aware Top10 alpha2,10,16,p95_over_mean,1.3762665736592232
trajectory,Gradient-aware Top10 alpha2,10,16,p99_over_mean,1.5010757352813118
trajectory,Gradient-aware Top10 alpha2,10,16,max_over_mean,1.5550352334976196
trajectory,Gradient-aware Top10 alpha2,10,16,cv,0.21950703859329224
trajectory,Gradient-aware Top10 alpha2,10,16,gini,0.1217231136647694
trajectory,Gradient-aware Top10 alpha2,10,16,top10_energy_share,0.1529076099395752
trajectory,Gradient-aware Top10 alpha2,10,16,p50,0.0009912416571751237
trajectory,Gradient-aware Top10 alpha2,10,16,p75,0.0012001722934655845
trajectory,Gradient-aware Top10 alpha2,10,16,p90,0.0015197488130070267
trajectory,Gradient-aware Top10 alpha2,10,16,p95,0.0018003617995418606
trajectory,Gradient-aware Top10 alpha2,10,16,p99,0.002497018033172933
trajectory,Gradient-aware Top10 alpha2,10,32,patch_count,16
trajectory,Gradient-aware Top10 alpha2,10,32,global_mse_mean,0.001075427862815559
trajectory,Gradient-aware Top10 alpha2,10,32,global_psnr,35.704787070850486
trajectory,Gradient-aware Top10 alpha2,10,32,top10_mean,0.0013746422482654452
trajectory,Gradient-aware Top10 alpha2,10,32,top10_psnr,34.63870303939853
trajectory,Gradient-aware Top10 alpha2,10,32,top10_over_mean,1.2655037641525269
trajectory,Gradient-aware Top10 alpha2,10,32,p95_over_mean,1.2379061096547253
trajectory,Gradient-aware Top10 alpha2,10,32,p99_over_mean,1.3041403701259693
trajectory,Gradient-aware Top10 alpha2,10,32,max_over_mean,1.3206989765167236
trajectory,Gradient-aware Top10 alpha2,10,32,cv,0.15707416832447052
trajectory,Gradient-aware Top10 alpha2,10,32,gini,0.08578135533407943
trajectory,Gradient-aware Top10 alpha2,10,32,top10_energy_share,0.15818797051906586
trajectory,Gradient-aware Top10 alpha2,10,32,p50,0.0009823128348216414
trajectory,Gradient-aware Top10 alpha2,10,32,p75,0.0011796003382187337
trajectory,Gradient-aware Top10 alpha2,10,32,p90,0.0014940241002477709
trajectory,Gradient-aware Top10 alpha2,10,32,p95,0.0017322595580480991
trajectory,Gradient-aware Top10 alpha2,10,32,p99,0.002188138794153929
trajectory,Gradient-aware Top10 alpha2,15,16,patch_count,64
trajectory,Gradient-aware Top10 alpha2,15,16,global_mse_mean,0.0010970768053084612
trajectory,Gradient-aware Top10 alpha2,15,16,global_psnr,35.618229581434036
trajectory,Gradient-aware Top10 alpha2,15,16,top10_mean,0.0015756258508190513
trajectory,Gradient-aware Top10 alpha2,15,16,top10_psnr,34.046068937935694
trajectory,Gradient-aware Top10 alpha2,15,16,top10_over_mean,1.4133485555648804
trajectory,Gradient-aware Top10 alpha2,15,16,p95_over_mean,1.3869358477582687
trajectory,Gradient-aware Top10 alpha2,15,16,p99_over_mean,1.5196661982597717
trajectory,Gradient-aware Top10 alpha2,15,16,max_over_mean,1.5728578567504883
trajectory,Gradient-aware Top10 alpha2,15,16,cv,0.22645816206932068
trajectory,Gradient-aware Top10 alpha2,15,16,gini,0.12529515728107746
trajectory,Gradient-aware Top10 alpha2,15,16,top10_energy_share,0.15458498895168304
trajectory,Gradient-aware Top10 alpha2,15,16,p50,0.0009946079226210713
trajectory,Gradient-aware Top10 alpha2,15,16,p75,0.001227630884386599
trajectory,Gradient-aware Top10 alpha2,15,16,p90,0.001625054166652262
trajectory,Gradient-aware Top10 alpha2,15,16,p95,0.0019511670048814264
trajectory,Gradient-aware Top10 alpha2,15,16,p99,0.0026491343881934848
trajectory,Gradient-aware Top10 alpha2,15,32,patch_count,16
trajectory,Gradient-aware Top10 alpha2,15,32,global_mse_mean,0.0010970768053084612
trajectory,Gradient-aware Top10 alpha2,15,32,global_psnr,35.618229581434036
trajectory,Gradient-aware Top10 alpha2,15,32,top10_mean,0.0014195010298863053
trajectory,Gradient-aware Top10 alpha2,15,32,top10_psnr,34.49924279373605
trajectory,Gradient-aware Top10 alpha2,15,32,top10_over_mean,1.2795861959457397
trajectory,Gradient-aware Top10 alpha2,15,32,p95_over_mean,1.2548898143722231
trajectory,Gradient-aware Top10 alpha2,15,32,p99_over_mean,1.3141611982853476
trajectory,Gradient-aware Top10 alpha2,15,32,max_over_mean,1.3289791345596313
trajectory,Gradient-aware Top10 alpha2,15,32,cv,0.16385675966739655
trajectory,Gradient-aware Top10 alpha2,15,32,gini,0.08990676476052545
trajectory,Gradient-aware Top10 alpha2,15,32,top10_energy_share,0.15994827449321747
trajectory,Gradient-aware Top10 alpha2,15,32,p50,0.0009862463921308517
trajectory,Gradient-aware Top10 alpha2,15,32,p75,0.0012396998063195497
trajectory,Gradient-aware Top10 alpha2,15,32,p90,0.0015664876671507956
trajectory,Gradient-aware Top10 alpha2,15,32,p95,0.001915615430334583
trajectory,Gradient-aware Top10 alpha2,15,32,p99,0.0022839167434722182
trajectory,Gradient-aware Top10 alpha2,20,16,patch_count,64
trajectory,Gradient-aware Top10 alpha2,20,16,global_mse_mean,0.0009383237338624895
trajectory,Gradient-aware Top10 alpha2,20,16,global_psnr,36.29707289864035
trajectory,Gradient-aware Top10 alpha2,20,16,top10_mean,0.0013485098024830222
trajectory,Gradient-aware Top10 alpha2,20,16,top10_psnr,34.72205883587764
trajectory,Gradient-aware Top10 alpha2,20,16,top10_over_mean,1.409544825553894
trajectory,Gradient-aware Top10 alpha2,20,16,p95_over_mean,1.381357949839765
trajectory,Gradient-aware Top10 alpha2,20,16,p99_over_mean,1.5202095092245052
trajectory,Gradient-aware Top10 alpha2,20,16,max_over_mean,1.5745617151260376
trajectory,Gradient-aware Top10 alpha2,20,16,cv,0.22362014651298523
trajectory,Gradient-aware Top10 alpha2,20,16,gini,0.12356090451426402
trajectory,Gradient-aware Top10 alpha2,20,16,top10_energy_share,0.154168963432312
trajectory,Gradient-aware Top10 alpha2,20,16,p50,0.0008546385215595365
trajectory,Gradient-aware Top10 alpha2,20,16,p75,0.0010309879726264626
trajectory,Gradient-aware Top10 alpha2,20,16,p90,0.0013428897131234408
trajectory,Gradient-aware Top10 alpha2,20,16,p95,0.0016333039384335277
trajectory,Gradient-aware Top10 alpha2,20,16,p99,0.0023162688408046956
trajectory,Gradient-aware Top10 alpha2,20,32,patch_count,16
trajectory,Gradient-aware Top10 alpha2,20,32,global_mse_mean,0.0009383237338624895
trajectory,Gradient-aware Top10 alpha2,20,32,global_psnr,36.29707289864035
trajectory,Gradient-aware Top10 alpha2,20,32,top10_mean,0.001210283488035202
trajectory,Gradient-aware Top10 alpha2,20,32,top10_psnr,35.19172883103085
trajectory,Gradient-aware Top10 alpha2,20,32,top10_over_mean,1.2748456001281738
trajectory,Gradient-aware Top10 alpha2,20,32,p95_over_mean,1.2466736192576569
trajectory,Gradient-aware Top10 alpha2,20,32,p99_over_mean,1.3142865456337056
trajectory,Gradient-aware Top10 alpha2,20,32,max_over_mean,1.331189751625061
trajectory,Gradient-aware Top10 alpha2,20,32,cv,0.1610257774591446
trajectory,Gradient-aware Top10 alpha2,20,32,gini,0.0878214301588583
trajectory,Gradient-aware Top10 alpha2,20,32,top10_energy_share,0.15935570001602173
trajectory,Gradient-aware Top10 alpha2,20,32,p50,0.0008466319122817367
trajectory,Gradient-aware Top10 alpha2,20,32,p75,0.001030461280606687
trajectory,Gradient-aware Top10 alpha2,20,32,p90,0.001342914835549891
trajectory,Gradient-aware Top10 alpha2,20,32,p95,0.0015636171272490162
trajectory,Gradient-aware Top10 alpha2,20,32,p99,0.002009143489412963
final,Gradient-aware Top10 alpha2,20,32,lpips_mean,0.0005574126844294369
final,Gradient-aware Top10 alpha2,20,32,lpips_median,0.000466005178168416
final,Gradient-aware Top10 alpha2,20,32,lpips_top10_mean,0.0012050828663632274
final,Gradient-aware Top10 alpha2,20,32,lpips_p90,0.0009993460844270885
final,Gradient-aware Top10 alpha2,20,32,lpips_p95,0.0013741931936237953
final,Gradient-aware Top10 alpha2,20,32,lpips_max_mean,0.0013644486898556352
final,Gradient-aware Top10 alpha2,20,32,lpips_tail_gap,0.0007390778628177941
final,Gradient-aware Top10 alpha2,20,32,ssim_mean,0.9515812397003174
final,Gradient-aware Top10 alpha2,20,32,ssim_median,0.953582763671875
final,Gradient-aware Top10 alpha2,20,32,ssim_bottom10_mean,0.9201323986053467
final,Gradient-aware Top10 alpha2,20,32,ssim_p10,0.9022392690181732
final,Gradient-aware Top10 alpha2,20,32,ssim_min_mean,0.9157136678695679
final,Gradient-aware Top10 alpha2,20,32,ssim_tail_gap,0.033450208604335785
matched_psnr,Global continuation,1,16,global_psnr,34.8787616249097
matched_psnr,Global continuation,1,16,top10_psnr,33.44931640893722
matched_psnr,Global continuation,1,16,top10_over_mean,1.3709890842437744
matched_psnr,Global continuation,1,16,p95_over_mean,1.3493584386885837
matched_psnr,Global continuation,1,16,p99_over_mean,1.4684996770881127
matched_psnr,Global continuation,1,16,max_over_mean,1.5202370882034302
matched_psnr,Global continuation,1,16,cv,0.20630761981010437
matched_psnr,Global continuation,1,16,gini,0.11472257029471128
matched_psnr,Global continuation,1,16,top10_energy_share,0.14995191991329193
matched_psnr,Global continuation,1,32,global_psnr,34.8787616249097
matched_psnr,Global continuation,1,32,top10_psnr,33.89276248540577
matched_psnr,Global continuation,1,32,top10_over_mean,1.2438452243804932
matched_psnr,Global continuation,1,32,p95_over_mean,1.2165865644806226
matched_psnr,Global continuation,1,32,p99_over_mean,1.282007295346545
matched_psnr,Global continuation,1,32,max_over_mean,1.2983626127243042
matched_psnr,Global continuation,1,32,cv,0.14618414640426636
matched_psnr,Global continuation,1,32,gini,0.07985542948456018
matched_psnr,Global continuation,1,32,top10_energy_share,0.15548065304756165
matched_psnr,Candidate Hard stride8 Top25,1,16,global_psnr,34.886678810731816
matched_psnr,Candidate Hard stride8 Top25,1,16,top10_psnr,33.46654348538982
matched_psnr,Candidate Hard stride8 Top25,1,16,top10_over_mean,1.3679776191711426
matched_psnr,Candidate Hard stride8 Top25,1,16,p95_over_mean,1.3465329827284251
matched_psnr,Candidate Hard stride8 Top25,1,16,p99_over_mean,1.4649338571792856
matched_psnr,Candidate Hard stride8 Top25,1,16,max_over_mean,1.5163038969039917
matched_psnr,Candidate Hard stride8 Top25,1,16,cv,0.2048216313123703
matched_psnr,Candidate Hard stride8 Top25,1,16,gini,0.11387873188308761
matched_psnr,Candidate Hard stride8 Top25,1,16,top10_energy_share,0.14962252974510193
matched_psnr,Candidate Hard stride8 Top25,1,32,global_psnr,34.886678810731816
matched_psnr,Candidate Hard stride8 Top25,1,32,top10_psnr,33.90714937641282
matched_psnr,Candidate Hard stride8 Top25,1,32,top10_over_mean,1.2419466972351074
matched_psnr,Candidate Hard stride8 Top25,1,32,p95_over_mean,1.2149008607460308
matched_psnr,Candidate Hard stride8 Top25,1,32,p99_over_mean,1.2798110019474278
matched_psnr,Candidate Hard stride8 Top25,1,32,max_over_mean,1.2960385084152222
matched_psnr,Candidate Hard stride8 Top25,1,32,cv,0.14493471384048462
matched_psnr,Candidate Hard stride8 Top25,1,32,gini,0.07913834156954919
matched_psnr,Candidate Hard stride8 Top25,1,32,top10_energy_share,0.15524333715438843
matched_psnr,Global continuation,1,16,global_psnr,34.8787616249097
matched_psnr,Global continuation,1,16,top10_psnr,33.44931640893722
matched_psnr,Global continuation,1,16,top10_over_mean,1.3709890842437744
matched_psnr,Global continuation,1,16,p95_over_mean,1.3493584386885837
matched_psnr,Global continuation,1,16,p99_over_mean,1.4684996770881127
matched_psnr,Global continuation,1,16,max_over_mean,1.5202370882034302
matched_psnr,Global continuation,1,16,cv,0.20630761981010437
matched_psnr,Global continuation,1,16,gini,0.11472257029471128
matched_psnr,Global continuation,1,16,top10_energy_share,0.14995191991329193
matched_psnr,Global continuation,1,32,global_psnr,34.8787616249097
matched_psnr,Global continuation,1,32,top10_psnr,33.89276248540577
matched_psnr,Global continuation,1,32,top10_over_mean,1.2438452243804932
matched_psnr,Global continuation,1,32,p95_over_mean,1.2165865644806226
matched_psnr,Global continuation,1,32,p99_over_mean,1.282007295346545
matched_psnr,Global continuation,1,32,max_over_mean,1.2983626127243042
matched_psnr,Global continuation,1,32,cv,0.14618414640426636
matched_psnr,Global continuation,1,32,gini,0.07985542948456018
matched_psnr,Global continuation,1,32,top10_energy_share,0.15548065304756165
matched_psnr,Candidate Hard stride8 Top10,1,16,global_psnr,34.88115743342655
matched_psnr,Candidate Hard stride8 Top10,1,16,top10_psnr,33.46851033555572
matched_psnr,Candidate Hard stride8 Top10,1,16,top10_over_mean,1.3657472133636475
matched_psnr,Candidate Hard stride8 Top10,1,16,p95_over_mean,1.344510348746279
matched_psnr,Candidate Hard stride8 Top10,1,16,p99_over_mean,1.462113921697492
matched_psnr,Candidate Hard stride8 Top10,1,16,max_over_mean,1.5138118267059326
matched_psnr,Candidate Hard stride8 Top10,1,16,cv,0.203801229596138
matched_psnr,Candidate Hard stride8 Top10,1,16,gini,0.1133206498963889
matched_psnr,Candidate Hard stride8 Top10,1,16,top10_energy_share,0.14937859773635864
matched_psnr,Candidate Hard stride8 Top10,1,32,global_psnr,34.88115743342655
matched_psnr,Candidate Hard stride8 Top10,1,32,top10_psnr,33.906959495584815
matched_psnr,Candidate Hard stride8 Top10,1,32,top10_over_mean,1.2404705286026
matched_psnr,Candidate Hard stride8 Top10,1,32,p95_over_mean,1.2135757987539235
matched_psnr,Candidate Hard stride8 Top10,1,32,p99_over_mean,1.2781232273606462
matched_psnr,Candidate Hard stride8 Top10,1,32,max_over_mean,1.2942601442337036
matched_psnr,Candidate Hard stride8 Top10,1,32,cv,0.14416168630123138
matched_psnr,Candidate Hard stride8 Top10,1,32,gini,0.07871533091568095
matched_psnr,Candidate Hard stride8 Top10,1,32,top10_energy_share,0.155058816075325
matched_psnr,Global continuation,5,16,global_psnr,35.276964854695244
matched_psnr,Global continuation,5,16,top10_psnr,33.727687306817835
matched_psnr,Global continuation,5,16,top10_over_mean,1.406528353691101
matched_psnr,Global continuation,5,16,p95_over_mean,1.3846470402641113
matched_psnr,Global continuation,5,16,p99_over_mean,1.513821646424328
matched_psnr,Global continuation,5,16,max_over_mean,1.5683887004852295
matched_psnr,Global continuation,5,16,cv,0.22300584614276886
matched_psnr,Global continuation,5,16,gini,0.12368685042191176
matched_psnr,Global continuation,5,16,top10_energy_share,0.15383902192115784
matched_psnr,Global continuation,5,32,global_psnr,35.276964854695244
matched_psnr,Global continuation,5,32,top10_psnr,34.200681651199424
matched_psnr,Global continuation,5,32,top10_over_mean,1.268377661705017
matched_psnr,Global continuation,5,32,p95_over_mean,1.2385492887462564
matched_psnr,Global continuation,5,32,p99_over_mean,1.3101374564358321
matched_psnr,Global continuation,5,32,max_over_mean,1.328034520149231
matched_psnr,Global continuation,5,32,cv,0.1590617448091507
matched_psnr,Global continuation,5,32,gini,0.0867953038860878
matched_psnr,Global continuation,5,32,top10_energy_share,0.15854720771312714
matched_psnr,Candidate Gradient-aware Top10 alpha2,5,16,global_psnr,35.289055528711444
matched_psnr,Candidate Gradient-aware Top10 alpha2,5,16,top10_psnr,33.76590550284446
matched_psnr,Candidate Gradient-aware Top10 alpha2,5,16,top10_over_mean,1.3986058235168457
matched_psnr,Candidate Gradient-aware Top10 alpha2,5,16,p95_over_mean,1.3760366168012956
matched_psnr,Candidate Gradient-aware Top10 alpha2,5,16,p99_over_mean,1.5018713068410323
matched_psnr,Candidate Gradient-aware Top10 alpha2,5,16,max_over_mean,1.5565392971038818
matched_psnr,Candidate Gradient-aware Top10 alpha2,5,16,cv,0.21928270161151886
matched_psnr,Candidate Gradient-aware Top10 alpha2,5,16,gini,0.12166920703822315
matched_psnr,Candidate Gradient-aware Top10 alpha2,5,16,top10_energy_share,0.1529725193977356
matched_psnr,Candidate Gradient-aware Top10 alpha2,5,32,global_psnr,35.289055528711444
matched_psnr,Candidate Gradient-aware Top10 alpha2,5,32,top10_psnr,34.23122663437855
matched_psnr,Candidate Gradient-aware Top10 alpha2,5,32,top10_over_mean,1.2635351419448853
matched_psnr,Candidate Gradient-aware Top10 alpha2,5,32,p95_over_mean,1.2349828506196598
matched_psnr,Candidate Gradient-aware Top10 alpha2,5,32,p99_over_mean,1.3035082165808602
matched_psnr,Candidate Gradient-aware Top10 alpha2,5,32,max_over_mean,1.3206396102905273
matched_psnr,Candidate Gradient-aware Top10 alpha2,5,32,cv,0.15597985684871674
matched_psnr,Candidate Gradient-aware Top10 alpha2,5,32,gini,0.08524954149139624
matched_psnr,Candidate Gradient-aware Top10 alpha2,5,32,top10_energy_share,0.15794189274311066
concentration_perception_corr,Global continuation,20,32,top10_over_mean__lpips_tail_gap,0.05022489960137098
concentration_perception_corr,Global continuation,20,32,top10_over_mean__ssim_tail_gap,-0.0878771770241523
concentration_perception_corr,Global continuation,20,32,p95_over_mean__lpips_tail_gap,0.10387851668606604
concentration_perception_corr,Global continuation,20,32,p95_over_mean__ssim_tail_gap,-0.08341050911487434
concentration_perception_corr,Global continuation,20,32,gini__lpips_tail_gap,-0.01901816064817802
concentration_perception_corr,Global continuation,20,32,gini__ssim_tail_gap,-0.13028532713024366
concentration_perception_corr,Global continuation,20,32,top10_energy_share__lpips_tail_gap,0.05022489960137098
concentration_perception_corr,Global continuation,20,32,top10_energy_share__ssim_tail_gap,-0.0878771770241523
concentration_perception_corr,Global continuation,20,32,cv__lpips_tail_gap,-0.020916203524494345
concentration_perception_corr,Global continuation,20,32,cv__ssim_tail_gap,-0.10597077366847454
concentration_perception_corr,Hard stride8 Top25,20,32,top10_over_mean__lpips_tail_gap,0.037888298624169266
concentration_perception_corr,Hard stride8 Top25,20,32,top10_over_mean__ssim_tail_gap,-0.09437383518328074
concentration_perception_corr,Hard stride8 Top25,20,32,p95_over_mean__lpips_tail_gap,0.08305912807823011
concentration_perception_corr,Hard stride8 Top25,20,32,p95_over_mean__ssim_tail_gap,-0.09702588261360282
concentration_perception_corr,Hard stride8 Top25,20,32,gini__lpips_tail_gap,-0.027104260518728805
concentration_perception_corr,Hard stride8 Top25,20,32,gini__ssim_tail_gap,-0.12556662825222478
concentration_perception_corr,Hard stride8 Top25,20,32,top10_energy_share__lpips_tail_gap,0.037888298624169266
concentration_perception_corr,Hard stride8 Top25,20,32,top10_energy_share__ssim_tail_gap,-0.09437383518328074
concentration_perception_corr,Hard stride8 Top25,20,32,cv__lpips_tail_gap,-0.026859712210772355
concentration_perception_corr,Hard stride8 Top25,20,32,cv__ssim_tail_gap,-0.1048935933833602
concentration_perception_corr,Hard stride8 Top10,20,32,top10_over_mean__lpips_tail_gap,0.02789263677221087
concentration_perception_corr,Hard stride8 Top10,20,32,top10_over_mean__ssim_tail_gap,-0.08921272419541755
concentration_perception_corr,Hard stride8 Top10,20,32,p95_over_mean__lpips_tail_gap,0.07138156135080932
concentration_perception_corr,Hard stride8 Top10,20,32,p95_over_mean__ssim_tail_gap,-0.09009969105029478
concentration_perception_corr,Hard stride8 Top10,20,32,gini__lpips_tail_gap,-0.04570193286981673
concentration_perception_corr,Hard stride8 Top10,20,32,gini__ssim_tail_gap,-0.11808789919154432
concentration_perception_corr,Hard stride8 Top10,20,32,top10_energy_share__lpips_tail_gap,0.02789263677221087
concentration_perception_corr,Hard stride8 Top10,20,32,top10_energy_share__ssim_tail_gap,-0.08921272419541755
concentration_perception_corr,Hard stride8 Top10,20,32,cv__lpips_tail_gap,-0.04329067334867068
concentration_perception_corr,Hard stride8 Top10,20,32,cv__ssim_tail_gap,-0.09971943898888358
concentration_perception_corr,Gradient-aware Top10 alpha2,20,32,top10_over_mean__lpips_tail_gap,0.04139503095829739
concentration_perception_corr,Gradient-aware Top10 alpha2,20,32,top10_over_mean__ssim_tail_gap,-0.08550151163061331
concentration_perception_corr,Gradient-aware Top10 alpha2,20,32,p95_over_mean__lpips_tail_gap,0.08899284908637942
concentration_perception_corr,Gradient-aware Top10 alpha2,20,32,p95_over_mean__ssim_tail_gap,-0.08482991532974862
concentration_perception_corr,Gradient-aware Top10 alpha2,20,32,gini__lpips_tail_gap,-0.019073933855401327
concentration_perception_corr,Gradient-aware Top10 alpha2,20,32,gini__ssim_tail_gap,-0.09976590834363855
concentration_perception_corr,Gradient-aware Top10 alpha2,20,32,top10_energy_share__lpips_tail_gap,0.04139503095829739
concentration_perception_corr,Gradient-aware Top10 alpha2,20,32,top10_energy_share__ssim_tail_gap,-0.08550151163061331
concentration_perception_corr,Gradient-aware Top10 alpha2,20,32,cv__lpips_tail_gap,-0.02173052007453797
concentration_perception_corr,Gradient-aware Top10 alpha2,20,32,cv__ssim_tail_gap,-0.0877611536292473
