config,row,run,psnr,worst_psnr,ssim,ber30,ber50,delta_psnr,delta_worst_psnr,delta_ssim,delta_ber30,delta_ber50
crop_global_baseline,seed17,optimization_global_seed17_128_m64_crop,34.54146026611328,33.79663055419922,0.9215188598632813,0.1123125,0.0020625,0.0,0.0,0.0,0.0,0.0
crop_global_baseline,seed29,optimization_global_seed29_128_m64_crop,34.80877685546875,33.81258911132812,0.927071499824524,0.1145,0.0021875,0.0,0.0,0.0,0.0,0.0
crop_global_baseline,seed41,optimization_global_seed41_128_m64_crop,34.51989562988281,33.57559478759766,0.9223088598251343,0.116375,0.0024375,0.0,0.0,0.0,0.0,0.0
crop_global_baseline,mean,,34.623377583821615,33.728271484375,0.9236330731709798,0.11439583333333332,0.002229166666666667,0.0,0.0,0.0,0.0,0.0
crop_global_baseline,std,,0.1609221110643418,0.13246244445328367,0.0030038489265913184,0.0020332522183274153,0.00019094065395649327,0.0,0.0,0.0,0.0,0.0
patch_mean,seed17,optimization_patch_mean_seed17_128_m64_crop,35.07993408203125,33.74370422363281,0.9337213015556336,0.1115625,0.0015,0.5384738159179676,-0.05292633056640739,0.012202441692352295,-0.0007500000000000007,-0.0005625000000000001
patch_mean,seed29,optimization_patch_mean_seed29_128_m64_crop,33.61623428344726,32.87686828613281,0.9053524851799011,0.11475,0.002625,-1.1925425720214875,-0.9357208251953111,-0.02171901464462289,0.0002500000000000002,0.00043749999999999995
patch_mean,seed41,optimization_patch_mean_seed41_128_m64_crop,33.32211883544922,32.13558258056641,0.9155285334587098,0.109125,0.0019375,-1.1977767944335938,-1.440012207031252,-0.0067803263664245605,-0.0072500000000000064,-0.0005
patch_mean,mean,,34.006095733642574,32.91871836344401,0.9182007733980816,0.1118125,0.0020208333333333332,-0.6172818501790379,-0.8095531209309902,-0.005432299772898386,-0.0025833333333333355,-0.00020833333333333337
patch_mean,std,,0.9415267245492075,0.804877243095407,0.014371954820419782,0.002820821024099192,0.0005671107328673417,1.0009171889110329,0.7020972328471025,0.017000858265922014,0.004072263907623543,0.0005601804024895314
worst_patch32_top25_weight50,seed17,optimization_worst_seed17_128_m64_crop,32.74656890869141,32.1684211730957,0.8901291942596435,0.1135,0.0029375,-1.794891357421875,-1.6282093811035168,-0.03138966560363776,0.001187500000000008,0.0008749999999999999
worst_patch32_top25_weight50,seed29,optimization_worst_seed29_128_m64_crop,31.230933685302734,30.095621490478514,0.8696066927909851,0.1284375,0.0115625,-3.577843170166016,-3.7169676208496085,-0.057464807033538845,0.013937500000000005,0.009375
worst_patch32_top25_weight50,seed41,optimization_worst_seed41_128_m64_crop,33.730830383300784,33.03747299194336,0.9115487003326416,0.111625,0.0005,-0.7890652465820267,-0.5381217956542983,-0.01076015949249276,-0.004750000000000004,-0.0019375
worst_patch32_top25_weight50,mean,,32.56944432576498,31.767171885172527,0.8904281957944233,0.11785416666666666,0.005,-2.0539332580566394,-1.9610995992024745,-0.03320487737655645,0.0034583333333333363,0.0027708333333333335
worst_patch32_top25_weight50,std,,1.2593254994531937,1.5114143401006503,0.020972602380115876,0.009213257544611103,0.0058125,1.412319937719747,1.6153566535195538,0.0234051761544053,0.009548464645341334,0.00588972003437628
worst_patch16_top25_weight50,seed17,fixed_ablation_patch16_128_m64_crop,35.35234329223633,34.539482421875,0.9310744094848633,0.1139375,0.00175,0.8108830261230437,0.7428518676757818,0.009555549621582005,0.0016250000000000014,-0.00031250000000000006
worst_patch16_top25_weight50,seed29,candidate_worst_patch16_weight50_seed29_128_m64_crop,34.42070816040039,33.78824005126953,0.9247532153129577,0.1170625,0.0006875,-0.3880686950683625,-0.024349060058590055,-0.0023182845115662376,0.0025624999999999953,-0.0015000000000000002
worst_patch16_top25_weight50,seed41,candidate_worst_patch16_weight50_seed41_128_m64_crop,36.1989176940918,35.5283447265625,0.9444549036026001,0.1149375,0.0025625,1.6790220642089864,1.9527499389648426,0.022146043777465763,-0.0014375000000000082,0.0001250000000000001
worst_patch16_top25_weight50,mean,,35.32398971557617,34.61868906656901,0.9334275094668071,0.1153125,0.0016666666666666668,0.7006121317545558,0.8904175821940115,0.009794436295827177,0.0009166666666666629,-0.0005625000000000001
worst_patch16_top25_weight50,std,,0.8894437758564746,0.8727521639428197,0.01005942046090755,0.0015958931668504646,0.0009402736746997299,1.0379478813413856,0.9967757235511013,0.012233913510840747,0.0020919613006299487,0.0008408515029421071
worst_patch16_top25_weight25,seed17,,,,,,,,,,,
worst_patch16_top25_weight25,seed29,,,,,,,,,,,
worst_patch16_top25_weight25,seed41,,,,,,,,,,,
worst_patch16_top25_weight25,mean,,,,,,,,,,,
worst_patch16_top25_weight25,std,,,,,,,,,,,
worst_patch16_top25_weight75,seed17,candidate_worst_patch16_weight75_seed17_128_m64_crop,33.78420425415039,33.10118408203125,0.9125592684745789,0.1120625,0.0018125,-0.7572560119628946,-0.6954464721679656,-0.008959591388702393,-0.0002500000000000002,-0.00025
worst_patch16_top25_weight75,seed29,candidate_worst_patch16_weight75_seed29_128_m64_crop,34.988336181640626,34.03812576293945,0.9386484289169311,0.116125,0.0015625,0.17955932617187642,0.2255366516113284,0.011576929092407151,0.0016250000000000014,-0.0006250000000000001
worst_patch16_top25_weight75,seed41,candidate_worst_patch16_weight75_seed41_128_m64_crop,34.93186294555664,34.34702362060547,0.9285972881317138,0.11125,0.001625,0.4119673156738273,0.7714288330078105,0.006288428306579497,-0.0051250000000000046,-0.0008125000000000001
worst_patch16_top25_weight75,mean,,34.568134460449215,33.82877782185872,0.9266016618410746,0.11314583333333333,0.0016666666666666668,-0.05524312337239697,0.10050633748372444,0.0029685886700947517,-0.0012500000000000011,-0.0005625000000000001
worst_patch16_top25_weight75,std,,0.6794904214624684,0.6487672612692157,0.013158570072983487,0.0026118220811022622,0.00013010412496663331,0.6189668328807817,0.7413873648921777,0.010663168843113163,0.0034843399661915915,0.00028641098093474003
worst_patch32_top25_weight25,seed17,optimization_worst_weight25_seed17_128_m64_crop,35.27525512695313,34.44497482299805,0.9320120239257812,0.1148125,0.001,0.7337948608398435,0.6483442687988301,0.010493164062499893,0.0025000000000000022,-0.0010625
worst_patch32_top25_weight25,seed29,candidate_worst_patch32_weight25_seed29_128_m64_crop,31.630853805541992,31.01511703491211,0.8696622729301453,0.1211875,0.0029375,-3.1779230499267577,-2.797472076416014,-0.05740922689437866,0.006687499999999999,0.0007499999999999998
worst_patch32_top25_weight25,seed41,candidate_worst_patch32_weight25_seed41_128_m64_crop,34.71384124755859,33.96622406005859,0.9271033477783203,0.103625,0.00125,0.1939456176757801,0.3906292724609344,0.004794487953185933,-0.012750000000000011,-0.0011875
worst_patch32_top25_weight25,mean,,33.87331672668457,33.14210530598958,0.9095925482114157,0.11320833333333334,0.0017291666666666668,-0.7500608571370447,-0.5861661783854165,-0.01404052495956428,-0.0011875000000000034,-0.0005000000000000001
worst_patch32_top25_weight25,std,,1.9622121064040663,1.8575144419975949,0.034667620893402556,0.008890464812558082,0.0010538866558284783,2.1198456127084957,1.919377395363674,0.03766632392446595,0.010229972812769354,0.001084334473306092
worst_patch32_top50_weight50,seed17,fixed_ablation_topk50_128_m64_crop,34.57135375976563,33.6987760925293,0.9233956670761109,0.1150625,0.002125,0.02989349365234517,-0.09785446166991818,0.0018768072128295676,0.0027500000000000024,6.250000000000006e-05
worst_patch32_top50_weight50,seed29,candidate_worst_patch32_topk50_seed29_128_m64_crop,33.41925918579101,32.70203521728516,0.9074751734733582,0.1165,0.0014375,-1.389517669677737,-1.1105538940429653,-0.019596326351165816,0.0020000000000000018,-0.0007500000000000002
worst_patch32_top50_weight50,seed41,candidate_worst_patch32_topk50_seed41_128_m64_crop,34.9899169921875,33.99227676391602,0.9387136554718017,0.1090625,0.001375,0.47002136230469205,0.41668197631835824,0.016404795646667414,-0.0073124999999999996,-0.0010625
worst_patch32_top50_weight50,mean,,34.32684331258138,33.46436269124349,0.9231948320070903,0.11354166666666667,0.0016458333333333333,-0.29653427124023324,-0.26390879313150845,-0.0004382411638896115,-0.0008541666666666651,-0.0005833333333333334
worst_patch32_top50_weight50,std,,0.8133759925675448,0.6763083942920451,0.015620209359527883,0.003945098488419943,0.00041614550740496216,0.9717961036843638,0.7770411068131751,0.01811186856775497,0.005605637972910251,0.0005807233276985982
worst_patch8_top10_weight50,seed17,parallel_patch8_topk10_weight50_seed17_128_m64_crop,35.3980778503418,34.79137817382812,0.9348812937736511,0.114,0.002125,0.8566175842285162,0.9947476196289031,0.013362433910369842,0.0016875000000000084,6.250000000000006e-05
worst_patch8_top10_weight50,seed29,parallel_patch8_topk10_weight50_seed29_128_m64_crop,33.398388671875,32.9088784790039,0.902282645702362,0.11775,0.002375,-1.4103881835937528,-0.9037106323242199,-0.02478885412216192,0.003249999999999989,0.00018749999999999973
worst_patch8_top10_weight50,seed41,parallel_patch8_topk10_weight50_seed41_128_m64_crop,31.364760131835936,29.859151153564454,0.9026703524589539,0.115625,0.0009375,-3.1551354980468744,-3.7164436340332045,-0.019638507366180447,-0.0007500000000000007,-0.0015
worst_patch8_top10_weight50,mean,,33.38707555135091,32.51980260213216,0.9132780973116557,0.11579166666666667,0.0018124999999999999,-1.2363020324707037,-1.2084688822428404,-0.010354975859324175,0.0013958333333333323,-0.00041666666666666675
worst_patch8_top10_weight50,std,,2.016682658383646,2.489026089322366,0.018709921222815354,0.001880547349399454,0.0007680128579652817,2.0115342873777102,2.3703351978814475,0.020700680244001526,0.0020158874183181254,0.0009402736746997297
worst_patch8_top25_weight25,seed17,parallel_patch8_worst_weight25_seed17_128_m64_crop,35.21002334594726,34.21889663696289,0.9370826029777527,0.11525,0.0019375,0.6685630798339801,0.42226608276367017,0.015563743114471396,0.0029375000000000095,-0.0001250000000000001
worst_patch8_top25_weight25,seed29,parallel_patch8_worst_weight25_seed29_128_m64_crop,32.71463165283203,31.899256744384765,0.8911148023605346,0.119875,0.002875,-2.0941452026367173,-1.913332366943358,-0.03595669746398933,0.005374999999999991,0.0006874999999999997
worst_patch8_top25_weight25,seed41,parallel_patch8_worst_weight25_seed41_128_m64_crop,32.588160552978515,31.814207763671874,0.8937858200073242,0.1195625,0.003625,-1.931735076904296,-1.761387023925785,-0.028523039817810125,0.003187499999999996,0.0011875000000000002
worst_patch8_top25_weight25,mean,,33.50427185058594,32.644120381673176,0.9073277417818705,0.11822916666666666,0.0028125000000000003,-1.1191057332356777,-1.0841511027018242,-0.01630533138910935,0.0038333333333333323,0.0005833333333333333
worst_patch8_top25_weight25,std,,1.4785769705091754,1.3644590587292438,0.025803050350821446,0.002584761030217941,0.0008454843286542928,1.5502948432964339,1.3068058001537637,0.027848577141143766,0.0013409612534795005,0.0006624213789826937
worst_patch8_top25_weight50,seed17,parallel_patch8_worst_weight50_seed17_128_m64_crop,28.989109878540038,28.239163665771486,0.7840272283554077,0.126875,0.0065,-5.552350387573245,-5.557466888427733,-0.13749163150787358,0.014562499999999992,0.0044375
worst_patch8_top25_weight50,seed29,parallel_patch8_worst_weight50_seed29_128_m64_crop,34.58914016723633,33.93686309814453,0.9250362205505371,0.1194375,0.0025625,-0.21963668823241989,0.12427398681640511,-0.002035279273986834,0.0049374999999999974,0.0003749999999999999
worst_patch8_top25_weight50,seed41,parallel_patch8_worst_weight50_seed41_128_m64_crop,29.34253692626953,28.19785919189453,0.8324504542350769,0.1248125,0.0070625,-5.1773587036132795,-5.377735595703129,-0.08985840559005742,0.0084375,0.004625000000000001
worst_patch8_top25_weight50,mean,,30.973595657348636,30.12462865193685,0.8471713010470072,0.12370833333333332,0.0053750000000000004,-3.6497819264729814,-3.6036428324381524,-0.07646177212397261,0.009312499999999996,0.0031458333333333334
worst_patch8_top25_weight50,std,,3.1361360376665735,3.3015564692323296,0.0716478294724743,0.003839725196330239,0.002451880655741629,2.9765041503965826,3.2297211478480423,0.06871468679471782,0.004871793817476266,0.002401442708734342
worst_patch8_top25_weight75,seed17,parallel_patch8_worst_weight75_seed17_128_m64_crop,35.15806503295899,34.44256546020508,0.9324993658065795,0.113375,0.00075,0.616604766845704,0.6459349060058628,0.010980505943298247,0.0010625000000000079,-0.0013125
worst_patch8_top25_weight75,seed29,parallel_patch8_worst_weight75_seed29_128_m64_crop,33.978841400146486,33.40405319213867,0.9173101687431335,0.1191875,0.0018125,-0.8299354553222642,-0.408535919189454,-0.009761331081390434,0.004687499999999997,-0.0003750000000000001
worst_patch8_top25_weight75,seed41,parallel_patch8_worst_weight75_seed41_128_m64_crop,33.145771484375,32.51286849975586,0.8943344879150391,0.118875,0.0009375,-1.374124145507814,-1.062726287841798,-0.02797437191009522,0.0024999999999999883,-0.0015
worst_patch8_top25_weight75,mean,,34.09422597249349,33.4531623840332,0.9147146741549174,0.11714583333333334,0.0011666666666666668,-0.5291516113281247,-0.2751091003417964,-0.00891839901606247,0.0027499999999999977,-0.0010625
worst_patch8_top25_weight75,std,,1.0110966971907103,0.9657853665997124,0.01921436754715446,0.0032693733471925953,0.0005671107328673417,1.0288846345562621,0.8621095091872508,0.019491114077786056,0.0018253852333137749,0.0006027281725620597
worst_patch8_top50_weight50,seed17,parallel_patch8_topk50_weight50_seed17_128_m64_crop,34.1868862915039,33.356616821289066,0.920159888267517,0.1154375,0.002125,-0.3545739746093801,-0.44001373291015256,-0.0013589715957642579,0.0031250000000000028,6.250000000000006e-05
worst_patch8_top50_weight50,seed29,parallel_patch8_topk50_weight50_seed29_128_m64_crop,34.76744140625,33.87142379760742,0.9283354949951171,0.1221875,0.001125,-0.04133544921874943,0.05883468627929744,0.0012639951705931685,0.0076875,-0.0010625000000000003
worst_patch8_top50_weight50,seed41,parallel_patch8_topk50_weight50_seed41_128_m64_crop,32.09861663818359,30.79557098388672,0.9031794261932373,0.11975,0.0011875,-2.421278991699218,-2.7800238037109395,-0.019129433631897008,0.003374999999999989,-0.00125
worst_patch8_top50_weight50,mean,,33.684314778645835,32.67453720092774,0.9172249364852906,0.119125,0.0014791666666666668,-0.9390628051757824,-1.053734283447265,-0.006408136685689366,0.004729166666666664,-0.0007500000000000001
worst_patch8_top50_weight50,std,,1.403598947282847,1.6474653529900352,0.012832279838914978,0.0034181272284688315,0.0005601804024895315,1.2931562980325622,1.5156744594935596,0.011094752618222174,0.002565039392160156,0.0007098635432250343
worst_patch64_top25_weight50,seed17,fixed_ablation_patch64_128_m64_crop,32.78646255493164,31.970245361328125,0.8907068228721619,0.1131875,0.0016875,-1.7549977111816446,-1.8263851928710935,-0.03081203699111945,0.0008750000000000008,-0.0003750000000000001
worst_patch64_top25_weight50,seed29,,,,,,,,,,,
worst_patch64_top25_weight50,seed41,,,,,,,,,,,
worst_patch64_top25_weight50,mean,,32.78646255493164,31.970245361328125,0.8907068228721619,0.1131875,0.0016875,-1.7549977111816446,-1.8263851928710935,-0.03081203699111945,0.0008750000000000008,-0.0003750000000000001
worst_patch64_top25_weight50,std,,0.0,0.0,0.0,0.0,0.0,0.0,0.0,0.0,0.0,0.0
worst_patch32_top10_weight50,seed17,fixed_ablation_topk10_128_m64_crop,32.573257751464844,32.02553466796875,0.8870856761932373,0.1154375,0.001375,-1.9682025146484392,-1.7710958862304693,-0.034433183670044,0.0031250000000000028,-0.0006875000000000002
worst_patch32_top10_weight50,seed29,,,,,,,,,,,
worst_patch32_top10_weight50,seed41,,,,,,,,,,,
worst_patch32_top10_weight50,mean,,32.573257751464844,32.02553466796875,0.8870856761932373,0.1154375,0.001375,-1.9682025146484392,-1.7710958862304693,-0.034433183670044,0.0031250000000000028,-0.0006875000000000002
worst_patch32_top10_weight50,std,,0.0,0.0,0.0,0.0,0.0,0.0,0.0,0.0,0.0,0.0
nocrop_global,seed17,nocrop_global_128_m64,37.36826095581055,35.96760284423828,0.960578601360321,0.3214375,0.210375,2.826800689697265,2.1709722900390602,0.039059741497039724,0.209125,0.2083125
nocrop_global,seed29,,,,,,,,,,,
nocrop_global,seed41,,,,,,,,,,,
nocrop_global,mean,,37.36826095581055,35.96760284423828,0.960578601360321,0.3214375,0.210375,2.826800689697265,2.1709722900390602,0.039059741497039724,0.209125,0.2083125
nocrop_global,std,,0.0,0.0,0.0,0.0,0.0,0.0,0.0,0.0,0.0,0.0
