model,image_index,global_mse,patch_mean_mse,top10_patch_mse,top25_patch_mse,max_patch_mse,patch_mse_std,patch_mse_cv,worst_global_ratio,max_global_ratio,local_ssim_top25,local_ssim_worst,local_lpips_top25,local_lpips_worst
No-crop Global,0,0.000901800871361047,0.000901800871361047,0.0012004341697320342,0.001137256040237844,0.001221120241098106,0.00018560134049039334,0.20581188797950745,1.2610944509506226,1.3540908098220825,0.9002992510795593,0.890281617641449,0.0020299390889704227,0.003368343925103545
No-crop Global,1,0.0006266114651225507,0.0006266114069148898,0.0008594872779212892,0.0008003896800801158,0.0009314264752902091,0.0001416201121173799,0.22600944340229034,1.2773300409317017,1.4864498376846313,0.9574058055877686,0.9429572224617004,0.0006752833141945302,0.000856071594171226
No-crop Global,2,0.0006603272049687803,0.0006603271467611194,0.0009116132277995348,0.0008888429147191346,0.0009354052017442882,0.0001643411669647321,0.2488783895969391,1.3460643291473389,1.4165782928466797,0.9796705842018127,0.9784250259399414,0.0005763212684541941,0.0006553377024829388
No-crop Global,3,0.0004977970384061337,0.0004977970384061337,0.0006290044402703643,0.0006061866297386587,0.000638211437035352,9.400971612194553e-05,0.1888514906167984,1.2177385091781616,1.282071590423584,0.9702748656272888,0.9669162631034851,0.0014268684899434447,0.0018140084575861692
No-crop Global,4,0.0005026215803809464,0.0005026215803809464,0.0008420272497460246,0.000733054825104773,0.0009590811096131802,0.00017443129036109895,0.347042977809906,1.4584627151489258,1.908157467842102,0.931111216545105,0.9116048812866211,0.0012367222225293517,0.0017055475618690252
No-crop Global,5,0.0006714171613566577,0.0006714171613566577,0.0010449892142787576,0.0009593399008736014,0.001120100263506174,0.00021231058053672314,0.31621262431144714,1.4288283586502075,1.6682628393173218,0.9668719172477722,0.9589622616767883,0.0012228949926793575,0.0017851099837571383
No-crop Global,6,0.0007553808391094208,0.0007553808973170817,0.001386911259032786,0.001170935109257698,0.0015790327452123165,0.00029966392321512103,0.3967057466506958,1.5501254796981812,2.0903797149658203,0.9707621932029724,0.9679188132286072,0.0009803057182580233,0.0011805465910583735
No-crop Global,7,0.0009106136858463287,0.0009106136858463287,0.0013921617064625025,0.0012011118233203888,0.001675711595453322,0.0002362110244575888,0.25939762592315674,1.3190135955810547,1.8402003049850464,0.9219240546226501,0.9067220687866211,0.0015583096537739038,0.0021657892502844334
No-crop Global,8,0.0004672174109145999,0.0004672174109145999,0.0006399119738489389,0.0006083935732021928,0.0006520983879454434,0.00010024072253145278,0.21454834938049316,1.3021637201309204,1.3957065343856812,0.9788903594017029,0.9754875302314758,0.0013236482627689838,0.0016563665121793747
No-crop Global,9,0.0008371697622351348,0.0008371698204427958,0.0011402186937630177,0.0010964281391352415,0.0011846416164189577,0.00018940865993499756,0.22624880075454712,1.3096843957901,1.4150553941726685,0.9700354337692261,0.968371570110321,0.0005859405500814319,0.000674369337502867
No-crop Global,10,0.0005590834771282971,0.000559083535335958,0.0009611612185835838,0.0008477893425151706,0.0010938170598819852,0.00019796419655904174,0.3540869951248169,1.516391396522522,1.9564467668533325,0.9619899392127991,0.9505350589752197,0.0013705190503969789,0.002688542939722538
No-crop Global,11,0.0006965696811676025,0.0006965696229599416,0.0010748212225735188,0.0009956295834854245,0.0010955841280519962,0.00021473324159160256,0.30827245116233826,1.4293323755264282,1.572827696800232,0.9171003103256226,0.9086881279945374,0.0021238531917333603,0.0032770680263638496
No-crop Global,12,0.0005029764724895358,0.0005029764724895358,0.0007288962369784713,0.0006768618477508426,0.000770344166085124,0.00011294993601040915,0.22456306219100952,1.3457127809524536,1.5315710306167603,0.9392504096031189,0.9219582080841064,0.005999334622174501,0.016253996640443802
No-crop Global,13,0.0009669747669249773,0.0009669748251326382,0.0015469775535166264,0.0013685171725228429,0.001667600474320352,0.00028273157658986747,0.2923877537250519,1.415256381034851,1.7245543003082275,0.9664397835731506,0.9640352725982666,0.0017197949346154928,0.0019329990027472377
No-crop Global,14,0.00063114776276052,0.0006311478209681809,0.0008988077752292156,0.0008669117814861238,0.0009188640397042036,0.00015077446005307138,0.23888932168483734,1.3735480308532715,1.455862045288086,0.9029079079627991,0.8653550744056702,0.0036100782454013824,0.0069700125604867935
No-crop Global,15,0.0007852352573536336,0.0007852353155612946,0.0010005378862842917,0.000974294904153794,0.0010190218454226851,0.00016547767154406756,0.21073642373085022,1.2407681941986084,1.2977280616760254,0.9686794281005859,0.9666004776954651,0.0008888054289855063,0.001978930551558733
No-crop Global,16,0.000699613883625716,0.0006996138254180551,0.0017820699140429497,0.0012712047901004553,0.002190797822549939,0.0004572499601636082,0.6535747647285461,1.8170090913772583,3.1314384937286377,0.9432435631752014,0.8978942036628723,0.002923114923760295,0.005376368295401335
No-crop Global,17,0.00048623140901327133,0.00048623140901327133,0.0006873959791846573,0.0006149242399260402,0.0007180178654380143,9.686502744443715e-05,0.19921590387821198,1.2646740674972534,1.4766998291015625,0.9156129360198975,0.9020279049873352,0.001302866032347083,0.0020007099956274033
No-crop Global,18,0.0007846523076295853,0.0007846523076295853,0.001083564362488687,0.0010317600099369884,0.0011183138703927398,0.00019338331185281277,0.2464573234319687,1.3149263858795166,1.4252349138259888,0.9725650548934937,0.9658711552619934,0.0008933843346312642,0.0012041310546919703
No-crop Global,19,0.0014637516578659415,0.0014637516578659415,0.0024468814954161644,0.002159141469746828,0.002889718161895871,0.0005072364001534879,0.3465317487716675,1.4750735759735107,1.9741860628128052,0.9596019983291626,0.9511894583702087,0.0010479186894372106,0.0010955416364595294
No-crop Global,20,0.0005748952971771359,0.0005748952971771359,0.0009053110261447728,0.0007981528760865331,0.000912632152903825,0.00015751471801195294,0.2739885449409485,1.3883447647094727,1.5874754190444946,0.9591730833053589,0.9471052289009094,0.0011987427715212107,0.001362194656394422
No-crop Global,21,0.0015817462699487805,0.0015817462699487805,0.0024496109690517187,0.0022748811170458794,0.0024544144980609417,0.0005767190596088767,0.36460909247398376,1.4382085800170898,1.551711916923523,0.921419084072113,0.8831586241722107,0.0013976654736325145,0.001584590645506978
No-crop Global,22,0.0006078552105464041,0.0006078551523387432,0.0008376570185646415,0.0007911870488896966,0.0008523648139089346,0.000146891747135669,0.24165581166744232,1.3016045093536377,1.4022496938705444,0.9604118466377258,0.9389045238494873,0.001381389214657247,0.0019887296948581934
No-crop Global,23,0.0008140165009535849,0.0008140165591612458,0.0010443003848195076,0.001008786610327661,0.001072834013029933,0.00018992155673913658,0.2333141416311264,1.2392704486846924,1.3179512023925781,0.899368405342102,0.8747602105140686,0.001633116160519421,0.0026137742679566145
No-crop Global,24,0.0006145649240352213,0.0006145648658275604,0.0007820148020982742,0.0007328980136662722,0.000868307426571846,9.861151920631528e-05,0.16045744717121124,1.1925477981567383,1.4128814935684204,0.9399008750915527,0.936646044254303,0.0013611464528366923,0.0018831142224371433
No-crop Global,25,0.0006257151835598052,0.0006257151253521442,0.0010823969496414065,0.0009952269028872252,0.0011459331726655364,0.0002489746839273721,0.3979041874408722,1.5905430316925049,1.8313974142074585,0.9468939900398254,0.9448232054710388,0.0027309353463351727,0.0034992131404578686
No-crop Global,26,0.0006399454432539642,0.0006399454432539642,0.0009497720748186111,0.0008939954568631947,0.0010113343596458435,0.00018495855329092592,0.28902238607406616,1.396986961364746,1.5803446769714355,0.9593835473060608,0.9567583203315735,0.0014277412556111813,0.0018667348194867373
No-crop Global,27,0.0005934416549280286,0.0005934415967203677,0.0007536254706792533,0.0007177499355748296,0.0008051195763982832,0.00010389765520812944,0.1750764399766922,1.2094701528549194,1.3566954135894775,0.9272899031639099,0.9140565991401672,0.0010619222884997725,0.0019357965793460608
No-crop Global,28,0.0004968905705027282,0.0004968905705027282,0.000748692371416837,0.0006908065406605601,0.0008007477154023945,0.00013794111146125942,0.27760863304138184,1.3902589082717896,1.6115171909332275,0.9700527787208557,0.9663960933685303,0.000867909868247807,0.0010314054088667035
No-crop Global,29,0.0005270306137390435,0.0005270306137390435,0.0007797996513545513,0.0007363022887147963,0.0008060976397246122,0.0001399046159349382,0.26545822620391846,1.3970768451690674,1.5295082330703735,0.9502227902412415,0.9380262494087219,0.0023143284488469362,0.0038544461131095886
No-crop Global,30,0.0006327401497401297,0.0006327401497401297,0.0008930267067626119,0.0008153437520377338,0.0010204181307926774,0.00013743362796958536,0.21720390021800995,1.288591742515564,1.6126970052719116,0.9679168462753296,0.9619152545928955,0.0011737160384654999,0.0016107456758618355
No-crop Global,31,0.0005339181516319513,0.0005339182098396122,0.0008315672748722136,0.0007570263114757836,0.0008818843052722514,0.00014958265819586813,0.2801602780818939,1.4178695678710938,1.6517219543457031,0.9771629571914673,0.976265013217926,0.0007728314376436174,0.0008466572617180645
No-crop Global,32,0.0005821949453093112,0.0005821950035169721,0.0007995666819624603,0.0007270275382325053,0.0008445309358648956,0.00011287160305073485,0.19387252628803253,1.2487698793411255,1.4505982398986816,0.9231285452842712,0.8952047824859619,0.002060460392385721,0.0035354122519493103
No-crop Global,33,0.0004939172649756074,0.0004939172649756074,0.000730888161342591,0.0006687482236884534,0.0008221777970902622,0.00011681160685839131,0.2365003526210785,1.3539681434631348,1.6646063327789307,0.9549559354782104,0.9406802654266357,0.0011983937583863735,0.0013217437081038952
No-crop Global,34,0.0006242817617021501,0.0006242817617021501,0.0008079151157289743,0.000786377175245434,0.0008370771538466215,0.00013404690253082663,0.21472179889678955,1.2596510648727417,1.3408643007278442,0.9638861417770386,0.9419509768486023,0.0013073949376121163,0.002262270310893655
No-crop Global,35,0.0009629437699913979,0.0009629438281990588,0.001776067540049553,0.001534756738692522,0.0020439336076378822,0.00046394552919082344,0.4817991852760315,1.5938175916671753,2.122588634490967,0.9206040501594543,0.900590181350708,0.004566590301692486,0.0077155898325145245
No-crop Global,36,0.0005149912904016674,0.0005149912904016674,0.0007957632187753916,0.000710239284671843,0.0008901801775209606,0.00014680942695122212,0.2850716710090637,1.3791286945343018,1.728534460067749,0.9745795726776123,0.970257580280304,0.0009267294080927968,0.001120427274145186
No-crop Global,37,0.0008531285566277802,0.000853128673043102,0.0011046447325497866,0.001088406192138791,0.001116297789849341,0.00018007434846367687,0.21107527613639832,1.2757821083068848,1.3084754943847656,0.9621879458427429,0.949101448059082,0.0008365270332433283,0.0009811680065467954
No-crop Global,38,0.0017671873793005943,0.0017671873793005943,0.0027936850674450397,0.0026749931275844574,0.002850287826731801,0.000720715441275388,0.40783193707466125,1.5137008428573608,1.612895131111145,0.9259750843048096,0.9130757451057434,0.0010058917105197906,0.0010777584975585341
No-crop Global,39,0.0007038989569991827,0.0007038989569991827,0.0010604520794004202,0.000999421114102006,0.0011056503280997276,0.00020620861323550344,0.2929520010948181,1.4198360443115234,1.570751428604126,0.934047281742096,0.9062383770942688,0.0036037322133779526,0.008025208488106728
No-crop Global,40,0.000633812218438834,0.0006338122766464949,0.0008883397094905376,0.0008415302145294845,0.0008966540335677564,0.00013177792425267398,0.20791319012641907,1.327728033065796,1.4146997928619385,0.9830368161201477,0.9813728332519531,0.0007670759805478156,0.0009641116484999657
No-crop Global,41,0.00105196051299572,0.0010519606294110417,0.0017338995821774006,0.001562796882353723,0.001907762954942882,0.00036504535819403827,0.34701430797576904,1.485604166984558,1.8135309219360352,0.876899003982544,0.8587493896484375,0.001065689604729414,0.0013077943585813046
No-crop Global,42,0.0005991844809614122,0.0005991844227537513,0.0007891554851084948,0.0007618865347467363,0.0008141201105900109,0.00012975359277334064,0.2165503203868866,1.2715392112731934,1.3587136268615723,0.9246522188186646,0.9118420481681824,0.0023418485652655363,0.0032526194117963314
No-crop Global,43,0.0008875446510501206,0.0008875444764271379,0.0011885305866599083,0.0011242168257012963,0.001199814141727984,0.00021316656784620136,0.24017560482025146,1.2666594982147217,1.3518352508544922,0.8747214674949646,0.8676305413246155,0.007199625018984079,0.0112998578697443
No-crop Global,44,0.0008293916471302509,0.0008293916471302509,0.0014490694738924503,0.0013142410898581147,0.0016771540977060795,0.0003335859510116279,0.40220558643341064,1.5845844745635986,2.0221498012542725,0.918850302696228,0.8999369144439697,0.0005882502300664783,0.0007123675895854831
No-crop Global,45,0.0005848199944011867,0.0005848199361935258,0.000971954083070159,0.000861523614730686,0.0011448417790234089,0.00020678661530837417,0.353590190410614,1.473143219947815,1.9575968980789185,0.945543110370636,0.9258570671081543,0.0019960282370448112,0.0028293230570852757
No-crop Global,46,0.0010574269108474255,0.0010574269108474255,0.0012573370477184653,0.001178896869532764,0.0012890921207144856,9.940293966792524e-05,0.0940045490860939,1.1148731708526611,1.2190839052200317,0.9849779605865479,0.9825660586357117,0.0004494540044106543,0.000527868396602571
No-crop Global,47,0.0004789535596501082,0.0004789535596501082,0.0007700362475588918,0.0006622051005251706,0.0008269536192528903,0.00013229915930423886,0.2762254476547241,1.38260817527771,1.7265841960906982,0.9407990574836731,0.9385760426521301,0.005820607766509056,0.00973181240260601
No-crop Global,48,0.0008486826554872096,0.0008486827136948705,0.0011197681305930018,0.0010678431717678905,0.0011369112180545926,0.00018972100224345922,0.22354763746261597,1.2582361698150635,1.3396188020706177,0.9678791761398315,0.961139976978302,0.0011064871214330196,0.0013890777481719851
No-crop Global,49,0.0005950756603851914,0.0005950756603851914,0.0011382983066141605,0.0009296105708926916,0.0014231180539354682,0.00025351456133648753,0.42602071166038513,1.5621720552444458,2.391490936279297,0.9339832067489624,0.91692715883255,0.0008613272220827639,0.0011866301065310836
Crop-trained Global,0,0.0014753647847101092,0.0014753646682947874,0.0017486378783360124,0.0016781068406999111,0.0018697107443585992,0.00015537790022790432,0.10531490296125412,1.137418270111084,1.2672871351242065,0.8299630284309387,0.8166141510009766,0.0019166325218975544,0.0025430989917367697
Crop-trained Global,1,0.0011864796979352832,0.0011864796979352832,0.0014174781972542405,0.001330131315626204,0.0015070816734805703,0.00011978238762822002,0.10095611959695816,1.121073842048645,1.2702127695083618,0.9280406832695007,0.915253221988678,0.0013765025651082397,0.0020217876881361008
Crop-trained Global,2,0.0013092387234792113,0.0013092387234792113,0.001510145142674446,0.0014833960449323058,0.0015151057159528136,0.0001729494979372248,0.13209928572177887,1.1330218315124512,1.157241702079773,0.9600697755813599,0.9449579119682312,0.0007735767285339534,0.0008242717594839633
Crop-trained Global,3,0.0011507326271384954,0.0011507326271384954,0.0012977579608559608,0.0012581234332174063,0.001316407578997314,7.615608046762645e-05,0.066180519759655,1.093323826789856,1.143973469734192,0.9325523376464844,0.9240875244140625,0.0038509336300194263,0.005510557442903519
Crop-trained Global,4,0.001139736152254045,0.001139736152254045,0.0013898166362196207,0.001321911928243935,0.0014320500195026398,0.00013716115790884942,0.12034466117620468,1.1598403453826904,1.2564750909805298,0.8651512265205383,0.8367490172386169,0.0022851782850921154,0.003900500712916255
Crop-trained Global,5,0.0012788322055712342,0.001278832321986556,0.0016046760138124228,0.0015613149153068662,0.0016149567672982812,0.00020309683168306947,0.15881429612636566,1.2208911180496216,1.2628370523452759,0.9318116307258606,0.9212538599967957,0.0017955879447981715,0.002219980815425515
Crop-trained Global,6,0.0017071383772417903,0.0017071382608264685,0.0023808772675693035,0.002117152325809002,0.0027039421256631613,0.00034717077505774796,0.20336416363716125,1.2401762008666992,1.5839033126831055,0.9223341941833496,0.9120598435401917,0.003067395184189081,0.003746332135051489
Crop-trained Global,7,0.0015270329313352704,0.0015270328149199486,0.0024573623668402433,0.0020378688350319862,0.003149028867483139,0.0004451120621524751,0.2914882004261017,1.3345284461975098,2.062187910079956,0.857661247253418,0.8502304553985596,0.0011863651452586055,0.0017445043195039034
Crop-trained Global,8,0.0011416481574997306,0.0011416480410844088,0.0013910779962316155,0.001346392324194312,0.0014148090267553926,0.00013694187509827316,0.119951032102108,1.1793408393859863,1.2392688989639282,0.9532334804534912,0.9472153782844543,0.0023687584325671196,0.002688158070668578
Crop-trained Global,9,0.001522644073702395,0.001522644073702395,0.002001759596168995,0.0018961388850584626,0.002019859617576003,0.0002672276459634304,0.17550237476825714,1.2452936172485352,1.3265475034713745,0.9489968419075012,0.9473256468772888,0.0010749113280326128,0.001156388781964779
Crop-trained Global,10,0.001289496198296547,0.001289496198296547,0.0014708198141306639,0.0014350329292938113,0.0014921501278877258,0.00011915327195310965,0.09240296483039856,1.112863302230835,1.1571574211120605,0.9039372801780701,0.875525176525116,0.0038611541967839003,0.004673908464610577
Crop-trained Global,11,0.0012877697590738535,0.0012877697590738535,0.0015198909677565098,0.0014515381772071123,0.001523231971077621,0.00011990174243692309,0.09310805797576904,1.1271721124649048,1.1828449964523315,0.8539325594902039,0.8062146306037903,0.0019398224540054798,0.0033037513494491577
Crop-trained Global,12,0.0011041731340810657,0.0011041731340810657,0.0014000601368024945,0.001324435230344534,0.0014143908629193902,0.00016470906848553568,0.14916960895061493,1.19948148727417,1.2809503078460693,0.8923976421356201,0.8703555464744568,0.004229786340147257,0.008646142669022083
Crop-trained Global,13,0.001507519860751927,0.001507519860751927,0.001903284341096878,0.0018387666204944253,0.001990546705201268,0.0002562051813583821,0.1699514538049698,1.2197296619415283,1.3204115629196167,0.9543219804763794,0.9468703269958496,0.0017775478772819042,0.0024559576995670795
Crop-trained Global,14,0.0011700538452714682,0.0011700538452714682,0.001385244308039546,0.0013687050668522716,0.0014026639983057976,0.00014787010150030255,0.1263788789510727,1.1697795391082764,1.1988029479980469,0.8253600001335144,0.7873491644859314,0.002545562107115984,0.0033637883607298136
Crop-trained Global,15,0.00144942756742239,0.00144942756742239,0.0018345890566706657,0.001778804580681026,0.00189107412006706,0.0002462090051267296,0.16986636817455292,1.2272462844848633,1.3047040700912476,0.9401416778564453,0.9341285228729248,0.001447612652555108,0.001777963130734861
Crop-trained Global,16,0.001290582469664514,0.001290582469664514,0.0016027437523007393,0.0015145119978114963,0.0016660341061651707,0.00016992773453239352,0.13166747987270355,1.1735104322433472,1.2909164428710938,0.896159827709198,0.8779449462890625,0.005673692096024752,0.006579890847206116
Crop-trained Global,17,0.0012213006848469377,0.0012213008012622595,0.0015320490347221494,0.0014850635780021548,0.0015568988164886832,0.00020094789215363562,0.16453596949577332,1.2159688472747803,1.274787425994873,0.7700141668319702,0.7576475143432617,0.003163801971822977,0.0046165818348526955
Crop-trained Global,18,0.0014797226758673787,0.0014797225594520569,0.001879634102806449,0.0017816132167354226,0.0018963897600769997,0.0002123795129591599,0.1435265690088272,1.2040183544158936,1.281584620475769,0.9530881643295288,0.945023238658905,0.0020767280366271734,0.0037160697393119335
Crop-trained Global,19,0.0021643242798745632,0.0021643242798745632,0.0030035441741347313,0.0027016233652830124,0.003582702949643135,0.0004555242776405066,0.21046951413154602,1.2482526302337646,1.655344843864441,0.9468491077423096,0.939828634262085,0.0009262424428015947,0.001210406539030373
Crop-trained Global,20,0.0011482852278277278,0.001148285111412406,0.0012623483780771494,0.0012452495284378529,0.0012820609845221043,9.45951251196675e-05,0.08237946778535843,1.0844427347183228,1.1165004968643188,0.9182831048965454,0.8978487849235535,0.0014614852843806148,0.001842775964178145
Crop-trained Global,21,0.002110867528244853,0.0021108672954142094,0.0026893424801528454,0.002564362483099103,0.002831321908161044,0.00044706600601784885,0.21179254353046417,1.2148381471633911,1.341307282447815,0.9213697910308838,0.8725007176399231,0.0015372424386441708,0.0019775889813899994
Crop-trained Global,22,0.0014961102278903127,0.0014961102278903127,0.0018444233573973179,0.0017642256570979953,0.0019588300492614508,0.0002045846194960177,0.13674435019493103,1.1792083978652954,1.3092819452285767,0.8923624157905579,0.8837724328041077,0.006039216183125973,0.007136019412428141
Crop-trained Global,23,0.0015249084681272507,0.0015249084681272507,0.0017736146692186594,0.0017178532434627414,0.0017902847612276673,0.00014762277714908123,0.09680762887001038,1.1265287399291992,1.174027681350708,0.8129944205284119,0.7828891277313232,0.0020367978140711784,0.0024383938871324062
Crop-trained Global,24,0.001249779132194817,0.001249779132194817,0.0014792471192777157,0.001463483669795096,0.0014849401777610183,0.00015290503506548703,0.12234564870595932,1.1709938049316406,1.188162088394165,0.8856706619262695,0.8757338523864746,0.0007111801533028483,0.0008064589346759021
Crop-trained Global,25,0.0013337061973288655,0.0013337060809135437,0.0020942180417478085,0.0018907771445810795,0.00216279155574739,0.00037548792897723615,0.2815372049808502,1.4176864624023438,1.6216402053833008,0.8801184892654419,0.8665850758552551,0.004050235264003277,0.004887472838163376
Crop-trained Global,26,0.0014559924602508545,0.0014559924602508545,0.0017763165524229407,0.0017278388841077685,0.0018252060981467366,0.00019400166638661176,0.133243590593338,1.186708688735962,1.2535821199417114,0.8851479887962341,0.8632041811943054,0.003956675063818693,0.004547301679849625
Crop-trained Global,27,0.0013826709473505616,0.0013826710637658834,0.0016736520919948816,0.001613512053154409,0.0017465046839788556,0.000183502517757006,0.13271597027778625,1.1669530868530273,1.2631382942199707,0.7991352081298828,0.7860729694366455,0.0013720863498747349,0.002264403970912099
Crop-trained Global,28,0.001238852390088141,0.001238852390088141,0.0015644743107259274,0.0014834378380328417,0.0016060281777754426,0.00016102266090456396,0.1299772709608078,1.1974290609359741,1.2963838577270508,0.9153734445571899,0.8996469974517822,0.0028358050622045994,0.004546767566353083
Crop-trained Global,29,0.0010749035282060504,0.0010749036446213722,0.0014094659127295017,0.001345506520010531,0.0014332025311887264,0.00020810672140214592,0.19360502064228058,1.2517462968826294,1.3333313465118408,0.9172115325927734,0.9035342335700989,0.0035517667420208454,0.004849530290812254
Crop-trained Global,30,0.0011003005784004927,0.0011003005784004927,0.001305200275965035,0.001281156437471509,0.001307824975810945,0.0001506178523413837,0.13688790798187256,1.1643694639205933,1.1886069774627686,0.956581711769104,0.9512288570404053,0.0009069262305274606,0.001366670592688024
Crop-trained Global,31,0.0012213189620524645,0.0012213189620524645,0.001433266792446375,0.0013776281848549843,0.001469497918151319,0.00013884097279515117,0.11368117481470108,1.1279839277267456,1.2032057046890259,0.9590511322021484,0.9521799683570862,0.0019884754437953234,0.002492179162800312
Crop-trained Global,32,0.0011701424373313785,0.0011701424373313785,0.0012890181969851255,0.0012560274917632341,0.001331392559222877,6.854057573946193e-05,0.058574557304382324,1.0733970403671265,1.1378037929534912,0.8451516628265381,0.8197253346443176,0.0019840265158563852,0.003470715833827853
Crop-trained Global,33,0.0012337270891293883,0.0012337269727140665,0.0013798095751553774,0.00137312151491642,0.0013838522136211395,0.00010837861918844283,0.08784651011228561,1.112986445426941,1.121684193611145,0.8934105634689331,0.8885207772254944,0.005540031008422375,0.007611803710460663
Crop-trained Global,34,0.0012129723327234387,0.0012129723327234387,0.001377176959067583,0.001345822704024613,0.001409551128745079,0.0001241402787854895,0.10234386473894119,1.1095246076583862,1.162063717842102,0.9193556904792786,0.8436422944068909,0.0020837876945734024,0.002544071525335312
Crop-trained Global,35,0.001804722473025322,0.0018047225894406438,0.002864006208255887,0.002614381955936551,0.0032980386167764664,0.0006010241340845823,0.33302855491638184,1.4486337900161743,1.8274492025375366,0.8505255579948425,0.8453371524810791,0.007449038326740265,0.008219115436077118
Crop-trained Global,36,0.001263045589439571,0.001263045473024249,0.0014150673523545265,0.0014015698106959462,0.0014370608842000365,0.00011136855027871206,0.08817461133003235,1.1096748113632202,1.1377743482589722,0.9408523440361023,0.9332337379455566,0.004604789894074202,0.005727445241063833
Crop-trained Global,37,0.0016183363040909171,0.0016183361876755953,0.0019420532044023275,0.001869810395874083,0.001992572797462344,0.00018937244021799415,0.1170167401432991,1.1553905010223389,1.2312476634979248,0.9184258580207825,0.8950210213661194,0.0005641537718474865,0.0005885072750970721
Crop-trained Global,38,0.0023974315263330936,0.0023974315263330936,0.003046690486371517,0.002960457932204008,0.003072580322623253,0.0004845566872972995,0.20211492478847504,1.2348456382751465,1.2816133499145508,0.8833481073379517,0.8414096832275391,0.001326032797805965,0.002477081259712577
Crop-trained Global,39,0.0014406029367819428,0.0014406029367819428,0.0018060437869280577,0.0016592497704550624,0.0018786649452522397,0.0001642961142351851,0.11404677480459213,1.151774525642395,1.3040823936462402,0.866847038269043,0.8422005772590637,0.008070754818618298,0.008535953238606453
Crop-trained Global,40,0.0013376498827710748,0.0013376499991863966,0.0015634170267730951,0.0015005404129624367,0.0016562711680307984,0.00012720594531856477,0.09509659558534622,1.1217737197875977,1.2381948232650757,0.9660072326660156,0.9636637568473816,0.0013264850713312626,0.0013455819571390748
Crop-trained Global,41,0.0019983777310699224,0.001998377498239279,0.0026110855396836996,0.0024338201619684696,0.0026297494769096375,0.00030939216958358884,0.15482166409492493,1.2178980112075806,1.3159421682357788,0.7470178604125977,0.7378275990486145,0.0017215319676324725,0.0018520703306421638
Crop-trained Global,42,0.00114828918594867,0.0011482893023639917,0.0013632227201014757,0.0013336874544620514,0.0013663498684763908,0.00016428681556135416,0.14307093620300293,1.1614561080932617,1.189900517463684,0.8775231838226318,0.8660075068473816,0.0014353706501424313,0.0019855813588947058
Crop-trained Global,43,0.001467101857997477,0.001467101857997477,0.0017595423851162195,0.0016981898806989193,0.001766112050972879,0.00016387137293349952,0.11169733852148056,1.1575132608413696,1.2038100957870483,0.8021654486656189,0.7926083207130432,0.004047487862408161,0.004291598219424486
Crop-trained Global,44,0.0016052117571234703,0.0016052116407081485,0.0021022155415266752,0.0019673474598675966,0.0021748628932982683,0.0003423078160267323,0.21324776113033295,1.225600004196167,1.3548760414123535,0.8424213528633118,0.8271875977516174,0.0007141996757127345,0.0007821282488293946
Crop-trained Global,45,0.0010734089883044362,0.0010734089883044362,0.0013088895939290524,0.0012674920726567507,0.0013194628991186619,0.00016293641238007694,0.15179340541362762,1.1808099746704102,1.2292265892028809,0.9115427136421204,0.8952460885047913,0.0013136145425960422,0.002105697523802519
Crop-trained Global,46,0.001926775206811726,0.001926775323227048,0.0021728461142629385,0.002108267042785883,0.0022055786103010178,0.00015410073683597147,0.0799785777926445,1.0941946506500244,1.1446994543075562,0.9710167646408081,0.9703137278556824,0.0020908976439386606,0.00221466226503253
Crop-trained Global,47,0.0010856660082936287,0.0010856660082936287,0.0012621830683201551,0.0012396583333611488,0.0012706165434792638,0.00011072445340687409,0.10198758542537689,1.1418412923812866,1.1703567504882812,0.8531840443611145,0.8485972285270691,0.005006198305636644,0.006288982927799225
Crop-trained Global,48,0.0015859609702602029,0.0015859609702602029,0.0019117237534373999,0.0018640572670847178,0.0019153328612446785,0.0002548904740251601,0.16071674227714539,1.1753487586975098,1.2076797485351562,0.9570445418357849,0.9554951786994934,0.002013035351410508,0.0024172626435756683
Crop-trained Global,49,0.0012497100979089737,0.0012497099814936519,0.0015386638697236776,0.0014350904384627938,0.001620605238713324,0.00013444175419863313,0.1075783520936966,1.1483386754989624,1.2967849969863892,0.8908107280731201,0.868861734867096,0.001748403999954462,0.0022963546216487885
Patch16 top25 weight50,0,0.0012755924835801125,0.0012755924835801125,0.0015993437264114618,0.001498748897574842,0.0016498988261446357,0.00017332143033854663,0.13587523996829987,1.1749433279037476,1.2934372425079346,0.871893584728241,0.8670105338096619,0.0018909188220277429,0.0022607489954680204
Patch16 top25 weight50,1,0.000987607054412365,0.0009876069379970431,0.0011437996290624142,0.0011141065042465925,0.0011700198519974947,9.185061935568228e-05,0.09300320595502853,1.128086805343628,1.1847018003463745,0.9373194575309753,0.9260807633399963,0.0009347327868454158,0.0013342886231839657
Patch16 top25 weight50,2,0.0010662529384717345,0.0010662529384717345,0.0012354981154203415,0.0012085313210263848,0.001269607455469668,0.000125985243357718,0.11815699189901352,1.1334377527236938,1.1907188892364502,0.9641032218933105,0.9526593685150146,0.000956149713601917,0.00110917491838336
Patch16 top25 weight50,3,0.0009829982882365584,0.0009829982882365584,0.0010888893157243729,0.001072713523171842,0.0010965598048642278,6.271343590924516e-05,0.06379811465740204,1.0912668704986572,1.1155256032943726,0.9323754906654358,0.9267145991325378,0.0016006978694349527,0.0020111287012696266
Patch16 top25 weight50,4,0.0009490123484283686,0.0009490123484283686,0.0011228214716538787,0.0010887270327657461,0.0011675244895741343,9.593211871106178e-05,0.10108627378940582,1.1472210884094238,1.2302521467208862,0.8869863748550415,0.8704924583435059,0.0019510206766426563,0.002426921157166362
Patch16 top25 weight50,5,0.0011018086224794388,0.0011018087388947606,0.0013467133976519108,0.0012879674322903156,0.001378693268634379,0.00013820055755786598,0.1254306435585022,1.1689574718475342,1.2513000965118408,0.9369807839393616,0.9267928004264832,0.0016931373393163085,0.0018683676607906818
Patch16 top25 weight50,6,0.0012836199020966887,0.0012836200185120106,0.0018814692739397287,0.0016323907766491175,0.0020842868834733963,0.0002883259439840913,0.22461940348148346,1.2717088460922241,1.623757004737854,0.9302672743797302,0.9203770756721497,0.0012246418045833707,0.001828618231229484
Patch16 top25 weight50,7,0.0011556359240785241,0.0011556359240785241,0.0018180912593379617,0.0015553080011159182,0.0022756902035325766,0.00032416515750810504,0.28050804138183594,1.3458460569381714,1.9692103862762451,0.8871001601219177,0.8812904953956604,0.000874074234161526,0.001141756889410317
Patch16 top25 weight50,8,0.0009899551514536142,0.0009899551514536142,0.001191355986520648,0.001165594207122922,0.0012137842131778598,0.00011682931653922424,0.11801476031541824,1.17742121219635,1.226100206375122,0.9581761360168457,0.9516899585723877,0.0019865662325173616,0.0022795097902417183
Patch16 top25 weight50,9,0.001334648230113089,0.0013346484629437327,0.0017676812130957842,0.0016736073885113,0.0018176715821027756,0.00024174299323931336,0.1811286211013794,1.2539689540863037,1.3619105815887451,0.9487354159355164,0.9446741938591003,0.0008777028415352106,0.0010464426595717669
Patch16 top25 weight50,10,0.0009701277012936771,0.000970127759501338,0.0011342588113620877,0.0011255086865276098,0.0011403480311855674,0.00010983574611600488,0.11321782320737839,1.160165548324585,1.175461769104004,0.915315568447113,0.8974632620811462,0.001263704732991755,0.0014761160127818584
Patch16 top25 weight50,11,0.0010245890589430928,0.0010245891753584146,0.0011778534390032291,0.0011636619456112385,0.0012002418516203761,0.00012141487968619913,0.11850105226039886,1.135735273361206,1.1714372634887695,0.8863031268119812,0.8575834631919861,0.0015281452797353268,0.002472291234880686
Patch16 top25 weight50,12,0.0009477557614445686,0.0009477556450292468,0.0011808297131210566,0.0011441422393545508,0.0011921991826966405,0.0001260903663933277,0.13304099440574646,1.2072120904922485,1.257918119430542,0.8830283880233765,0.8397234082221985,0.008574537932872772,0.018740203231573105
Patch16 top25 weight50,13,0.0012465788749977946,0.0012465788749977946,0.0015675851609557867,0.0015321277314797044,0.0015750102465972304,0.00021591997938230634,0.1732100397348404,1.229066014289856,1.2634661197662354,0.9561643600463867,0.9515679478645325,0.0028879803139716387,0.004894792102277279
Patch16 top25 weight50,14,0.0009734366904012859,0.000973436632193625,0.0011431993916630745,0.0010963042732328176,0.001168426126241684,9.402501018485054e-05,0.09659077972173691,1.126220464706421,1.2003103494644165,0.8511627316474915,0.8103005886077881,0.003035901580005884,0.004292582627385855
Patch16 top25 weight50,15,0.0011933328351005912,0.0011933328351005912,0.0014821637887507677,0.001452620723284781,0.0014980053529143333,0.00018677028128877282,0.15651147067546844,1.217280387878418,1.2553123235702515,0.9462074041366577,0.9405831694602966,0.0009437904227524996,0.0014060970861464739
Patch16 top25 weight50,16,0.0009995539439842105,0.0009995539439842105,0.001216529286466539,0.001174117554910481,0.0012216981267556548,0.00013071579451207072,0.13077412545681,1.174641489982605,1.222243309020996,0.9075523614883423,0.890632688999176,0.0014085075818002224,0.0016624658601358533
Patch16 top25 weight50,17,0.0010247306199744344,0.0010247307363897562,0.0011924328282475471,0.0011705576907843351,0.001204383559525013,0.00013153043983038515,0.12835611402988434,1.1423077583312988,1.1753172874450684,0.7986689209938049,0.7873333096504211,0.001443991088308394,0.0015573027776554227
Patch16 top25 weight50,18,0.001197397941723466,0.001197397941723466,0.001445762813091278,0.0014001985546201468,0.001451766467653215,0.00015425785386469215,0.1288275569677353,1.169367790222168,1.2124344110488892,0.9582189321517944,0.9490212798118591,0.0010242564603686333,0.0012800733093172312
Patch16 top25 weight50,19,0.001747508067637682,0.001747508067637682,0.0023850658908486366,0.002164592267945409,0.0027816847432404757,0.00035181507701054215,0.20132386684417725,1.2386736869812012,1.5918008089065552,0.954687774181366,0.94700688123703,0.0009610073757357895,0.0012588896788656712
Patch16 top25 weight50,20,0.0009157786262221634,0.0009157787426374853,0.0010445801308378577,0.0010167933069169521,0.001064170035533607,7.682957220822573e-05,0.08389535546302795,1.1103047132492065,1.1620385646820068,0.9335154294967651,0.9170050621032715,0.0008138387929648161,0.0009484505280852318
Patch16 top25 weight50,21,0.0019829890225082636,0.001982989488169551,0.002819343935698271,0.0026798692997545004,0.0030278025660663843,0.0005359399365261197,0.2702687382698059,1.3514292240142822,1.5268882513046265,0.8946831226348877,0.8246461749076843,0.0020687589421868324,0.0024047070182859898
Patch16 top25 weight50,22,0.001164839486591518,0.001164839370176196,0.0015574595890939236,0.0015240301145240664,0.0015894375974312425,0.00023290638637263328,0.19994719326496124,1.3083605766296387,1.3645120859146118,0.90947026014328,0.9018762111663818,0.001825633691623807,0.0021797080989927053
Patch16 top25 weight50,23,0.0011208492796868086,0.0011208492796868086,0.0012701150262728333,0.0012477838899940252,0.0012833040673285723,9.9000426416751e-05,0.08832626044750214,1.113248586654663,1.1449390649795532,0.8690848350524902,0.8532316088676453,0.0010047749383375049,0.0011162718292325735
Patch16 top25 weight50,24,0.0010551366722211242,0.0010551366722211242,0.0012530555250123143,0.0012187359388917685,0.0012948052026331425,0.00012390856863930821,0.11743366718292236,1.155050277709961,1.227144479751587,0.8944063782691956,0.8872954845428467,0.0012442676816135645,0.001893531996756792
Patch16 top25 weight50,25,0.0011328627588227391,0.001132862875238061,0.0016622082330286503,0.001537318923510611,0.001665847492404282,0.00026496860664337873,0.23389294743537903,1.3570213317871094,1.4704760313034058,0.8766353726387024,0.8649015426635742,0.005551328882575035,0.008710529655218124
Patch16 top25 weight50,26,0.0011475024512037635,0.0011475025676190853,0.0014732362469658256,0.0014303108910098672,0.001495435950346291,0.0002085151500068605,0.18171216547489166,1.2464556694030762,1.3032094240188599,0.9032727479934692,0.8884993195533752,0.0017593769589439034,0.002100585028529167
Patch16 top25 weight50,27,0.0011376837501302361,0.0011376837501302361,0.0013582635438069701,0.0013203214621171355,0.0013619220117107034,0.0001387104275636375,0.1219235360622406,1.1605347394943237,1.1971006393432617,0.8231400847434998,0.8061550259590149,0.0012694991892203689,0.0017975972732529044
Patch16 top25 weight50,28,0.001039139344356954,0.0010391392279416323,0.001238177646882832,0.0011980552226305008,0.0012665599351748824,0.00010714571544667706,0.10311005264520645,1.1529302597045898,1.2188547849655151,0.9237856268882751,0.9124358296394348,0.0013131414307281375,0.0014982677530497313
Patch16 top25 weight50,29,0.0009061316959559917,0.0009061316377483308,0.001146119087934494,0.0011127492180094123,0.001159459468908608,0.00014300851034931839,0.1578231006860733,1.228021502494812,1.2795705795288086,0.9178224205970764,0.9072772860527039,0.0028085026424378157,0.0034898710437119007
Patch16 top25 weight50,30,0.000910674687474966,0.0009106746292673051,0.001046427059918642,0.0010230172192677855,0.0010537065099924803,8.954070653999224e-05,0.09832347929477692,1.1233618259429932,1.1570613384246826,0.958000898361206,0.9531488418579102,0.0016189493471756577,0.0023814658634364605
Patch16 top25 weight50,31,0.0010167766595259309,0.0010167766595259309,0.0012115564895793796,0.0011856656055897474,0.0012253079330548644,0.00011867125431308523,0.11671319603919983,1.1661022901535034,1.2050905227661133,0.9630674123764038,0.9568855166435242,0.0012569442624226213,0.001603905577212572
Patch16 top25 weight50,32,0.0009629261330701411,0.0009629261330701411,0.0010675585363060236,0.0010414343560114503,0.0011092012282460928,6.875771941849962e-05,0.07140497863292694,1.0815309286117554,1.1519068479537964,0.8775141835212708,0.8546295166015625,0.0019213537452742457,0.0021264078095555305
Patch16 top25 weight50,33,0.000944857660215348,0.0009448576020076871,0.001109084114432335,0.001090171397663653,0.0011141475988551974,0.00010615203063935041,0.11234711110591888,1.153794288635254,1.179169774055481,0.9043030142784119,0.8986568450927734,0.0012133261188864708,0.0022926502861082554
Patch16 top25 weight50,34,0.0009843994630500674,0.0009843994630500674,0.0011294587748125196,0.0010990723967552185,0.0011881188256666064,8.84109758771956e-05,0.08981209248304367,1.1164902448654175,1.2069478034973145,0.9523094892501831,0.9301738739013672,0.0013178857043385506,0.0016492167487740517
Patch16 top25 weight50,35,0.0014323183568194509,0.0014323183568194509,0.0022339143324643373,0.0020702150650322437,0.0025416435673832893,0.00045968947233632207,0.32094085216522217,1.4453595876693726,1.77449631690979,0.8645585179328918,0.861823558807373,0.00398314418271184,0.004412023816257715
Patch16 top25 weight50,36,0.0009958253940567374,0.0009958252776414156,0.0011135094100609422,0.001103835878893733,0.00111913972068578,8.419509686063975e-05,0.08454804867506027,1.1084632873535156,1.1238312721252441,0.9455002546310425,0.9382583498954773,0.0015040007419884205,0.002306703943759203
Patch16 top25 weight50,37,0.0013040638295933604,0.0013040637131780386,0.0016330156940966845,0.0015611250419169664,0.0016725301975384355,0.00017917166405823082,0.13739486038684845,1.1971231698989868,1.2825523614883423,0.927811861038208,0.9123608469963074,0.0004277328262105584,0.00045903498539701104
Patch16 top25 weight50,38,0.002640313236042857,0.0026403130032122135,0.004421072546392679,0.004151071887463331,0.004639290738850832,0.001069998717866838,0.40525445342063904,1.572189211845398,1.75709867477417,0.8767332434654236,0.8485161662101746,0.002558520995080471,0.0029160380363464355
Patch16 top25 weight50,39,0.0010744801256805658,0.0010744801256805658,0.0014071086188778281,0.0013233685167506337,0.0014759114710614085,0.00016061584756243974,0.1494823843240738,1.2316360473632812,1.3736051321029663,0.8836893439292908,0.8605723977088928,0.0025926365051418543,0.0031647407449781895
Patch16 top25 weight50,40,0.0011312788119539618,0.0011312789283692837,0.001342744566500187,0.0012914154212921858,0.0014149686321616173,0.00011199867003597319,0.09900182485580444,1.1415536403656006,1.2507691383361816,0.971573531627655,0.9689757823944092,0.0008086762391030788,0.0009644222445785999
Patch16 top25 weight50,41,0.001693116151727736,0.0016931162681430578,0.0022051320411264896,0.0020458889193832874,0.0022159793879836798,0.0002576960832811892,0.15220224857330322,1.2083570957183838,1.3088171482086182,0.7686823606491089,0.7626535296440125,0.0009456026600673795,0.0010297526605427265
Patch16 top25 weight50,42,0.0009561083279550076,0.0009561083279550076,0.0010972903110086918,0.001084691844880581,0.001107502612285316,0.0001044112941599451,0.10920446366071701,1.1344863176345825,1.1583442687988281,0.8639037013053894,0.8276180624961853,0.0035750442184507847,0.006095175631344318
Patch16 top25 weight50,43,0.001273926580324769,0.0012739266967400908,0.0014762801583856344,0.001450990210287273,0.0015046648913994431,0.00012568103556986898,0.09865642338991165,1.1389904022216797,1.1811237335205078,0.848433256149292,0.8362617492675781,0.0028997319750487804,0.0032769974786788225
Patch16 top25 weight50,44,0.001255773939192295,0.001255773939192295,0.0014631205704063177,0.0014459264930337667,0.001481359824538231,0.0002224245690740645,0.17712150514125824,1.1514226198196411,1.1796389818191528,0.8769705295562744,0.8650879263877869,0.0005571581423282623,0.0007615417707711458
Patch16 top25 weight50,45,0.0009530831011943519,0.0009530831594020128,0.0011057116789743304,0.0010836521396413445,0.0011237981962040067,9.930663509294391e-05,0.10419514775276184,1.1369965076446533,1.1791187524795532,0.9166094064712524,0.9097830653190613,0.003410103963688016,0.0038968578446656466
Patch16 top25 weight50,46,0.0014629910001531243,0.0014629908837378025,0.0016838107258081436,0.0016331215156242251,0.0017140270210802555,0.00013668028987012804,0.09342524409294128,1.116289496421814,1.1715909242630005,0.9785766005516052,0.9775967001914978,0.0009769026655703783,0.0010278926929458976
Patch16 top25 weight50,47,0.0009532629628665745,0.0009532629628665745,0.0011289833346381783,0.0010930239222943783,0.0011595017276704311,9.531102841719985e-05,0.09998398274183273,1.1466132402420044,1.2163503170013428,0.8686870336532593,0.8670139908790588,0.007406291551887989,0.011214652098715305
Patch16 top25 weight50,48,0.001346683013252914,0.001346683013252914,0.0015899129211902618,0.0015523264883086085,0.001610808540135622,0.00019443334895186126,0.14437945187091827,1.1527036428451538,1.196130394935608,0.9606719613075256,0.9579265713691711,0.0014255748828873038,0.0015717409551143646
Patch16 top25 weight50,49,0.001056850072927773,0.001056850072927773,0.0011743077775463462,0.0011420693481341004,0.0012057065032422543,6.581900379387662e-05,0.062278468161821365,1.0806351900100708,1.1408491134643555,0.9134469628334045,0.901478111743927,0.0010978404898196459,0.001189394504763186
